name,in_sdl,funclike,header,usable,selected,stage,cause,also_contains,depends_on,unexpected,body,root_cause
SDL_ACQUIRE,yes,yes,SDL_mutex.h,no,no,resolve,attribute-argument-name,,acquire_capability,,SDL_THREAD_ANNOTATION_ATTRIBUTE__(acquire_capability(x)),attribute-argument-name
SDL_ACQUIRED_AFTER,yes,yes,SDL_mutex.h,no,no,resolve,attribute-argument-name,,acquired_after,,SDL_THREAD_ANNOTATION_ATTRIBUTE__(acquired_after(x)),attribute-argument-name
SDL_ACQUIRED_BEFORE,yes,yes,SDL_mutex.h,no,no,resolve,attribute-argument-name,,acquired_before,,SDL_THREAD_ANNOTATION_ATTRIBUTE__(acquired_before(x)),attribute-argument-name
SDL_ACQUIRE_SHARED,yes,yes,SDL_mutex.h,no,no,resolve,attribute-argument-name,,acquire_shared_capability,,SDL_THREAD_ANNOTATION_ATTRIBUTE__(acquire_shared_capability(x)),attribute-argument-name
SDL_ALIGNED,yes,yes,SDL_begin_code.h,no,no,parse,attribute,,,__attribute__,__attribute__((aligned(x))),attribute
SDL_ALLOC_SIZE,yes,yes,SDL_begin_code.h,no,no,parse,attribute,,,__attribute__,__attribute__((alloc_size(p))),attribute
SDL_ALLOC_SIZE2,yes,yes,SDL_begin_code.h,no,no,parse,attribute,,,__attribute__,"__attribute__((alloc_size(p1, p2)))",attribute
SDL_ASSERT_CAPABILITY,yes,yes,SDL_mutex.h,no,no,resolve,attribute-argument-name,,assert_capability,,SDL_THREAD_ANNOTATION_ATTRIBUTE__(assert_capability(x)),attribute-argument-name
SDL_ASSERT_SHARED_CAPABILITY,yes,yes,SDL_mutex.h,no,no,resolve,attribute-argument-name,,assert_shared_capability,,SDL_THREAD_ANNOTATION_ATTRIBUTE__(assert_shared_capability(x)),attribute-argument-name
SDL_AUDIO_BITSIZE,yes,yes,SDL_audio.h,yes,yes,bound,-,,,,((x) & SDL_AUDIO_MASK_BITSIZE),-
SDL_AUDIO_BYTESIZE,yes,yes,SDL_audio.h,yes,yes,bound,-,,,,(SDL_AUDIO_BITSIZE(x) / 8),-
SDL_AUDIO_FRAMESIZE,yes,yes,SDL_audio.h,no,no,parse,member-access-dot,,,(,(SDL_AUDIO_BYTESIZE((x).format) * (x).channels),member-access-dot
SDL_AUDIO_ISBIGENDIAN,yes,yes,SDL_audio.h,yes,yes,bound,-,,,,((x) & SDL_AUDIO_MASK_BIG_ENDIAN),-
SDL_AUDIO_ISFLOAT,yes,yes,SDL_audio.h,yes,yes,bound,-,,,,((x) & SDL_AUDIO_MASK_FLOAT),-
SDL_AUDIO_ISINT,yes,yes,SDL_audio.h,yes,yes,bound,-,,,,(!SDL_AUDIO_ISFLOAT(x)),-
SDL_AUDIO_ISLITTLEENDIAN,yes,yes,SDL_audio.h,yes,yes,bound,-,,,,(!SDL_AUDIO_ISBIGENDIAN(x)),-
SDL_AUDIO_ISSIGNED,yes,yes,SDL_audio.h,yes,yes,bound,-,,,,((x) & SDL_AUDIO_MASK_SIGNED),-
SDL_AUDIO_ISUNSIGNED,yes,yes,SDL_audio.h,yes,yes,bound,-,,,,(!SDL_AUDIO_ISSIGNED(x)),-
SDL_AssertBreakpoint,yes,yes,SDL_assert.h,no,no,typecheck,cascade,,SDL_TriggerBreakpoint,,SDL_TriggerBreakpoint(),clang-builtin
SDL_AtomicDecRef,yes,yes,SDL_atomic.h,no,no,typecheck,typecheck-other,,,,"(SDL_AddAtomicInt(a, -1) == 1)",typecheck-other
SDL_AtomicIncRef,yes,yes,SDL_atomic.h,no,no,typecheck,calls-c-function,,SDL_AddAtomicInt,,"SDL_AddAtomicInt(a, 1)",calls-c-function
SDL_BITSPERPIXEL,yes,yes,SDL_pixels.h,no,no,parse,conditional-?:,,,(,(SDL_ISPIXELFORMAT_FOURCC(format) ? 0 : (((format) >> 8) & 0xFF)),conditional-?:
SDL_BUTTON_MASK,yes,yes,SDL_mouse.h,yes,yes,bound,-,,,,(1u << ((X)-1)),-
SDL_BYTESPERPIXEL,yes,yes,SDL_pixels.h,no,no,parse,conditional-?:,,,(,(SDL_ISPIXELFORMAT_FOURCC(format) ? ((((format) == SDL_PIXELFORMAT_YUY2) || ((format) == SDL_PIXELFORMAT_UYVY) || ((format) == SDL_PIXELFORMAT_YVYU) || ((format) == SDL_PIXELFORMAT_P010) || ((format) == SDL_PIXELFORMAT_P416)) ? 2 : 1) : (((format) >> 0) & 0xFF)),conditional-?:
SDL_CAPABILITY,yes,yes,SDL_mutex.h,no,no,resolve,attribute-argument-name,,capability,,SDL_THREAD_ANNOTATION_ATTRIBUTE__(capability(x)),attribute-argument-name
SDL_COLORSPACECHROMA,yes,yes,SDL_pixels.h,no,no,parse,cast,,,(,(SDL_ChromaLocation)(((cspace) >> 20) & 0x0F),cast
SDL_COLORSPACEMATRIX,yes,yes,SDL_pixels.h,no,no,parse,cast,,,(,(SDL_MatrixCoefficients)((cspace) & 0x1F),cast
SDL_COLORSPACEPRIMARIES,yes,yes,SDL_pixels.h,no,no,parse,cast,,,(,(SDL_ColorPrimaries)(((cspace) >> 10) & 0x1F),cast
SDL_COLORSPACERANGE,yes,yes,SDL_pixels.h,no,no,parse,cast,,,(,(SDL_ColorRange)(((cspace) >> 24) & 0x0F),cast
SDL_COLORSPACETRANSFER,yes,yes,SDL_pixels.h,no,no,parse,cast,,,(,(SDL_TransferCharacteristics)(((cspace) >> 5) & 0x1F),cast
SDL_COLORSPACETYPE,yes,yes,SDL_pixels.h,no,no,parse,cast,,,(,(SDL_ColorType)(((cspace) >> 28) & 0x0F),cast
SDL_COMPILE_TIME_ASSERT,yes,yes,SDL_stdinc.h,no,no,parse,_Static_assert,stringification,,_Static_assert,"_Static_assert(x, #x)",_Static_assert
SDL_CPUPauseInstruction,yes,yes,SDL_atomic.h,no,no,parse,inline-asm,,,),"__asm__ __volatile__(""pause\n"")",inline-asm
SDL_CompilerBarrier,yes,yes,SDL_atomic.h,no,no,resolve,clang-builtin,,__atomic_signal_fence,,__atomic_signal_fence(__ATOMIC_SEQ_CST),clang-builtin
SDL_CreateThread,yes,yes,SDL_thread.h,no,no,parse,cast,,,SDL_CreateThreadRuntime,"SDL_CreateThreadRuntime((fn), (name), (data), (SDL_FunctionPointer) (SDL_BeginThreadFunction), (SDL_FunctionPointer) (SDL_EndThreadFunction))",cast
SDL_CreateThreadWithProperties,yes,yes,SDL_thread.h,no,no,parse,cast,,,SDL_CreateThreadWithPropertiesRuntime,"SDL_CreateThreadWithPropertiesRuntime((props), (SDL_FunctionPointer) (SDL_BeginThreadFunction), (SDL_FunctionPointer) (SDL_EndThreadFunction))",cast
SDL_DEFINE_AUDIO_FORMAT,yes,yes,SDL_audio.h,no,no,parse,keyword-as-parameter-name,,,signed,(((Uint16)(signed) << 15) | ((Uint16)(bigendian) << 12) | ((Uint16)(flt) << 8) | ((size) & SDL_AUDIO_MASK_BITSIZE)),keyword-as-parameter-name
SDL_DEFINE_COLORSPACE,yes,yes,SDL_pixels.h,no,no,parse,cast,,,(,(((Uint32)(type) << 28) | ((Uint32)(range) << 24) | ((Uint32)(chroma) << 20) | ((Uint32)(primaries) << 10) | ((Uint32)(transfer) << 5) | ((Uint32)(matrix) << 0)),cast
SDL_DEFINE_PIXELFORMAT,yes,yes,SDL_pixels.h,yes,yes,bound,-,,,,((1 << 28) | ((type) << 24) | ((order) << 20) | ((layout) << 16) | ((bits) << 8) | ((bytes) << 0)),-
SDL_DEFINE_PIXELFOURCC,yes,yes,SDL_pixels.h,no,no,typecheck,cascade,,SDL_FOURCC,,"SDL_FOURCC(A, B, C, D)",cast-to-parameter-type
SDL_DLNOTE_JOIN,yes,yes,SDL_dlopennote.h,no,no,typecheck,cascade,,SDL_DLNOTE_JOIN2,,"SDL_DLNOTE_JOIN2(A,B)",token-paste
SDL_DLNOTE_JOIN2,yes,yes,SDL_dlopennote.h,no,no,parse,token-paste,,,##,A##B,token-paste
SDL_DLNOTE_JSON_ARRAY,yes,yes,SDL_dlopennote.h,no,no,parse,variadic-parameter-list,,,...,"SDL_DLNOTE_JSON_ARRAY_GET( __VA_ARGS__, SDL_DLNOTE_JSON_ARRAY8, SDL_DLNOTE_JSON_ARRAY7, SDL_DLNOTE_JSON_ARRAY6, SDL_DLNOTE_JSON_ARRAY5, SDL_DLNOTE_JSON_ARRAY4, SDL_DLNOTE_JSON_ARRAY3, SDL_DLNOTE_JSON_ARRAY2, SDL_DLNOTE_JSON_ARRAY1 )(__VA_ARGS__)",variadic-parameter-list
SDL_DLNOTE_JSON_ARRAY1,yes,yes,SDL_dlopennote.h,no,no,parse,string-concatenation,,,N1,"""[\"""" N1 ""\""]""",string-concatenation
SDL_DLNOTE_JSON_ARRAY2,yes,yes,SDL_dlopennote.h,no,no,parse,string-concatenation,,,N1,"""[\"""" N1 ""\"",\"""" N2 ""\""]""",string-concatenation
SDL_DLNOTE_JSON_ARRAY3,yes,yes,SDL_dlopennote.h,no,no,parse,string-concatenation,,,N1,"""[\"""" N1 ""\"",\"""" N2 ""\"",\"""" N3 ""\""]""",string-concatenation
SDL_DLNOTE_JSON_ARRAY4,yes,yes,SDL_dlopennote.h,no,no,parse,string-concatenation,,,N1,"""[\"""" N1 ""\"",\"""" N2 ""\"",\"""" N3 ""\"",\"""" N4 ""\""]""",string-concatenation
SDL_DLNOTE_JSON_ARRAY5,yes,yes,SDL_dlopennote.h,no,no,parse,string-concatenation,,,N1,"""[\"""" N1 ""\"",\"""" N2 ""\"",\"""" N3 ""\"",\"""" N4 ""\"",\"""" N5 ""\""]""",string-concatenation
SDL_DLNOTE_JSON_ARRAY6,yes,yes,SDL_dlopennote.h,no,no,parse,string-concatenation,,,N1,"""[\"""" N1 ""\"",\"""" N2 ""\"",\"""" N3 ""\"",\"""" N4 ""\"",\"""" N5 ""\"",\"""" N6 ""\""]""",string-concatenation
SDL_DLNOTE_JSON_ARRAY7,yes,yes,SDL_dlopennote.h,no,no,parse,string-concatenation,,,N1,"""[\"""" N1 ""\"",\"""" N2 ""\"",\"""" N3 ""\"",\"""" N4 ""\"",\"""" N5 ""\"",\"""" N6 ""\"",\"""" N7 ""\""]""",string-concatenation
SDL_DLNOTE_JSON_ARRAY8,yes,yes,SDL_dlopennote.h,no,no,parse,string-concatenation,,,N1,"""[\"""" N1 ""\"",\"""" N2 ""\"",\"""" N3 ""\"",\"""" N4 ""\"",\"""" N5 ""\"",\"""" N6 ""\"",\"""" N7 ""\"",\"""" N8 ""\""]""",string-concatenation
SDL_DLNOTE_JSON_ARRAY_GET,yes,yes,SDL_dlopennote.h,no,no,parse,variadic-parameter-list,,,",",NAME,variadic-parameter-list
SDL_ELF_NOTE_DLOPEN,yes,yes,SDL_dlopennote.h,no,no,parse,variadic-parameter-list,,,",","SDL_ELF_NOTE_INTERNAL( ""[{\""feature\"":\"""" feature ""\"",\""description\"":\"""" description ""\"",\""priority\"":\"""" priority ""\"",\""soname\"":"" SDL_DLNOTE_JSON_ARRAY(__VA_ARGS__) ""}]"", SDL_DLNOTE_UNIQUE_NAME);",variadic-parameter-list
SDL_ELF_NOTE_INTERNAL,yes,yes,SDL_dlopennote.h,no,no,typecheck,cascade,,SDL_ELF_NOTE_INTERNAL2,,"SDL_ELF_NOTE_INTERNAL2(json, variable_name)",attribute
SDL_ELF_NOTE_INTERNAL2,yes,yes,SDL_dlopennote.h,no,no,parse,attribute,array-subscript;assignment;sizeof,,__attribute__,"__attribute__((aligned(4), used, section("".note.dlopen""))) static const struct { struct { Uint32 n_namesz; Uint32 n_descsz; Uint32 n_type; } nhdr; char name[4]; __attribute__((aligned(4))) char dlopen_json[sizeof(json)]; } variable_name = { { sizeof(SDL_ELF_NOTE_DLOPEN_VENDOR), sizeof(json), SDL_ELF_NOTE_DLOPEN_TYPE }, SDL_ELF_NOTE_DLOPEN_VENDOR, json }",attribute
SDL_EXCLUDES,yes,yes,SDL_mutex.h,no,no,resolve,attribute-argument-name,,locks_excluded,,SDL_THREAD_ANNOTATION_ATTRIBUTE__(locks_excluded(x)),attribute-argument-name
SDL_FOURCC,yes,yes,SDL_stdinc.h,no,no,typecheck,cascade,,SDL_static_cast,,"((SDL_static_cast(Uint32, SDL_static_cast(Uint8, (A))) << 0) | (SDL_static_cast(Uint32, SDL_static_cast(Uint8, (B))) << 8) | (SDL_static_cast(Uint32, SDL_static_cast(Uint8, (C))) << 16) | (SDL_static_cast(Uint32, SDL_static_cast(Uint8, (D))) << 24))",cast-to-parameter-type
SDL_GUARDED_BY,yes,yes,SDL_mutex.h,no,no,resolve,attribute-argument-name,,guarded_by,,SDL_THREAD_ANNOTATION_ATTRIBUTE__(guarded_by(x)),attribute-argument-name
SDL_HAS_BUILTIN,yes,yes,SDL_begin_code.h,no,no,resolve,clang-builtin,,__has_builtin,,__has_builtin(x),clang-builtin
SDL_HAS_EXTENSION,yes,yes,SDL_begin_code.h,no,no,resolve,clang-builtin,,__has_extension,,__has_extension(x),clang-builtin
SDL_INIT_INTERFACE,yes,yes,SDL_stdinc.h,no,no,parse,do-while,assignment;dereference;member-access-arrow;sizeof,,do,do { SDL_zerop(iface); (iface)->version = sizeof(*(iface)); } while (0),do-while
SDL_INOUT_Z_CAP,yes,yes,SDL_stdinc.h,no,no,resolve,empty-body,,x,,,empty-body
SDL_IN_BYTECAP,yes,yes,SDL_stdinc.h,no,no,resolve,empty-body,,x,,,empty-body
SDL_ISCOLORSPACE_FULL_RANGE,yes,yes,SDL_pixels.h,no,no,resolve,enum-constant,,SDL_COLOR_RANGE_FULL,,(SDL_COLORSPACERANGE(cspace) == SDL_COLOR_RANGE_FULL),enum-constant
SDL_ISCOLORSPACE_LIMITED_RANGE,yes,yes,SDL_pixels.h,no,no,resolve,enum-constant,,SDL_COLOR_RANGE_FULL,,(SDL_COLORSPACERANGE(cspace) != SDL_COLOR_RANGE_FULL),enum-constant
SDL_ISCOLORSPACE_MATRIX_BT2020_NCL,yes,yes,SDL_pixels.h,no,no,resolve,enum-constant,,SDL_MATRIX_COEFFICIENTS_BT2020_NCL,,(SDL_COLORSPACEMATRIX(cspace) == SDL_MATRIX_COEFFICIENTS_BT2020_NCL),enum-constant
SDL_ISCOLORSPACE_MATRIX_BT601,yes,yes,SDL_pixels.h,no,no,resolve,enum-constant,,SDL_MATRIX_COEFFICIENTS_BT601,,(SDL_COLORSPACEMATRIX(cspace) == SDL_MATRIX_COEFFICIENTS_BT601 || SDL_COLORSPACEMATRIX(cspace) == SDL_MATRIX_COEFFICIENTS_BT470BG),enum-constant
SDL_ISCOLORSPACE_MATRIX_BT709,yes,yes,SDL_pixels.h,no,no,resolve,enum-constant,,SDL_MATRIX_COEFFICIENTS_BT709,,(SDL_COLORSPACEMATRIX(cspace) == SDL_MATRIX_COEFFICIENTS_BT709),enum-constant
SDL_ISPIXELFORMAT_10BIT,yes,yes,SDL_pixels.h,no,no,resolve,enum-constant,,SDL_PIXELTYPE_PACKED32,,(!SDL_ISPIXELFORMAT_FOURCC(format) && ((SDL_PIXELTYPE(format) == SDL_PIXELTYPE_PACKED32) && (SDL_PIXELLAYOUT(format) == SDL_PACKEDLAYOUT_2101010))),enum-constant
SDL_ISPIXELFORMAT_ALPHA,yes,yes,SDL_pixels.h,no,no,resolve,enum-constant,,SDL_PACKEDORDER_ARGB,,((SDL_ISPIXELFORMAT_PACKED(format) && ((SDL_PIXELORDER(format) == SDL_PACKEDORDER_ARGB) || (SDL_PIXELORDER(format) == SDL_PACKEDORDER_RGBA) || (SDL_PIXELORDER(format) == SDL_PACKEDORDER_ABGR) || (SDL_PIXELORDER(format) == SDL_PACKEDORDER_BGRA))) || (SDL_ISPIXELFORMAT_ARRAY(format) && ((SDL_PIXELORDER(format) == SDL_ARRAYORDER_ARGB) || (SDL_PIXELORDER(format) == SDL_ARRAYORDER_RGBA) || (SDL_PIXELORDER(format) == SDL_ARRAYORDER_ABGR) || (SDL_PIXELORDER(format) == SDL_ARRAYORDER_BGRA)))),enum-constant
SDL_ISPIXELFORMAT_ARRAY,yes,yes,SDL_pixels.h,no,no,resolve,enum-constant,,SDL_PIXELTYPE_ARRAYU8,,(!SDL_ISPIXELFORMAT_FOURCC(format) && ((SDL_PIXELTYPE(format) == SDL_PIXELTYPE_ARRAYU8) || (SDL_PIXELTYPE(format) == SDL_PIXELTYPE_ARRAYU16) || (SDL_PIXELTYPE(format) == SDL_PIXELTYPE_ARRAYU32) || (SDL_PIXELTYPE(format) == SDL_PIXELTYPE_ARRAYF16) || (SDL_PIXELTYPE(format) == SDL_PIXELTYPE_ARRAYF32))),enum-constant
SDL_ISPIXELFORMAT_FLOAT,yes,yes,SDL_pixels.h,no,no,resolve,enum-constant,,SDL_PIXELTYPE_ARRAYF16,,(!SDL_ISPIXELFORMAT_FOURCC(format) && ((SDL_PIXELTYPE(format) == SDL_PIXELTYPE_ARRAYF16) || (SDL_PIXELTYPE(format) == SDL_PIXELTYPE_ARRAYF32))),enum-constant
SDL_ISPIXELFORMAT_FOURCC,yes,yes,SDL_pixels.h,no,no,parse,comment-token,,,/* The flag is set to 1 because 0x1? is not in the printable ASCII range */,((format) && (SDL_PIXELFLAG(format) != 1)),comment-token
SDL_ISPIXELFORMAT_INDEXED,yes,yes,SDL_pixels.h,no,no,resolve,enum-constant,,SDL_PIXELTYPE_INDEX1,,(!SDL_ISPIXELFORMAT_FOURCC(format) && ((SDL_PIXELTYPE(format) == SDL_PIXELTYPE_INDEX1) || (SDL_PIXELTYPE(format) == SDL_PIXELTYPE_INDEX2) || (SDL_PIXELTYPE(format) == SDL_PIXELTYPE_INDEX4) || (SDL_PIXELTYPE(format) == SDL_PIXELTYPE_INDEX8))),enum-constant
SDL_ISPIXELFORMAT_PACKED,yes,yes,SDL_pixels.h,no,no,resolve,enum-constant,,SDL_PIXELTYPE_PACKED8,,(!SDL_ISPIXELFORMAT_FOURCC(format) && ((SDL_PIXELTYPE(format) == SDL_PIXELTYPE_PACKED8) || (SDL_PIXELTYPE(format) == SDL_PIXELTYPE_PACKED16) || (SDL_PIXELTYPE(format) == SDL_PIXELTYPE_PACKED32))),enum-constant
SDL_InvalidParamError,yes,yes,SDL_error.h,no,no,typecheck,calls-c-function,,SDL_SetError,,"SDL_SetError(""Parameter '%s' is invalid"", (param))",calls-c-function
SDL_MS_TO_NS,yes,yes,SDL_timer.h,no,no,parse,cast,,,(,(((Uint64)(MS)) * SDL_NS_PER_MS),cast
SDL_MUSTLOCK,yes,yes,SDL_surface.h,no,no,parse,member-access-arrow,,,(,(((S)->flags & SDL_SURFACE_LOCK_NEEDED) == SDL_SURFACE_LOCK_NEEDED),member-access-arrow
SDL_MemoryBarrierAcquire,yes,yes,SDL_atomic.h,no,no,resolve,clang-builtin,,__atomic_thread_fence,,__atomic_thread_fence(__ATOMIC_ACQUIRE),clang-builtin
SDL_MemoryBarrierRelease,yes,yes,SDL_atomic.h,no,no,resolve,clang-builtin,,__atomic_thread_fence,,__atomic_thread_fence(__ATOMIC_RELEASE),clang-builtin
SDL_NS_TO_MS,yes,yes,SDL_timer.h,yes,yes,bound,-,,,,((NS) / SDL_NS_PER_MS),-
SDL_NS_TO_SECONDS,yes,yes,SDL_timer.h,yes,yes,bound,-,,,,((NS) / SDL_NS_PER_SECOND),-
SDL_NS_TO_US,yes,yes,SDL_timer.h,yes,yes,bound,-,,,,((NS) / SDL_NS_PER_US),-
SDL_OUT_BYTECAP,yes,yes,SDL_stdinc.h,no,no,resolve,empty-body,,x,,,empty-body
SDL_OUT_CAP,yes,yes,SDL_stdinc.h,no,no,resolve,empty-body,,x,,,empty-body
SDL_OUT_Z_BYTECAP,yes,yes,SDL_stdinc.h,no,no,resolve,empty-body,,x,,,empty-body
SDL_OUT_Z_CAP,yes,yes,SDL_stdinc.h,no,no,resolve,empty-body,,x,,,empty-body
SDL_PIXELFLAG,yes,yes,SDL_pixels.h,yes,yes,bound,-,,,,(((format) >> 28) & 0x0F),-
SDL_PIXELLAYOUT,yes,yes,SDL_pixels.h,yes,yes,bound,-,,,,(((format) >> 16) & 0x0F),-
SDL_PIXELORDER,yes,yes,SDL_pixels.h,yes,yes,bound,-,,,,(((format) >> 20) & 0x0F),-
SDL_PIXELTYPE,yes,yes,SDL_pixels.h,yes,yes,bound,-,,,,(((format) >> 24) & 0x0F),-
SDL_PRINTF_VARARG_FUNC,yes,yes,SDL_stdinc.h,no,no,parse,attribute,,,__attribute__,"__attribute__ (( format( __printf__, fmtargnumber, fmtargnumber+1 )))",attribute
SDL_PRINTF_VARARG_FUNCV,yes,yes,SDL_stdinc.h,no,no,parse,attribute,,,__attribute__,"__attribute__(( format( __printf__, fmtargnumber, 0 )))",attribute
SDL_PT_GUARDED_BY,yes,yes,SDL_mutex.h,no,no,resolve,attribute-argument-name,,pt_guarded_by,,SDL_THREAD_ANNOTATION_ATTRIBUTE__(pt_guarded_by(x)),attribute-argument-name
SDL_RELEASE,yes,yes,SDL_mutex.h,no,no,resolve,attribute-argument-name,,release_capability,,SDL_THREAD_ANNOTATION_ATTRIBUTE__(release_capability(x)),attribute-argument-name
SDL_RELEASE_GENERIC,yes,yes,SDL_mutex.h,no,no,resolve,attribute-argument-name,,release_generic_capability,,SDL_THREAD_ANNOTATION_ATTRIBUTE__(release_generic_capability(x)),attribute-argument-name
SDL_RELEASE_SHARED,yes,yes,SDL_mutex.h,no,no,resolve,attribute-argument-name,,release_shared_capability,,SDL_THREAD_ANNOTATION_ATTRIBUTE__(release_shared_capability(x)),attribute-argument-name
SDL_REQUIRES,yes,yes,SDL_mutex.h,no,no,resolve,attribute-argument-name,,requires_capability,,SDL_THREAD_ANNOTATION_ATTRIBUTE__(requires_capability(x)),attribute-argument-name
SDL_REQUIRES_SHARED,yes,yes,SDL_mutex.h,no,no,resolve,attribute-argument-name,,requires_shared_capability,,SDL_THREAD_ANNOTATION_ATTRIBUTE__(requires_shared_capability(x)),attribute-argument-name
SDL_RETURN_CAPABILITY,yes,yes,SDL_mutex.h,no,no,resolve,attribute-argument-name,,lock_returned,,SDL_THREAD_ANNOTATION_ATTRIBUTE__(lock_returned(x)),attribute-argument-name
SDL_SCANCODE_TO_KEYCODE,yes,yes,SDL_keycode.h,yes,yes,bound,-,,,,(X | SDLK_SCANCODE_MASK),-
SDL_SCANF_VARARG_FUNC,yes,yes,SDL_stdinc.h,no,no,parse,attribute,,,__attribute__,"__attribute__ (( format( __scanf__, fmtargnumber, fmtargnumber+1 )))",attribute
SDL_SCANF_VARARG_FUNCV,yes,yes,SDL_stdinc.h,no,no,parse,attribute,,,__attribute__,"__attribute__(( format( __scanf__, fmtargnumber, 0 )))",attribute
SDL_SECONDS_TO_NS,yes,yes,SDL_timer.h,no,no,parse,cast,,,(,(((Uint64)(S)) * SDL_NS_PER_SECOND),cast
SDL_SINT64_C,yes,yes,SDL_stdinc.h,no,no,typecheck,cascade,,INT64_C,,INT64_C(c),token-paste
SDL_STRINGIFY_ARG,yes,yes,SDL_stdinc.h,no,no,parse,stringification,,,#,#arg,stringification
SDL_Swap16,yes,yes,SDL_endian.h,no,no,resolve,clang-builtin,,__builtin_bswap16,,__builtin_bswap16(x),clang-builtin
SDL_Swap16BE,yes,yes,SDL_endian.h,no,no,typecheck,cascade,,SDL_Swap16,,SDL_Swap16(x),clang-builtin
SDL_Swap16LE,yes,yes,SDL_endian.h,yes,yes,bound,-,,,,(x),-
SDL_Swap32,yes,yes,SDL_endian.h,no,no,resolve,clang-builtin,,__builtin_bswap32,,__builtin_bswap32(x),clang-builtin
SDL_Swap32BE,yes,yes,SDL_endian.h,no,no,typecheck,cascade,,SDL_Swap32,,SDL_Swap32(x),clang-builtin
SDL_Swap32LE,yes,yes,SDL_endian.h,yes,yes,bound,-,,,,(x),-
SDL_Swap64,yes,yes,SDL_endian.h,no,no,resolve,clang-builtin,,__builtin_bswap64,,__builtin_bswap64(x),clang-builtin
SDL_Swap64BE,yes,yes,SDL_endian.h,no,no,typecheck,cascade,,SDL_Swap64,,SDL_Swap64(x),clang-builtin
SDL_Swap64LE,yes,yes,SDL_endian.h,yes,yes,bound,-,,,,(x),-
SDL_SwapFloatBE,yes,yes,SDL_endian.h,no,no,typecheck,calls-c-function,,SDL_SwapFloat,,SDL_SwapFloat(x),calls-c-function
SDL_SwapFloatLE,yes,yes,SDL_endian.h,yes,yes,bound,-,,,,(x),-
SDL_THREAD_ANNOTATION_ATTRIBUTE__,yes,yes,SDL_mutex.h,no,no,resolve,empty-body,,x,,,empty-body
SDL_TRY_ACQUIRE,yes,yes,SDL_mutex.h,no,no,resolve,attribute-argument-name,,try_acquire_capability,,"SDL_THREAD_ANNOTATION_ATTRIBUTE__(try_acquire_capability(x, y))",attribute-argument-name
SDL_TRY_ACQUIRE_SHARED,yes,yes,SDL_mutex.h,no,no,resolve,attribute-argument-name,,try_acquire_shared_capability,,"SDL_THREAD_ANNOTATION_ATTRIBUTE__(try_acquire_shared_capability(x, y))",attribute-argument-name
SDL_TriggerBreakpoint,yes,yes,SDL_assert.h,no,no,resolve,clang-builtin,,__builtin_debugtrap,,__builtin_debugtrap(),clang-builtin
SDL_UINT64_C,yes,yes,SDL_stdinc.h,no,no,typecheck,cascade,,UINT64_C,,UINT64_C(c),token-paste
SDL_US_TO_NS,yes,yes,SDL_timer.h,no,no,parse,cast,,,(,(((Uint64)(US)) * SDL_NS_PER_US),cast
SDL_Unsupported,yes,yes,SDL_error.h,no,no,typecheck,calls-c-function,,SDL_SetError,,"SDL_SetError(""That operation is not supported"")",calls-c-function
SDL_VERSIONNUM,yes,yes,SDL_version.h,yes,yes,bound,-,,,,((major) * 1000000 + (minor) * 1000 + (patch)),-
SDL_VERSIONNUM_MAJOR,yes,yes,SDL_version.h,yes,yes,bound,-,,,,((version) / 1000000),-
SDL_VERSIONNUM_MICRO,yes,yes,SDL_version.h,yes,yes,bound,-,,,,((version) % 1000),-
SDL_VERSIONNUM_MINOR,yes,yes,SDL_version.h,yes,yes,bound,-,,,,(((version) / 1000) % 1000),-
SDL_VERSION_ATLEAST,yes,yes,SDL_version.h,yes,yes,bound,-,,,,"(SDL_VERSION >= SDL_VERSIONNUM(X, Y, Z))",-
SDL_WINDOWPOS_CENTERED_DISPLAY,yes,yes,SDL_video.h,yes,yes,bound,-,,,,(SDL_WINDOWPOS_CENTERED_MASK|(X)),-
SDL_WINDOWPOS_ISCENTERED,yes,yes,SDL_video.h,yes,yes,bound,-,,,,(((X)&0xFFFF0000) == SDL_WINDOWPOS_CENTERED_MASK),-
SDL_WINDOWPOS_ISUNDEFINED,yes,yes,SDL_video.h,yes,yes,bound,-,,,,(((X)&0xFFFF0000) == SDL_WINDOWPOS_UNDEFINED_MASK),-
SDL_WINDOWPOS_UNDEFINED_DISPLAY,yes,yes,SDL_video.h,yes,yes,bound,-,,,,(SDL_WINDOWPOS_UNDEFINED_MASK|(X)),-
SDL_WPRINTF_VARARG_FUNC,yes,yes,SDL_stdinc.h,no,no,resolve,empty-body,,fmtargnumber,,,empty-body
SDL_WPRINTF_VARARG_FUNCV,yes,yes,SDL_stdinc.h,no,no,resolve,empty-body,,fmtargnumber,,,empty-body
SDL_arraysize,yes,yes,SDL_stdinc.h,no,no,parse,sizeof,array-subscript,,(,(sizeof(array)/sizeof(array[0])),sizeof
SDL_assert,yes,yes,SDL_assert.h,no,no,typecheck,cascade,,SDL_enabled_assert,,SDL_disabled_assert(condition),do-while
SDL_assert_always,yes,yes,SDL_assert.h,no,no,typecheck,cascade,,SDL_enabled_assert,,SDL_enabled_assert(condition),do-while
SDL_assert_paranoid,yes,yes,SDL_assert.h,no,no,typecheck,cascade,,SDL_disabled_assert,,SDL_disabled_assert(condition),do-while
SDL_assert_release,yes,yes,SDL_assert.h,no,no,typecheck,cascade,,SDL_enabled_assert,,SDL_enabled_assert(condition),do-while
SDL_clamp,yes,yes,SDL_stdinc.h,no,no,parse,conditional-?:,,,(,(((x) < (a)) ? (a) : (((x) > (b)) ? (b) : (x))),conditional-?:
SDL_const_cast,yes,yes,SDL_stdinc.h,no,no,parse,cast-to-parameter-type,,,(,((type)(expression)),cast-to-parameter-type
SDL_copyp,yes,yes,SDL_stdinc.h,no,no,parse,compound-statement-body,dereference;sizeof,,{,"{ SDL_COMPILE_TIME_ASSERT(SDL_copyp, sizeof (*(dst)) == sizeof (*(src))); } SDL_memcpy((dst), (src), sizeof(*(src)))",compound-statement-body
SDL_disabled_assert,yes,yes,SDL_assert.h,no,no,parse,do-while,cast;conditional-?:;sizeof,,do,do { (void) sizeof ((condition) ? 1 : 0); } while (SDL_NULL_WHILE_LOOP_CONDITION),do-while
SDL_enabled_assert,yes,yes,SDL_assert.h,no,no,parse,do-while,address-of;assignment;compound-literal;stringification,,do,"do { while ( !(condition) ) { static struct SDL_AssertData sdl_assert_data = { false, 0, #condition, NULL, 0, NULL, NULL }; const SDL_AssertState sdl_assert_state = SDL_ReportAssertion(&sdl_assert_data, SDL_FUNCTION, SDL_ASSERT_FILE, SDL_LINE); if (sdl_assert_state == SDL_ASSERTION_RETRY) { continue; } else if (sdl_assert_state == SDL_ASSERTION_BREAK) { SDL_AssertBreakpoint(); } break; } } while (SDL_NULL_WHILE_LOOP_CONDITION)",do-while
SDL_iconv_utf8_locale,yes,yes,SDL_stdinc.h,no,no,typecheck,calls-c-function,,SDL_iconv_string,,"SDL_iconv_string("""", ""UTF-8"", S, SDL_strlen(S)+1)",calls-c-function
SDL_iconv_utf8_ucs2,yes,yes,SDL_stdinc.h,no,no,parse,type-as-call-argument,,,SDL_reinterpret_cast,"SDL_reinterpret_cast(Uint16 *, SDL_iconv_string(""UCS-2"", ""UTF-8"", S, SDL_strlen(S)+1))",type-as-call-argument
SDL_iconv_utf8_ucs4,yes,yes,SDL_stdinc.h,no,no,parse,type-as-call-argument,,,SDL_reinterpret_cast,"SDL_reinterpret_cast(Uint32 *, SDL_iconv_string(""UCS-4"", ""UTF-8"", S, SDL_strlen(S)+1))",type-as-call-argument
SDL_iconv_wchar_utf8,yes,yes,SDL_stdinc.h,no,no,parse,type-as-call-argument,sizeof,,SDL_iconv_string,"SDL_iconv_string(""UTF-8"", ""WCHAR_T"", SDL_reinterpret_cast(const char *, S), (SDL_wcslen(S)+1)*sizeof(wchar_t))",type-as-call-argument
SDL_max,yes,yes,SDL_stdinc.h,no,no,parse,conditional-?:,,,(,(((x) > (y)) ? (x) : (y)),conditional-?:
SDL_min,yes,yes,SDL_stdinc.h,no,no,parse,conditional-?:,,,(,(((x) < (y)) ? (x) : (y)),conditional-?:
SDL_reinterpret_cast,yes,yes,SDL_stdinc.h,no,no,parse,cast-to-parameter-type,,,(,((type)(expression)),cast-to-parameter-type
SDL_size_add_check_overflow,yes,yes,SDL_stdinc.h,no,no,conflict,name-conflict,,,,"SDL_size_add_check_overflow_builtin(a, b, ret)",name-conflict
SDL_size_mul_check_overflow,yes,yes,SDL_stdinc.h,no,no,conflict,name-conflict,,,,"SDL_size_mul_check_overflow_builtin(a, b, ret)",name-conflict
SDL_stack_alloc,yes,yes,SDL_stdinc.h,no,no,parse,cast-to-parameter-type,sizeof,,(,(type*)alloca(sizeof(type)*(count)),cast-to-parameter-type
SDL_stack_free,yes,yes,SDL_stdinc.h,no,no,parse,cast,,,(,((void)(data)),cast
SDL_static_cast,yes,yes,SDL_stdinc.h,no,no,parse,cast-to-parameter-type,,,(,((type)(expression)),cast-to-parameter-type
SDL_zero,yes,yes,SDL_stdinc.h,no,no,parse,address-of,sizeof,,SDL_memset,"SDL_memset(&(x), 0, sizeof((x)))",address-of
SDL_zeroa,yes,yes,SDL_stdinc.h,no,no,parse,sizeof,,,SDL_memset,"SDL_memset((x), 0, sizeof((x)))",sizeof
SDL_zerop,yes,yes,SDL_stdinc.h,no,no,parse,sizeof,dereference,,SDL_memset,"SDL_memset((x), 0, sizeof(*(x)))",sizeof
AUDIO_F32,yes,no,SDL_oldnames.h,no,no,resolve,sdl2-compat-sentinel,,AUDIO_F32_renamed_SDL_AUDIO_F32LE,,AUDIO_F32_renamed_SDL_AUDIO_F32LE,sdl2-compat-sentinel
AUDIO_F32LSB,yes,no,SDL_oldnames.h,no,no,resolve,sdl2-compat-sentinel,,AUDIO_F32LSB_renamed_SDL_AUDIO_F32LE,,AUDIO_F32LSB_renamed_SDL_AUDIO_F32LE,sdl2-compat-sentinel
AUDIO_F32MSB,yes,no,SDL_oldnames.h,no,no,resolve,sdl2-compat-sentinel,,AUDIO_F32MSB_renamed_SDL_AUDIO_F32BE,,AUDIO_F32MSB_renamed_SDL_AUDIO_F32BE,sdl2-compat-sentinel
AUDIO_F32SYS,yes,no,SDL_oldnames.h,no,no,resolve,sdl2-compat-sentinel,,AUDIO_F32SYS_renamed_SDL_AUDIO_F32,,AUDIO_F32SYS_renamed_SDL_AUDIO_F32,sdl2-compat-sentinel
AUDIO_S16,yes,no,SDL_oldnames.h,no,no,resolve,sdl2-compat-sentinel,,AUDIO_S16_renamed_SDL_AUDIO_S16LE,,AUDIO_S16_renamed_SDL_AUDIO_S16LE,sdl2-compat-sentinel
AUDIO_S16LSB,yes,no,SDL_oldnames.h,no,no,resolve,sdl2-compat-sentinel,,AUDIO_S16LSB_renamed_SDL_AUDIO_S16LE,,AUDIO_S16LSB_renamed_SDL_AUDIO_S16LE,sdl2-compat-sentinel
AUDIO_S16MSB,yes,no,SDL_oldnames.h,no,no,resolve,sdl2-compat-sentinel,,AUDIO_S16MSB_renamed_SDL_AUDIO_S16BE,,AUDIO_S16MSB_renamed_SDL_AUDIO_S16BE,sdl2-compat-sentinel
AUDIO_S16SYS,yes,no,SDL_oldnames.h,no,no,resolve,sdl2-compat-sentinel,,AUDIO_S16SYS_renamed_SDL_AUDIO_S16,,AUDIO_S16SYS_renamed_SDL_AUDIO_S16,sdl2-compat-sentinel
AUDIO_S32,yes,no,SDL_oldnames.h,no,no,resolve,sdl2-compat-sentinel,,AUDIO_S32_renamed_SDL_AUDIO_S32LE,,AUDIO_S32_renamed_SDL_AUDIO_S32LE,sdl2-compat-sentinel
AUDIO_S32LSB,yes,no,SDL_oldnames.h,no,no,resolve,sdl2-compat-sentinel,,AUDIO_S32LSB_renamed_SDL_AUDIO_S32LE,,AUDIO_S32LSB_renamed_SDL_AUDIO_S32LE,sdl2-compat-sentinel
AUDIO_S32MSB,yes,no,SDL_oldnames.h,no,no,resolve,sdl2-compat-sentinel,,AUDIO_S32MSB_renamed_SDL_AUDIO_S32BE,,AUDIO_S32MSB_renamed_SDL_AUDIO_S32BE,sdl2-compat-sentinel
AUDIO_S32SYS,yes,no,SDL_oldnames.h,no,no,resolve,sdl2-compat-sentinel,,AUDIO_S32SYS_renamed_SDL_AUDIO_S32,,AUDIO_S32SYS_renamed_SDL_AUDIO_S32,sdl2-compat-sentinel
AUDIO_S8,yes,no,SDL_oldnames.h,no,no,resolve,sdl2-compat-sentinel,,AUDIO_S8_renamed_SDL_AUDIO_S8,,AUDIO_S8_renamed_SDL_AUDIO_S8,sdl2-compat-sentinel
AUDIO_U8,yes,no,SDL_oldnames.h,no,no,resolve,sdl2-compat-sentinel,,AUDIO_U8_renamed_SDL_AUDIO_U8,,AUDIO_U8_renamed_SDL_AUDIO_U8,sdl2-compat-sentinel
HAS_BROKEN_BSWAP,yes,no,SDL_endian.h,no,no,resolve,empty-body,,__GNUC__,,,empty-body
HAS_BUILTIN_BSWAP16,yes,no,SDL_endian.h,no,no,resolve,empty-body,,__builtin_bswap16,,,empty-body
HAS_BUILTIN_BSWAP32,yes,no,SDL_endian.h,no,no,resolve,empty-body,,__builtin_bswap32,,,empty-body
HAS_BUILTIN_BSWAP64,yes,no,SDL_endian.h,no,no,resolve,empty-body,,__builtin_bswap64,,,empty-body
KMOD_ALT,yes,no,SDL_oldnames.h,no,no,resolve,sdl2-compat-sentinel,,KMOD_ALT_renamed_SDL_KMOD_ALT,,KMOD_ALT_renamed_SDL_KMOD_ALT,sdl2-compat-sentinel
KMOD_CAPS,yes,no,SDL_oldnames.h,no,no,resolve,sdl2-compat-sentinel,,KMOD_CAPS_renamed_SDL_KMOD_CAPS,,KMOD_CAPS_renamed_SDL_KMOD_CAPS,sdl2-compat-sentinel
KMOD_CTRL,yes,no,SDL_oldnames.h,no,no,resolve,sdl2-compat-sentinel,,KMOD_CTRL_renamed_SDL_KMOD_CTRL,,KMOD_CTRL_renamed_SDL_KMOD_CTRL,sdl2-compat-sentinel
KMOD_GUI,yes,no,SDL_oldnames.h,no,no,resolve,sdl2-compat-sentinel,,KMOD_GUI_renamed_SDL_KMOD_GUI,,KMOD_GUI_renamed_SDL_KMOD_GUI,sdl2-compat-sentinel
KMOD_LALT,yes,no,SDL_oldnames.h,no,no,resolve,sdl2-compat-sentinel,,KMOD_LALT_renamed_SDL_KMOD_LALT,,KMOD_LALT_renamed_SDL_KMOD_LALT,sdl2-compat-sentinel
KMOD_LCTRL,yes,no,SDL_oldnames.h,no,no,resolve,sdl2-compat-sentinel,,KMOD_LCTRL_renamed_SDL_KMOD_LCTRL,,KMOD_LCTRL_renamed_SDL_KMOD_LCTRL,sdl2-compat-sentinel
KMOD_LGUI,yes,no,SDL_oldnames.h,no,no,resolve,sdl2-compat-sentinel,,KMOD_LGUI_renamed_SDL_KMOD_LGUI,,KMOD_LGUI_renamed_SDL_KMOD_LGUI,sdl2-compat-sentinel
KMOD_LSHIFT,yes,no,SDL_oldnames.h,no,no,resolve,sdl2-compat-sentinel,,KMOD_LSHIFT_renamed_SDL_KMOD_LSHIFT,,KMOD_LSHIFT_renamed_SDL_KMOD_LSHIFT,sdl2-compat-sentinel
KMOD_MODE,yes,no,SDL_oldnames.h,no,no,resolve,sdl2-compat-sentinel,,KMOD_MODE_renamed_SDL_KMOD_MODE,,KMOD_MODE_renamed_SDL_KMOD_MODE,sdl2-compat-sentinel
KMOD_NONE,yes,no,SDL_oldnames.h,no,no,resolve,sdl2-compat-sentinel,,KMOD_NONE_renamed_SDL_KMOD_NONE,,KMOD_NONE_renamed_SDL_KMOD_NONE,sdl2-compat-sentinel
KMOD_NUM,yes,no,SDL_oldnames.h,no,no,resolve,sdl2-compat-sentinel,,KMOD_NUM_renamed_SDL_KMOD_NUM,,KMOD_NUM_renamed_SDL_KMOD_NUM,sdl2-compat-sentinel
KMOD_RALT,yes,no,SDL_oldnames.h,no,no,resolve,sdl2-compat-sentinel,,KMOD_RALT_renamed_SDL_KMOD_RALT,,KMOD_RALT_renamed_SDL_KMOD_RALT,sdl2-compat-sentinel
KMOD_RCTRL,yes,no,SDL_oldnames.h,no,no,resolve,sdl2-compat-sentinel,,KMOD_RCTRL_renamed_SDL_KMOD_RCTRL,,KMOD_RCTRL_renamed_SDL_KMOD_RCTRL,sdl2-compat-sentinel
KMOD_RGUI,yes,no,SDL_oldnames.h,no,no,resolve,sdl2-compat-sentinel,,KMOD_RGUI_renamed_SDL_KMOD_RGUI,,KMOD_RGUI_renamed_SDL_KMOD_RGUI,sdl2-compat-sentinel
KMOD_RSHIFT,yes,no,SDL_oldnames.h,no,no,resolve,sdl2-compat-sentinel,,KMOD_RSHIFT_renamed_SDL_KMOD_RSHIFT,,KMOD_RSHIFT_renamed_SDL_KMOD_RSHIFT,sdl2-compat-sentinel
KMOD_SCROLL,yes,no,SDL_oldnames.h,no,no,resolve,sdl2-compat-sentinel,,KMOD_SCROLL_renamed_SDL_KMOD_SCROLL,,KMOD_SCROLL_renamed_SDL_KMOD_SCROLL,sdl2-compat-sentinel
KMOD_SHIFT,yes,no,SDL_oldnames.h,no,no,resolve,sdl2-compat-sentinel,,KMOD_SHIFT_renamed_SDL_KMOD_SHIFT,,KMOD_SHIFT_renamed_SDL_KMOD_SHIFT,sdl2-compat-sentinel
RW_SEEK_CUR,yes,no,SDL_oldnames.h,no,no,resolve,sdl2-compat-sentinel,,RW_SEEK_CUR_renamed_SDL_IO_SEEK_CUR,,RW_SEEK_CUR_renamed_SDL_IO_SEEK_CUR,sdl2-compat-sentinel
RW_SEEK_END,yes,no,SDL_oldnames.h,no,no,resolve,sdl2-compat-sentinel,,RW_SEEK_END_renamed_SDL_IO_SEEK_END,,RW_SEEK_END_renamed_SDL_IO_SEEK_END,sdl2-compat-sentinel
RW_SEEK_SET,yes,no,SDL_oldnames.h,no,no,resolve,sdl2-compat-sentinel,,RW_SEEK_SET_renamed_SDL_IO_SEEK_SET,,RW_SEEK_SET_renamed_SDL_IO_SEEK_SET,sdl2-compat-sentinel
SDLCALL,yes,no,SDL_begin_code.h,no,no,parse,empty-body,,,,,empty-body
SDLK_0,yes,no,SDL_keycode.h,yes,yes,bound,-,,,,0x00000030u,-
SDLK_1,yes,no,SDL_keycode.h,yes,yes,bound,-,,,,0x00000031u,-
SDLK_2,yes,no,SDL_keycode.h,yes,yes,bound,-,,,,0x00000032u,-
SDLK_3,yes,no,SDL_keycode.h,yes,yes,bound,-,,,,0x00000033u,-
SDLK_4,yes,no,SDL_keycode.h,yes,yes,bound,-,,,,0x00000034u,-
SDLK_5,yes,no,SDL_keycode.h,yes,yes,bound,-,,,,0x00000035u,-
SDLK_6,yes,no,SDL_keycode.h,yes,yes,bound,-,,,,0x00000036u,-
SDLK_7,yes,no,SDL_keycode.h,yes,yes,bound,-,,,,0x00000037u,-
SDLK_8,yes,no,SDL_keycode.h,yes,yes,bound,-,,,,0x00000038u,-
SDLK_9,yes,no,SDL_keycode.h,yes,yes,bound,-,,,,0x00000039u,-
SDLK_A,yes,no,SDL_keycode.h,yes,yes,bound,-,,,,0x00000061u,-
SDLK_AC_BACK,yes,no,SDL_keycode.h,yes,yes,bound,-,,,,0x4000011au,-
SDLK_AC_BOOKMARKS,yes,no,SDL_keycode.h,yes,yes,bound,-,,,,0x4000011eu,-
SDLK_AC_CLOSE,yes,no,SDL_keycode.h,yes,yes,bound,-,,,,0x40000113u,-
SDLK_AC_EXIT,yes,no,SDL_keycode.h,yes,yes,bound,-,,,,0x40000114u,-
SDLK_AC_FORWARD,yes,no,SDL_keycode.h,yes,yes,bound,-,,,,0x4000011bu,-
SDLK_AC_HOME,yes,no,SDL_keycode.h,yes,yes,bound,-,,,,0x40000119u,-
SDLK_AC_NEW,yes,no,SDL_keycode.h,yes,yes,bound,-,,,,0x40000111u,-
SDLK_AC_OPEN,yes,no,SDL_keycode.h,yes,yes,bound,-,,,,0x40000112u,-
SDLK_AC_PRINT,yes,no,SDL_keycode.h,yes,yes,bound,-,,,,0x40000116u,-
SDLK_AC_PROPERTIES,yes,no,SDL_keycode.h,yes,yes,bound,-,,,,0x40000117u,-
SDLK_AC_REFRESH,yes,no,SDL_keycode.h,yes,yes,bound,-,,,,0x4000011du,-
SDLK_AC_SAVE,yes,no,SDL_keycode.h,yes,yes,bound,-,,,,0x40000115u,-
SDLK_AC_SEARCH,yes,no,SDL_keycode.h,yes,yes,bound,-,,,,0x40000118u,-
SDLK_AC_STOP,yes,no,SDL_keycode.h,yes,yes,bound,-,,,,0x4000011cu,-
SDLK_AGAIN,yes,no,SDL_keycode.h,yes,yes,bound,-,,,,0x40000079u,-
SDLK_ALTERASE,yes,no,SDL_keycode.h,yes,yes,bound,-,,,,0x40000099u,-
SDLK_AMPERSAND,yes,no,SDL_keycode.h,yes,yes,bound,-,,,,0x00000026u,-
SDLK_APOSTROPHE,yes,no,SDL_keycode.h,yes,yes,bound,-,,,,0x00000027u,-
SDLK_APPLICATION,yes,no,SDL_keycode.h,yes,yes,bound,-,,,,0x40000065u,-
SDLK_ASTERISK,yes,no,SDL_keycode.h,yes,yes,bound,-,,,,0x0000002au,-
SDLK_AT,yes,no,SDL_keycode.h,yes,yes,bound,-,,,,0x00000040u,-
SDLK_AUDIOFASTFORWARD,yes,no,SDL_oldnames.h,no,no,resolve,sdl2-compat-sentinel,,SDLK_AUDIOFASTFORWARD_renamed_SDLK_MEDIA_FAST_FORWARD,,SDLK_AUDIOFASTFORWARD_renamed_SDLK_MEDIA_FAST_FORWARD,sdl2-compat-sentinel
SDLK_AUDIOMUTE,yes,no,SDL_oldnames.h,no,no,resolve,sdl2-compat-sentinel,,SDLK_AUDIOMUTE_renamed_SDLK_MUTE,,SDLK_AUDIOMUTE_renamed_SDLK_MUTE,sdl2-compat-sentinel
SDLK_AUDIONEXT,yes,no,SDL_oldnames.h,no,no,resolve,sdl2-compat-sentinel,,SDLK_AUDIONEXT_renamed_SDLK_MEDIA_NEXT_TRACK,,SDLK_AUDIONEXT_renamed_SDLK_MEDIA_NEXT_TRACK,sdl2-compat-sentinel
SDLK_AUDIOPLAY,yes,no,SDL_oldnames.h,no,no,resolve,sdl2-compat-sentinel,,SDLK_AUDIOPLAY_renamed_SDLK_MEDIA_PLAY,,SDLK_AUDIOPLAY_renamed_SDLK_MEDIA_PLAY,sdl2-compat-sentinel
SDLK_AUDIOPREV,yes,no,SDL_oldnames.h,no,no,resolve,sdl2-compat-sentinel,,SDLK_AUDIOPREV_renamed_SDLK_MEDIA_PREVIOUS_TRACK,,SDLK_AUDIOPREV_renamed_SDLK_MEDIA_PREVIOUS_TRACK,sdl2-compat-sentinel
SDLK_AUDIOREWIND,yes,no,SDL_oldnames.h,no,no,resolve,sdl2-compat-sentinel,,SDLK_AUDIOREWIND_renamed_SDLK_MEDIA_REWIND,,SDLK_AUDIOREWIND_renamed_SDLK_MEDIA_REWIND,sdl2-compat-sentinel
SDLK_AUDIOSTOP,yes,no,SDL_oldnames.h,no,no,resolve,sdl2-compat-sentinel,,SDLK_AUDIOSTOP_renamed_SDLK_MEDIA_STOP,,SDLK_AUDIOSTOP_renamed_SDLK_MEDIA_STOP,sdl2-compat-sentinel
SDLK_B,yes,no,SDL_keycode.h,yes,yes,bound,-,,,,0x00000062u,-
SDLK_BACKQUOTE,yes,no,SDL_oldnames.h,no,no,resolve,sdl2-compat-sentinel,,SDLK_BACKQUOTE_renamed_SDLK_GRAVE,,SDLK_BACKQUOTE_renamed_SDLK_GRAVE,sdl2-compat-sentinel
SDLK_BACKSLASH,yes,no,SDL_keycode.h,yes,yes,bound,-,,,,0x0000005cu,-
SDLK_BACKSPACE,yes,no,SDL_keycode.h,yes,yes,bound,-,,,,0x00000008u,-
SDLK_C,yes,no,SDL_keycode.h,yes,yes,bound,-,,,,0x00000063u,-
SDLK_CALL,yes,no,SDL_keycode.h,yes,yes,bound,-,,,,0x40000121u,-
SDLK_CANCEL,yes,no,SDL_keycode.h,yes,yes,bound,-,,,,0x4000009bu,-
SDLK_CAPSLOCK,yes,no,SDL_keycode.h,yes,yes,bound,-,,,,0x40000039u,-
SDLK_CARET,yes,no,SDL_keycode.h,yes,yes,bound,-,,,,0x0000005eu,-
SDLK_CHANNEL_DECREMENT,yes,no,SDL_keycode.h,yes,yes,bound,-,,,,0x40000105u,-
SDLK_CHANNEL_INCREMENT,yes,no,SDL_keycode.h,yes,yes,bound,-,,,,0x40000104u,-
SDLK_CLEAR,yes,no,SDL_keycode.h,yes,yes,bound,-,,,,0x4000009cu,-
SDLK_CLEARAGAIN,yes,no,SDL_keycode.h,yes,yes,bound,-,,,,0x400000a2u,-
SDLK_COLON,yes,no,SDL_keycode.h,yes,yes,bound,-,,,,0x0000003au,-
SDLK_COMMA,yes,no,SDL_keycode.h,yes,yes,bound,-,,,,0x0000002cu,-
SDLK_COPY,yes,no,SDL_keycode.h,yes,yes,bound,-,,,,0x4000007cu,-
SDLK_CRSEL,yes,no,SDL_keycode.h,yes,yes,bound,-,,,,0x400000a3u,-
SDLK_CURRENCYSUBUNIT,yes,no,SDL_keycode.h,yes,yes,bound,-,,,,0x400000b5u,-
SDLK_CURRENCYUNIT,yes,no,SDL_keycode.h,yes,yes,bound,-,,,,0x400000b4u,-
SDLK_CUT,yes,no,SDL_keycode.h,yes,yes,bound,-,,,,0x4000007bu,-
SDLK_D,yes,no,SDL_keycode.h,yes,yes,bound,-,,,,0x00000064u,-
SDLK_DBLAPOSTROPHE,yes,no,SDL_keycode.h,yes,yes,bound,-,,,,0x00000022u,-
SDLK_DECIMALSEPARATOR,yes,no,SDL_keycode.h,yes,yes,bound,-,,,,0x400000b3u,-
SDLK_DELETE,yes,no,SDL_keycode.h,yes,yes,bound,-,,,,0x0000007fu,-
SDLK_DOLLAR,yes,no,SDL_keycode.h,yes,yes,bound,-,,,,0x00000024u,-
SDLK_DOWN,yes,no,SDL_keycode.h,yes,yes,bound,-,,,,0x40000051u,-
SDLK_E,yes,no,SDL_keycode.h,yes,yes,bound,-,,,,0x00000065u,-
SDLK_EJECT,yes,no,SDL_oldnames.h,no,no,resolve,sdl2-compat-sentinel,,SDLK_EJECT_renamed_SDLK_MEDIA_EJECT,,SDLK_EJECT_renamed_SDLK_MEDIA_EJECT,sdl2-compat-sentinel
SDLK_END,yes,no,SDL_keycode.h,yes,yes,bound,-,,,,0x4000004du,-
SDLK_ENDCALL,yes,no,SDL_keycode.h,yes,yes,bound,-,,,,0x40000122u,-
SDLK_EQUALS,yes,no,SDL_keycode.h,yes,yes,bound,-,,,,0x0000003du,-
SDLK_ESCAPE,yes,no,SDL_keycode.h,yes,yes,bound,-,,,,0x0000001bu,-
SDLK_EXCLAIM,yes,no,SDL_keycode.h,yes,yes,bound,-,,,,0x00000021u,-
SDLK_EXECUTE,yes,no,SDL_keycode.h,yes,yes,bound,-,,,,0x40000074u,-
SDLK_EXSEL,yes,no,SDL_keycode.h,yes,yes,bound,-,,,,0x400000a4u,-
SDLK_EXTENDED_MASK,yes,no,SDL_keycode.h,yes,yes,bound,-,,,,(1u << 29),-
SDLK_F,yes,no,SDL_keycode.h,yes,yes,bound,-,,,,0x00000066u,-
SDLK_F1,yes,no,SDL_keycode.h,yes,yes,bound,-,,,,0x4000003au,-
SDLK_F10,yes,no,SDL_keycode.h,yes,yes,bound,-,,,,0x40000043u,-
SDLK_F11,yes,no,SDL_keycode.h,yes,yes,bound,-,,,,0x40000044u,-
SDLK_F12,yes,no,SDL_keycode.h,yes,yes,bound,-,,,,0x40000045u,-
SDLK_F13,yes,no,SDL_keycode.h,yes,yes,bound,-,,,,0x40000068u,-
SDLK_F14,yes,no,SDL_keycode.h,yes,yes,bound,-,,,,0x40000069u,-
SDLK_F15,yes,no,SDL_keycode.h,yes,yes,bound,-,,,,0x4000006au,-
SDLK_F16,yes,no,SDL_keycode.h,yes,yes,bound,-,,,,0x4000006bu,-
SDLK_F17,yes,no,SDL_keycode.h,yes,yes,bound,-,,,,0x4000006cu,-
SDLK_F18,yes,no,SDL_keycode.h,yes,yes,bound,-,,,,0x4000006du,-
SDLK_F19,yes,no,SDL_keycode.h,yes,yes,bound,-,,,,0x4000006eu,-
SDLK_F2,yes,no,SDL_keycode.h,yes,yes,bound,-,,,,0x4000003bu,-
SDLK_F20,yes,no,SDL_keycode.h,yes,yes,bound,-,,,,0x4000006fu,-
SDLK_F21,yes,no,SDL_keycode.h,yes,yes,bound,-,,,,0x40000070u,-
SDLK_F22,yes,no,SDL_keycode.h,yes,yes,bound,-,,,,0x40000071u,-
SDLK_F23,yes,no,SDL_keycode.h,yes,yes,bound,-,,,,0x40000072u,-
SDLK_F24,yes,no,SDL_keycode.h,yes,yes,bound,-,,,,0x40000073u,-
SDLK_F3,yes,no,SDL_keycode.h,yes,yes,bound,-,,,,0x4000003cu,-
SDLK_F4,yes,no,SDL_keycode.h,yes,yes,bound,-,,,,0x4000003du,-
SDLK_F5,yes,no,SDL_keycode.h,yes,yes,bound,-,,,,0x4000003eu,-
SDLK_F6,yes,no,SDL_keycode.h,yes,yes,bound,-,,,,0x4000003fu,-
SDLK_F7,yes,no,SDL_keycode.h,yes,yes,bound,-,,,,0x40000040u,-
SDLK_F8,yes,no,SDL_keycode.h,yes,yes,bound,-,,,,0x40000041u,-
SDLK_F9,yes,no,SDL_keycode.h,yes,yes,bound,-,,,,0x40000042u,-
SDLK_FIND,yes,no,SDL_keycode.h,yes,yes,bound,-,,,,0x4000007eu,-
SDLK_G,yes,no,SDL_keycode.h,yes,yes,bound,-,,,,0x00000067u,-
SDLK_GRAVE,yes,no,SDL_keycode.h,yes,yes,bound,-,,,,0x00000060u,-
SDLK_GREATER,yes,no,SDL_keycode.h,yes,yes,bound,-,,,,0x0000003eu,-
SDLK_H,yes,no,SDL_keycode.h,yes,yes,bound,-,,,,0x00000068u,-
SDLK_HASH,yes,no,SDL_keycode.h,yes,yes,bound,-,,,,0x00000023u,-
SDLK_HELP,yes,no,SDL_keycode.h,yes,yes,bound,-,,,,0x40000075u,-
SDLK_HOME,yes,no,SDL_keycode.h,yes,yes,bound,-,,,,0x4000004au,-
SDLK_I,yes,no,SDL_keycode.h,yes,yes,bound,-,,,,0x00000069u,-
SDLK_INSERT,yes,no,SDL_keycode.h,yes,yes,bound,-,,,,0x40000049u,-
SDLK_J,yes,no,SDL_keycode.h,yes,yes,bound,-,,,,0x0000006au,-
SDLK_K,yes,no,SDL_keycode.h,yes,yes,bound,-,,,,0x0000006bu,-
SDLK_KP_0,yes,no,SDL_keycode.h,yes,yes,bound,-,,,,0x40000062u,-
SDLK_KP_00,yes,no,SDL_keycode.h,yes,yes,bound,-,,,,0x400000b0u,-
SDLK_KP_000,yes,no,SDL_keycode.h,yes,yes,bound,-,,,,0x400000b1u,-
SDLK_KP_1,yes,no,SDL_keycode.h,yes,yes,bound,-,,,,0x40000059u,-
SDLK_KP_2,yes,no,SDL_keycode.h,yes,yes,bound,-,,,,0x4000005au,-
SDLK_KP_3,yes,no,SDL_keycode.h,yes,yes,bound,-,,,,0x4000005bu,-
SDLK_KP_4,yes,no,SDL_keycode.h,yes,yes,bound,-,,,,0x4000005cu,-
SDLK_KP_5,yes,no,SDL_keycode.h,yes,yes,bound,-,,,,0x4000005du,-
SDLK_KP_6,yes,no,SDL_keycode.h,yes,yes,bound,-,,,,0x4000005eu,-
SDLK_KP_7,yes,no,SDL_keycode.h,yes,yes,bound,-,,,,0x4000005fu,-
SDLK_KP_8,yes,no,SDL_keycode.h,yes,yes,bound,-,,,,0x40000060u,-
SDLK_KP_9,yes,no,SDL_keycode.h,yes,yes,bound,-,,,,0x40000061u,-
SDLK_KP_A,yes,no,SDL_keycode.h,yes,yes,bound,-,,,,0x400000bcu,-
SDLK_KP_AMPERSAND,yes,no,SDL_keycode.h,yes,yes,bound,-,,,,0x400000c7u,-
SDLK_KP_AT,yes,no,SDL_keycode.h,yes,yes,bound,-,,,,0x400000ceu,-
SDLK_KP_B,yes,no,SDL_keycode.h,yes,yes,bound,-,,,,0x400000bdu,-
SDLK_KP_BACKSPACE,yes,no,SDL_keycode.h,yes,yes,bound,-,,,,0x400000bbu,-
SDLK_KP_BINARY,yes,no,SDL_keycode.h,yes,yes,bound,-,,,,0x400000dau,-
SDLK_KP_C,yes,no,SDL_keycode.h,yes,yes,bound,-,,,,0x400000beu,-
SDLK_KP_CLEAR,yes,no,SDL_keycode.h,yes,yes,bound,-,,,,0x400000d8u,-
SDLK_KP_CLEARENTRY,yes,no,SDL_keycode.h,yes,yes,bound,-,,,,0x400000d9u,-
SDLK_KP_COLON,yes,no,SDL_keycode.h,yes,yes,bound,-,,,,0x400000cbu,-
SDLK_KP_COMMA,yes,no,SDL_keycode.h,yes,yes,bound,-,,,,0x40000085u,-
SDLK_KP_D,yes,no,SDL_keycode.h,yes,yes,bound,-,,,,0x400000bfu,-
SDLK_KP_DBLAMPERSAND,yes,no,SDL_keycode.h,yes,yes,bound,-,,,,0x400000c8u,-
SDLK_KP_DBLVERTICALBAR,yes,no,SDL_keycode.h,yes,yes,bound,-,,,,0x400000cau,-
SDLK_KP_DECIMAL,yes,no,SDL_keycode.h,yes,yes,bound,-,,,,0x400000dcu,-
SDLK_KP_DIVIDE,yes,no,SDL_keycode.h,yes,yes,bound,-,,,,0x40000054u,-
SDLK_KP_E,yes,no,SDL_keycode.h,yes,yes,bound,-,,,,0x400000c0u,-
SDLK_KP_ENTER,yes,no,SDL_keycode.h,yes,yes,bound,-,,,,0x40000058u,-
SDLK_KP_EQUALS,yes,no,SDL_keycode.h,yes,yes,bound,-,,,,0x40000067u,-
SDLK_KP_EQUALSAS400,yes,no,SDL_keycode.h,yes,yes,bound,-,,,,0x40000086u,-
SDLK_KP_EXCLAM,yes,no,SDL_keycode.h,yes,yes,bound,-,,,,0x400000cfu,-
SDLK_KP_F,yes,no,SDL_keycode.h,yes,yes,bound,-,,,,0x400000c1u,-
SDLK_KP_GREATER,yes,no,SDL_keycode.h,yes,yes,bound,-,,,,0x400000c6u,-
SDLK_KP_HASH,yes,no,SDL_keycode.h,yes,yes,bound,-,,,,0x400000ccu,-
SDLK_KP_HEXADECIMAL,yes,no,SDL_keycode.h,yes,yes,bound,-,,,,0x400000ddu,-
SDLK_KP_LEFTBRACE,yes,no,SDL_keycode.h,yes,yes,bound,-,,,,0x400000b8u,-
SDLK_KP_LEFTPAREN,yes,no,SDL_keycode.h,yes,yes,bound,-,,,,0x400000b6u,-
SDLK_KP_LESS,yes,no,SDL_keycode.h,yes,yes,bound,-,,,,0x400000c5u,-
SDLK_KP_MEMADD,yes,no,SDL_keycode.h,yes,yes,bound,-,,,,0x400000d3u,-
SDLK_KP_MEMCLEAR,yes,no,SDL_keycode.h,yes,yes,bound,-,,,,0x400000d2u,-
SDLK_KP_MEMDIVIDE,yes,no,SDL_keycode.h,yes,yes,bound,-,,,,0x400000d6u,-
SDLK_KP_MEMMULTIPLY,yes,no,SDL_keycode.h,yes,yes,bound,-,,,,0x400000d5u,-
SDLK_KP_MEMRECALL,yes,no,SDL_keycode.h,yes,yes,bound,-,,,,0x400000d1u,-
SDLK_KP_MEMSTORE,yes,no,SDL_keycode.h,yes,yes,bound,-,,,,0x400000d0u,-
SDLK_KP_MEMSUBTRACT,yes,no,SDL_keycode.h,yes,yes,bound,-,,,,0x400000d4u,-
SDLK_KP_MINUS,yes,no,SDL_keycode.h,yes,yes,bound,-,,,,0x40000056u,-
SDLK_KP_MULTIPLY,yes,no,SDL_keycode.h,yes,yes,bound,-,,,,0x40000055u,-
SDLK_KP_OCTAL,yes,no,SDL_keycode.h,yes,yes,bound,-,,,,0x400000dbu,-
SDLK_KP_PERCENT,yes,no,SDL_keycode.h,yes,yes,bound,-,,,,0x400000c4u,-
SDLK_KP_PERIOD,yes,no,SDL_keycode.h,yes,yes,bound,-,,,,0x40000063u,-
SDLK_KP_PLUS,yes,no,SDL_keycode.h,yes,yes,bound,-,,,,0x40000057u,-
SDLK_KP_PLUSMINUS,yes,no,SDL_keycode.h,yes,yes,bound,-,,,,0x400000d7u,-
SDLK_KP_POWER,yes,no,SDL_keycode.h,yes,yes,bound,-,,,,0x400000c3u,-
SDLK_KP_RIGHTBRACE,yes,no,SDL_keycode.h,yes,yes,bound,-,,,,0x400000b9u,-
SDLK_KP_RIGHTPAREN,yes,no,SDL_keycode.h,yes,yes,bound,-,,,,0x400000b7u,-
SDLK_KP_SPACE,yes,no,SDL_keycode.h,yes,yes,bound,-,,,,0x400000cdu,-
SDLK_KP_TAB,yes,no,SDL_keycode.h,yes,yes,bound,-,,,,0x400000bau,-
SDLK_KP_VERTICALBAR,yes,no,SDL_keycode.h,yes,yes,bound,-,,,,0x400000c9u,-
SDLK_KP_XOR,yes,no,SDL_keycode.h,yes,yes,bound,-,,,,0x400000c2u,-
SDLK_L,yes,no,SDL_keycode.h,yes,yes,bound,-,,,,0x0000006cu,-
SDLK_LALT,yes,no,SDL_keycode.h,yes,yes,bound,-,,,,0x400000e2u,-
SDLK_LCTRL,yes,no,SDL_keycode.h,yes,yes,bound,-,,,,0x400000e0u,-
SDLK_LEFT,yes,no,SDL_keycode.h,yes,yes,bound,-,,,,0x40000050u,-
SDLK_LEFTBRACE,yes,no,SDL_keycode.h,yes,yes,bound,-,,,,0x0000007bu,-
SDLK_LEFTBRACKET,yes,no,SDL_keycode.h,yes,yes,bound,-,,,,0x0000005bu,-
SDLK_LEFTPAREN,yes,no,SDL_keycode.h,yes,yes,bound,-,,,,0x00000028u,-
SDLK_LEFT_TAB,yes,no,SDL_keycode.h,yes,yes,bound,-,,,,0x20000001u,-
SDLK_LESS,yes,no,SDL_keycode.h,yes,yes,bound,-,,,,0x0000003cu,-
SDLK_LEVEL5_SHIFT,yes,no,SDL_keycode.h,yes,yes,bound,-,,,,0x20000002u,-
SDLK_LGUI,yes,no,SDL_keycode.h,yes,yes,bound,-,,,,0x400000e3u,-
SDLK_LHYPER,yes,no,SDL_keycode.h,yes,yes,bound,-,,,,0x20000006u,-
SDLK_LMETA,yes,no,SDL_keycode.h,yes,yes,bound,-,,,,0x20000004u,-
SDLK_LSHIFT,yes,no,SDL_keycode.h,yes,yes,bound,-,,,,0x400000e1u,-
SDLK_M,yes,no,SDL_keycode.h,yes,yes,bound,-,,,,0x0000006du,-
SDLK_MEDIASELECT,yes,no,SDL_oldnames.h,no,no,resolve,sdl2-compat-sentinel,,SDLK_MEDIASELECT_renamed_SDLK_MEDIA_SELECT,,SDLK_MEDIASELECT_renamed_SDLK_MEDIA_SELECT,sdl2-compat-sentinel
SDLK_MEDIA_EJECT,yes,no,SDL_keycode.h,yes,yes,bound,-,,,,0x4000010eu,-
SDLK_MEDIA_FAST_FORWARD,yes,no,SDL_keycode.h,yes,yes,bound,-,,,,0x40000109u,-
SDLK_MEDIA_NEXT_TRACK,yes,no,SDL_keycode.h,yes,yes,bound,-,,,,0x4000010bu,-
SDLK_MEDIA_PAUSE,yes,no,SDL_keycode.h,yes,yes,bound,-,,,,0x40000107u,-
SDLK_MEDIA_PLAY,yes,no,SDL_keycode.h,yes,yes,bound,-,,,,0x40000106u,-
SDLK_MEDIA_PLAY_PAUSE,yes,no,SDL_keycode.h,yes,yes,bound,-,,,,0x4000010fu,-
SDLK_MEDIA_PREVIOUS_TRACK,yes,no,SDL_keycode.h,yes,yes,bound,-,,,,0x4000010cu,-
SDLK_MEDIA_RECORD,yes,no,SDL_keycode.h,yes,yes,bound,-,,,,0x40000108u,-
SDLK_MEDIA_REWIND,yes,no,SDL_keycode.h,yes,yes,bound,-,,,,0x4000010au,-
SDLK_MEDIA_SELECT,yes,no,SDL_keycode.h,yes,yes,bound,-,,,,0x40000110u,-
SDLK_MEDIA_STOP,yes,no,SDL_keycode.h,yes,yes,bound,-,,,,0x4000010du,-
SDLK_MENU,yes,no,SDL_keycode.h,yes,yes,bound,-,,,,0x40000076u,-
SDLK_MINUS,yes,no,SDL_keycode.h,yes,yes,bound,-,,,,0x0000002du,-
SDLK_MODE,yes,no,SDL_keycode.h,yes,yes,bound,-,,,,0x40000101u,-
SDLK_MULTI_KEY_COMPOSE,yes,no,SDL_keycode.h,yes,yes,bound,-,,,,0x20000003u,-
SDLK_MUTE,yes,no,SDL_keycode.h,yes,yes,bound,-,,,,0x4000007fu,-
SDLK_N,yes,no,SDL_keycode.h,yes,yes,bound,-,,,,0x0000006eu,-
SDLK_NUMLOCKCLEAR,yes,no,SDL_keycode.h,yes,yes,bound,-,,,,0x40000053u,-
SDLK_O,yes,no,SDL_keycode.h,yes,yes,bound,-,,,,0x0000006fu,-
SDLK_OPER,yes,no,SDL_keycode.h,yes,yes,bound,-,,,,0x400000a1u,-
SDLK_OUT,yes,no,SDL_keycode.h,yes,yes,bound,-,,,,0x400000a0u,-
SDLK_P,yes,no,SDL_keycode.h,yes,yes,bound,-,,,,0x00000070u,-
SDLK_PAGEDOWN,yes,no,SDL_keycode.h,yes,yes,bound,-,,,,0x4000004eu,-
SDLK_PAGEUP,yes,no,SDL_keycode.h,yes,yes,bound,-,,,,0x4000004bu,-
SDLK_PASTE,yes,no,SDL_keycode.h,yes,yes,bound,-,,,,0x4000007du,-
SDLK_PAUSE,yes,no,SDL_keycode.h,yes,yes,bound,-,,,,0x40000048u,-
SDLK_PERCENT,yes,no,SDL_keycode.h,yes,yes,bound,-,,,,0x00000025u,-
SDLK_PERIOD,yes,no,SDL_keycode.h,yes,yes,bound,-,,,,0x0000002eu,-
SDLK_PIPE,yes,no,SDL_keycode.h,yes,yes,bound,-,,,,0x0000007cu,-
SDLK_PLUS,yes,no,SDL_keycode.h,yes,yes,bound,-,,,,0x0000002bu,-
SDLK_PLUSMINUS,yes,no,SDL_keycode.h,yes,yes,bound,-,,,,0x000000b1u,-
SDLK_POWER,yes,no,SDL_keycode.h,yes,yes,bound,-,,,,0x40000066u,-
SDLK_PRINTSCREEN,yes,no,SDL_keycode.h,yes,yes,bound,-,,,,0x40000046u,-
SDLK_PRIOR,yes,no,SDL_keycode.h,yes,yes,bound,-,,,,0x4000009du,-
SDLK_Q,yes,no,SDL_keycode.h,yes,yes,bound,-,,,,0x00000071u,-
SDLK_QUESTION,yes,no,SDL_keycode.h,yes,yes,bound,-,,,,0x0000003fu,-
SDLK_QUOTE,yes,no,SDL_oldnames.h,no,no,resolve,sdl2-compat-sentinel,,SDLK_QUOTE_renamed_SDLK_APOSTROPHE,,SDLK_QUOTE_renamed_SDLK_APOSTROPHE,sdl2-compat-sentinel
SDLK_QUOTEDBL,yes,no,SDL_oldnames.h,no,no,resolve,sdl2-compat-sentinel,,SDLK_QUOTEDBL_renamed_SDLK_DBLAPOSTROPHE,,SDLK_QUOTEDBL_renamed_SDLK_DBLAPOSTROPHE,sdl2-compat-sentinel
SDLK_R,yes,no,SDL_keycode.h,yes,yes,bound,-,,,,0x00000072u,-
SDLK_RALT,yes,no,SDL_keycode.h,yes,yes,bound,-,,,,0x400000e6u,-
SDLK_RCTRL,yes,no,SDL_keycode.h,yes,yes,bound,-,,,,0x400000e4u,-
SDLK_RETURN,yes,no,SDL_keycode.h,yes,yes,bound,-,,,,0x0000000du,-
SDLK_RETURN2,yes,no,SDL_keycode.h,yes,yes,bound,-,,,,0x4000009eu,-
SDLK_RGUI,yes,no,SDL_keycode.h,yes,yes,bound,-,,,,0x400000e7u,-
SDLK_RHYPER,yes,no,SDL_keycode.h,yes,yes,bound,-,,,,0x20000007u,-
SDLK_RIGHT,yes,no,SDL_keycode.h,yes,yes,bound,-,,,,0x4000004fu,-
SDLK_RIGHTBRACE,yes,no,SDL_keycode.h,yes,yes,bound,-,,,,0x0000007du,-
SDLK_RIGHTBRACKET,yes,no,SDL_keycode.h,yes,yes,bound,-,,,,0x0000005du,-
SDLK_RIGHTPAREN,yes,no,SDL_keycode.h,yes,yes,bound,-,,,,0x00000029u,-
SDLK_RMETA,yes,no,SDL_keycode.h,yes,yes,bound,-,,,,0x20000005u,-
SDLK_RSHIFT,yes,no,SDL_keycode.h,yes,yes,bound,-,,,,0x400000e5u,-
SDLK_S,yes,no,SDL_keycode.h,yes,yes,bound,-,,,,0x00000073u,-
SDLK_SCANCODE_MASK,yes,no,SDL_keycode.h,yes,yes,bound,-,,,,(1u << 30),-
SDLK_SCROLLLOCK,yes,no,SDL_keycode.h,yes,yes,bound,-,,,,0x40000047u,-
SDLK_SELECT,yes,no,SDL_keycode.h,yes,yes,bound,-,,,,0x40000077u,-
SDLK_SEMICOLON,yes,no,SDL_keycode.h,yes,yes,bound,-,,,,0x0000003bu,-
SDLK_SEPARATOR,yes,no,SDL_keycode.h,yes,yes,bound,-,,,,0x4000009fu,-
SDLK_SLASH,yes,no,SDL_keycode.h,yes,yes,bound,-,,,,0x0000002fu,-
SDLK_SLEEP,yes,no,SDL_keycode.h,yes,yes,bound,-,,,,0x40000102u,-
SDLK_SOFTLEFT,yes,no,SDL_keycode.h,yes,yes,bound,-,,,,0x4000011fu,-
SDLK_SOFTRIGHT,yes,no,SDL_keycode.h,yes,yes,bound,-,,,,0x40000120u,-
SDLK_SPACE,yes,no,SDL_keycode.h,yes,yes,bound,-,,,,0x00000020u,-
SDLK_STOP,yes,no,SDL_keycode.h,yes,yes,bound,-,,,,0x40000078u,-
SDLK_SYSREQ,yes,no,SDL_keycode.h,yes,yes,bound,-,,,,0x4000009au,-
SDLK_T,yes,no,SDL_keycode.h,yes,yes,bound,-,,,,0x00000074u,-
SDLK_TAB,yes,no,SDL_keycode.h,yes,yes,bound,-,,,,0x00000009u,-
SDLK_THOUSANDSSEPARATOR,yes,no,SDL_keycode.h,yes,yes,bound,-,,,,0x400000b2u,-
SDLK_TILDE,yes,no,SDL_keycode.h,yes,yes,bound,-,,,,0x0000007eu,-
SDLK_U,yes,no,SDL_keycode.h,yes,yes,bound,-,,,,0x00000075u,-
SDLK_UNDERSCORE,yes,no,SDL_keycode.h,yes,yes,bound,-,,,,0x0000005fu,-
SDLK_UNDO,yes,no,SDL_keycode.h,yes,yes,bound,-,,,,0x4000007au,-
SDLK_UNKNOWN,yes,no,SDL_keycode.h,yes,yes,bound,-,,,,0x00000000u,-
SDLK_UP,yes,no,SDL_keycode.h,yes,yes,bound,-,,,,0x40000052u,-
SDLK_V,yes,no,SDL_keycode.h,yes,yes,bound,-,,,,0x00000076u,-
SDLK_VOLUMEDOWN,yes,no,SDL_keycode.h,yes,yes,bound,-,,,,0x40000081u,-
SDLK_VOLUMEUP,yes,no,SDL_keycode.h,yes,yes,bound,-,,,,0x40000080u,-
SDLK_W,yes,no,SDL_keycode.h,yes,yes,bound,-,,,,0x00000077u,-
SDLK_WAKE,yes,no,SDL_keycode.h,yes,yes,bound,-,,,,0x40000103u,-
SDLK_X,yes,no,SDL_keycode.h,yes,yes,bound,-,,,,0x00000078u,-
SDLK_Y,yes,no,SDL_keycode.h,yes,yes,bound,-,,,,0x00000079u,-
SDLK_Z,yes,no,SDL_keycode.h,yes,yes,bound,-,,,,0x0000007au,-
SDLK_a,yes,no,SDL_oldnames.h,no,no,resolve,sdl2-compat-sentinel,,SDLK_a_renamed_SDLK_A,,SDLK_a_renamed_SDLK_A,sdl2-compat-sentinel
SDLK_b,yes,no,SDL_oldnames.h,no,no,resolve,sdl2-compat-sentinel,,SDLK_b_renamed_SDLK_B,,SDLK_b_renamed_SDLK_B,sdl2-compat-sentinel
SDLK_c,yes,no,SDL_oldnames.h,no,no,resolve,sdl2-compat-sentinel,,SDLK_c_renamed_SDLK_C,,SDLK_c_renamed_SDLK_C,sdl2-compat-sentinel
SDLK_d,yes,no,SDL_oldnames.h,no,no,resolve,sdl2-compat-sentinel,,SDLK_d_renamed_SDLK_D,,SDLK_d_renamed_SDLK_D,sdl2-compat-sentinel
SDLK_e,yes,no,SDL_oldnames.h,no,no,resolve,sdl2-compat-sentinel,,SDLK_e_renamed_SDLK_E,,SDLK_e_renamed_SDLK_E,sdl2-compat-sentinel
SDLK_f,yes,no,SDL_oldnames.h,no,no,resolve,sdl2-compat-sentinel,,SDLK_f_renamed_SDLK_F,,SDLK_f_renamed_SDLK_F,sdl2-compat-sentinel
SDLK_g,yes,no,SDL_oldnames.h,no,no,resolve,sdl2-compat-sentinel,,SDLK_g_renamed_SDLK_G,,SDLK_g_renamed_SDLK_G,sdl2-compat-sentinel
SDLK_h,yes,no,SDL_oldnames.h,no,no,resolve,sdl2-compat-sentinel,,SDLK_h_renamed_SDLK_H,,SDLK_h_renamed_SDLK_H,sdl2-compat-sentinel
SDLK_i,yes,no,SDL_oldnames.h,no,no,resolve,sdl2-compat-sentinel,,SDLK_i_renamed_SDLK_I,,SDLK_i_renamed_SDLK_I,sdl2-compat-sentinel
SDLK_j,yes,no,SDL_oldnames.h,no,no,resolve,sdl2-compat-sentinel,,SDLK_j_renamed_SDLK_J,,SDLK_j_renamed_SDLK_J,sdl2-compat-sentinel
SDLK_k,yes,no,SDL_oldnames.h,no,no,resolve,sdl2-compat-sentinel,,SDLK_k_renamed_SDLK_K,,SDLK_k_renamed_SDLK_K,sdl2-compat-sentinel
SDLK_l,yes,no,SDL_oldnames.h,no,no,resolve,sdl2-compat-sentinel,,SDLK_l_renamed_SDLK_L,,SDLK_l_renamed_SDLK_L,sdl2-compat-sentinel
SDLK_m,yes,no,SDL_oldnames.h,no,no,resolve,sdl2-compat-sentinel,,SDLK_m_renamed_SDLK_M,,SDLK_m_renamed_SDLK_M,sdl2-compat-sentinel
SDLK_n,yes,no,SDL_oldnames.h,no,no,resolve,sdl2-compat-sentinel,,SDLK_n_renamed_SDLK_N,,SDLK_n_renamed_SDLK_N,sdl2-compat-sentinel
SDLK_o,yes,no,SDL_oldnames.h,no,no,resolve,sdl2-compat-sentinel,,SDLK_o_renamed_SDLK_O,,SDLK_o_renamed_SDLK_O,sdl2-compat-sentinel
SDLK_p,yes,no,SDL_oldnames.h,no,no,resolve,sdl2-compat-sentinel,,SDLK_p_renamed_SDLK_P,,SDLK_p_renamed_SDLK_P,sdl2-compat-sentinel
SDLK_q,yes,no,SDL_oldnames.h,no,no,resolve,sdl2-compat-sentinel,,SDLK_q_renamed_SDLK_Q,,SDLK_q_renamed_SDLK_Q,sdl2-compat-sentinel
SDLK_r,yes,no,SDL_oldnames.h,no,no,resolve,sdl2-compat-sentinel,,SDLK_r_renamed_SDLK_R,,SDLK_r_renamed_SDLK_R,sdl2-compat-sentinel
SDLK_s,yes,no,SDL_oldnames.h,no,no,resolve,sdl2-compat-sentinel,,SDLK_s_renamed_SDLK_S,,SDLK_s_renamed_SDLK_S,sdl2-compat-sentinel
SDLK_t,yes,no,SDL_oldnames.h,no,no,resolve,sdl2-compat-sentinel,,SDLK_t_renamed_SDLK_T,,SDLK_t_renamed_SDLK_T,sdl2-compat-sentinel
SDLK_u,yes,no,SDL_oldnames.h,no,no,resolve,sdl2-compat-sentinel,,SDLK_u_renamed_SDLK_U,,SDLK_u_renamed_SDLK_U,sdl2-compat-sentinel
SDLK_v,yes,no,SDL_oldnames.h,no,no,resolve,sdl2-compat-sentinel,,SDLK_v_renamed_SDLK_V,,SDLK_v_renamed_SDLK_V,sdl2-compat-sentinel
SDLK_w,yes,no,SDL_oldnames.h,no,no,resolve,sdl2-compat-sentinel,,SDLK_w_renamed_SDLK_W,,SDLK_w_renamed_SDLK_W,sdl2-compat-sentinel
SDLK_x,yes,no,SDL_oldnames.h,no,no,resolve,sdl2-compat-sentinel,,SDLK_x_renamed_SDLK_X,,SDLK_x_renamed_SDLK_X,sdl2-compat-sentinel
SDLK_y,yes,no,SDL_oldnames.h,no,no,resolve,sdl2-compat-sentinel,,SDLK_y_renamed_SDLK_Y,,SDLK_y_renamed_SDLK_Y,sdl2-compat-sentinel
SDLK_z,yes,no,SDL_oldnames.h,no,no,resolve,sdl2-compat-sentinel,,SDLK_z_renamed_SDLK_Z,,SDLK_z_renamed_SDLK_Z,sdl2-compat-sentinel
SDL_ALPHA_OPAQUE,yes,no,SDL_pixels.h,yes,yes,bound,-,,,,255,-
SDL_ALPHA_OPAQUE_FLOAT,yes,no,SDL_pixels.h,yes,yes,bound,-,,,,1.0f,-
SDL_ALPHA_TRANSPARENT,yes,no,SDL_pixels.h,yes,yes,bound,-,,,,0,-
SDL_ALPHA_TRANSPARENT_FLOAT,yes,no,SDL_pixels.h,yes,yes,bound,-,,,,0.0f,-
SDL_ANALYZER_NORETURN,yes,no,SDL_begin_code.h,no,no,conflict,name-conflict,,,,__attribute__((analyzer_noreturn)),name-conflict
SDL_APP_DIDENTERBACKGROUND,yes,no,SDL_oldnames.h,no,no,resolve,sdl2-compat-sentinel,,SDL_APP_DIDENTERBACKGROUND_renamed_SDL_EVENT_DID_ENTER_BACKGROUND,,SDL_APP_DIDENTERBACKGROUND_renamed_SDL_EVENT_DID_ENTER_BACKGROUND,sdl2-compat-sentinel
SDL_APP_DIDENTERFOREGROUND,yes,no,SDL_oldnames.h,no,no,resolve,sdl2-compat-sentinel,,SDL_APP_DIDENTERFOREGROUND_renamed_SDL_EVENT_DID_ENTER_FOREGROUND,,SDL_APP_DIDENTERFOREGROUND_renamed_SDL_EVENT_DID_ENTER_FOREGROUND,sdl2-compat-sentinel
SDL_APP_LOWMEMORY,yes,no,SDL_oldnames.h,no,no,resolve,sdl2-compat-sentinel,,SDL_APP_LOWMEMORY_renamed_SDL_EVENT_LOW_MEMORY,,SDL_APP_LOWMEMORY_renamed_SDL_EVENT_LOW_MEMORY,sdl2-compat-sentinel
SDL_APP_TERMINATING,yes,no,SDL_oldnames.h,no,no,resolve,sdl2-compat-sentinel,,SDL_APP_TERMINATING_renamed_SDL_EVENT_TERMINATING,,SDL_APP_TERMINATING_renamed_SDL_EVENT_TERMINATING,sdl2-compat-sentinel
SDL_APP_WILLENTERBACKGROUND,yes,no,SDL_oldnames.h,no,no,resolve,sdl2-compat-sentinel,,SDL_APP_WILLENTERBACKGROUND_renamed_SDL_EVENT_WILL_ENTER_BACKGROUND,,SDL_APP_WILLENTERBACKGROUND_renamed_SDL_EVENT_WILL_ENTER_BACKGROUND,sdl2-compat-sentinel
SDL_APP_WILLENTERFOREGROUND,yes,no,SDL_oldnames.h,no,no,resolve,sdl2-compat-sentinel,,SDL_APP_WILLENTERFOREGROUND_renamed_SDL_EVENT_WILL_ENTER_FOREGROUND,,SDL_APP_WILLENTERFOREGROUND_renamed_SDL_EVENT_WILL_ENTER_FOREGROUND,sdl2-compat-sentinel
SDL_ASSERT_FILE,yes,no,SDL_assert.h,no,no,typecheck,cascade,,SDL_FILE,,SDL_FILE,predefined-macro
SDL_ASSERT_LEVEL,yes,no,SDL_assert.h,yes,yes,bound,-,,,,1,-
SDL_AUDIODEVICEADDED,yes,no,SDL_oldnames.h,no,no,resolve,sdl2-compat-sentinel,,SDL_AUDIODEVICEADDED_renamed_SDL_EVENT_AUDIO_DEVICE_ADDED,,SDL_AUDIODEVICEADDED_renamed_SDL_EVENT_AUDIO_DEVICE_ADDED,sdl2-compat-sentinel
SDL_AUDIODEVICEREMOVED,yes,no,SDL_oldnames.h,no,no,resolve,sdl2-compat-sentinel,,SDL_AUDIODEVICEREMOVED_renamed_SDL_EVENT_AUDIO_DEVICE_REMOVED,,SDL_AUDIODEVICEREMOVED_renamed_SDL_EVENT_AUDIO_DEVICE_REMOVED,sdl2-compat-sentinel
SDL_AUDIO_DEVICE_DEFAULT_PLAYBACK,yes,no,SDL_audio.h,no,no,parse,cast,,,0xFFFFFFFFu,((SDL_AudioDeviceID) 0xFFFFFFFFu),cast
SDL_AUDIO_DEVICE_DEFAULT_RECORDING,yes,no,SDL_audio.h,no,no,parse,cast,,,0xFFFFFFFEu,((SDL_AudioDeviceID) 0xFFFFFFFEu),cast
SDL_AUDIO_MASK_BIG_ENDIAN,yes,no,SDL_audio.h,yes,yes,bound,-,,,,(1u<<12),-
SDL_AUDIO_MASK_BITSIZE,yes,no,SDL_audio.h,yes,yes,bound,-,,,,(0xFFu),-
SDL_AUDIO_MASK_FLOAT,yes,no,SDL_audio.h,yes,yes,bound,-,,,,(1u<<8),-
SDL_AUDIO_MASK_SIGNED,yes,no,SDL_audio.h,yes,yes,bound,-,,,,(1u<<15),-
SDL_AllocFormat,yes,no,SDL_oldnames.h,no,no,resolve,sdl2-compat-sentinel,,SDL_AllocFormat_renamed_SDL_GetPixelFormatDetails,,SDL_AllocFormat_renamed_SDL_GetPixelFormatDetails,sdl2-compat-sentinel
SDL_AllocPalette,yes,no,SDL_oldnames.h,no,no,resolve,sdl2-compat-sentinel,,SDL_AllocPalette_renamed_SDL_CreatePalette,,SDL_AllocPalette_renamed_SDL_CreatePalette,sdl2-compat-sentinel
SDL_AndroidBackButton,yes,no,SDL_oldnames.h,no,no,resolve,sdl2-compat-sentinel,,SDL_AndroidBackButton_renamed_SDL_SendAndroidBackButton,,SDL_AndroidBackButton_renamed_SDL_SendAndroidBackButton,sdl2-compat-sentinel
SDL_AndroidGetActivity,yes,no,SDL_oldnames.h,no,no,resolve,sdl2-compat-sentinel,,SDL_AndroidGetActivity_renamed_SDL_GetAndroidActivity,,SDL_AndroidGetActivity_renamed_SDL_GetAndroidActivity,sdl2-compat-sentinel
SDL_AndroidGetExternalStoragePath,yes,no,SDL_oldnames.h,no,no,resolve,sdl2-compat-sentinel,,SDL_AndroidGetExternalStoragePath_renamed_SDL_GetAndroidExternalStoragePath,,SDL_AndroidGetExternalStoragePath_renamed_SDL_GetAndroidExternalStoragePath,sdl2-compat-sentinel
SDL_AndroidGetExternalStorageState,yes,no,SDL_oldnames.h,no,no,resolve,sdl2-compat-sentinel,,SDL_AndroidGetExternalStorageState_renamed_SDL_GetAndroidExternalStorageState,,SDL_AndroidGetExternalStorageState_renamed_SDL_GetAndroidExternalStorageState,sdl2-compat-sentinel
SDL_AndroidGetInternalStoragePath,yes,no,SDL_oldnames.h,no,no,resolve,sdl2-compat-sentinel,,SDL_AndroidGetInternalStoragePath_renamed_SDL_GetAndroidInternalStoragePath,,SDL_AndroidGetInternalStoragePath_renamed_SDL_GetAndroidInternalStoragePath,sdl2-compat-sentinel
SDL_AndroidGetJNIEnv,yes,no,SDL_oldnames.h,no,no,resolve,sdl2-compat-sentinel,,SDL_AndroidGetJNIEnv_renamed_SDL_GetAndroidJNIEnv,,SDL_AndroidGetJNIEnv_renamed_SDL_GetAndroidJNIEnv,sdl2-compat-sentinel
SDL_AndroidRequestPermission,yes,no,SDL_oldnames.h,no,no,resolve,sdl2-compat-sentinel,,SDL_AndroidRequestPermission_renamed_SDL_RequestAndroidPermission,,SDL_AndroidRequestPermission_renamed_SDL_RequestAndroidPermission,sdl2-compat-sentinel
SDL_AndroidRequestPermissionCallback,yes,no,SDL_oldnames.h,no,no,resolve,sdl2-compat-sentinel,,SDL_AndroidRequestPermissionCallback_renamed_SDL_RequestAndroidPermissionCallback,,SDL_AndroidRequestPermissionCallback_renamed_SDL_RequestAndroidPermissionCallback,sdl2-compat-sentinel
SDL_AndroidSendMessage,yes,no,SDL_oldnames.h,no,no,resolve,sdl2-compat-sentinel,,SDL_AndroidSendMessage_renamed_SDL_SendAndroidMessage,,SDL_AndroidSendMessage_renamed_SDL_SendAndroidMessage,sdl2-compat-sentinel
SDL_AndroidShowToast,yes,no,SDL_oldnames.h,no,no,resolve,sdl2-compat-sentinel,,SDL_AndroidShowToast_renamed_SDL_ShowAndroidToast,,SDL_AndroidShowToast_renamed_SDL_ShowAndroidToast,sdl2-compat-sentinel
SDL_AtomicAdd,yes,no,SDL_oldnames.h,no,no,resolve,sdl2-compat-sentinel,,SDL_AtomicAdd_renamed_SDL_AddAtomicInt,,SDL_AtomicAdd_renamed_SDL_AddAtomicInt,sdl2-compat-sentinel
SDL_AtomicCAS,yes,no,SDL_oldnames.h,no,no,resolve,sdl2-compat-sentinel,,SDL_AtomicCAS_renamed_SDL_CompareAndSwapAtomicInt,,SDL_AtomicCAS_renamed_SDL_CompareAndSwapAtomicInt,sdl2-compat-sentinel
SDL_AtomicCASPtr,yes,no,SDL_oldnames.h,no,no,resolve,sdl2-compat-sentinel,,SDL_AtomicCASPtr_renamed_SDL_CompareAndSwapAtomicPointer,,SDL_AtomicCASPtr_renamed_SDL_CompareAndSwapAtomicPointer,sdl2-compat-sentinel
SDL_AtomicGet,yes,no,SDL_oldnames.h,no,no,resolve,sdl2-compat-sentinel,,SDL_AtomicGet_renamed_SDL_GetAtomicInt,,SDL_AtomicGet_renamed_SDL_GetAtomicInt,sdl2-compat-sentinel
SDL_AtomicGetPtr,yes,no,SDL_oldnames.h,no,no,resolve,sdl2-compat-sentinel,,SDL_AtomicGetPtr_renamed_SDL_GetAtomicPointer,,SDL_AtomicGetPtr_renamed_SDL_GetAtomicPointer,sdl2-compat-sentinel
SDL_AtomicLock,yes,no,SDL_oldnames.h,no,no,resolve,sdl2-compat-sentinel,,SDL_AtomicLock_renamed_SDL_LockSpinlock,,SDL_AtomicLock_renamed_SDL_LockSpinlock,sdl2-compat-sentinel
SDL_AtomicSet,yes,no,SDL_oldnames.h,no,no,resolve,sdl2-compat-sentinel,,SDL_AtomicSet_renamed_SDL_SetAtomicInt,,SDL_AtomicSet_renamed_SDL_SetAtomicInt,sdl2-compat-sentinel
SDL_AtomicSetPtr,yes,no,SDL_oldnames.h,no,no,resolve,sdl2-compat-sentinel,,SDL_AtomicSetPtr_renamed_SDL_SetAtomicPointer,,SDL_AtomicSetPtr_renamed_SDL_SetAtomicPointer,sdl2-compat-sentinel
SDL_AtomicTryLock,yes,no,SDL_oldnames.h,no,no,resolve,sdl2-compat-sentinel,,SDL_AtomicTryLock_renamed_SDL_TryLockSpinlock,,SDL_AtomicTryLock_renamed_SDL_TryLockSpinlock,sdl2-compat-sentinel
SDL_AtomicUnlock,yes,no,SDL_oldnames.h,no,no,resolve,sdl2-compat-sentinel,,SDL_AtomicUnlock_renamed_SDL_UnlockSpinlock,,SDL_AtomicUnlock_renamed_SDL_UnlockSpinlock,sdl2-compat-sentinel
SDL_AudioStreamAvailable,yes,no,SDL_oldnames.h,no,no,resolve,sdl2-compat-sentinel,,SDL_AudioStreamAvailable_renamed_SDL_GetAudioStreamAvailable,,SDL_AudioStreamAvailable_renamed_SDL_GetAudioStreamAvailable,sdl2-compat-sentinel
SDL_AudioStreamClear,yes,no,SDL_oldnames.h,no,no,resolve,sdl2-compat-sentinel,,SDL_AudioStreamClear_renamed_SDL_ClearAudioStream,,SDL_AudioStreamClear_renamed_SDL_ClearAudioStream,sdl2-compat-sentinel
SDL_AudioStreamFlush,yes,no,SDL_oldnames.h,no,no,resolve,sdl2-compat-sentinel,,SDL_AudioStreamFlush_renamed_SDL_FlushAudioStream,,SDL_AudioStreamFlush_renamed_SDL_FlushAudioStream,sdl2-compat-sentinel
SDL_AudioStreamGet,yes,no,SDL_oldnames.h,no,no,resolve,sdl2-compat-sentinel,,SDL_AudioStreamGet_renamed_SDL_GetAudioStreamData,,SDL_AudioStreamGet_renamed_SDL_GetAudioStreamData,sdl2-compat-sentinel
SDL_AudioStreamPut,yes,no,SDL_oldnames.h,no,no,resolve,sdl2-compat-sentinel,,SDL_AudioStreamPut_renamed_SDL_PutAudioStreamData,,SDL_AudioStreamPut_renamed_SDL_PutAudioStreamData,sdl2-compat-sentinel
SDL_BIG_ENDIAN,yes,no,SDL_endian.h,yes,yes,bound,-,,,,4321,-
SDL_BLENDMODE_ADD,yes,no,SDL_blendmode.h,yes,yes,bound,-,,,,0x00000002u,-
SDL_BLENDMODE_ADD_PREMULTIPLIED,yes,no,SDL_blendmode.h,yes,yes,bound,-,,,,0x00000020u,-
SDL_BLENDMODE_BLEND,yes,no,SDL_blendmode.h,yes,yes,bound,-,,,,0x00000001u,-
SDL_BLENDMODE_BLEND_PREMULTIPLIED,yes,no,SDL_blendmode.h,yes,yes,bound,-,,,,0x00000010u,-
SDL_BLENDMODE_INVALID,yes,no,SDL_blendmode.h,yes,yes,bound,-,,,,0x7FFFFFFFu,-
SDL_BLENDMODE_MOD,yes,no,SDL_blendmode.h,yes,yes,bound,-,,,,0x00000004u,-
SDL_BLENDMODE_MUL,yes,no,SDL_blendmode.h,yes,yes,bound,-,,,,0x00000008u,-
SDL_BLENDMODE_NONE,yes,no,SDL_blendmode.h,yes,yes,bound,-,,,,0x00000000u,-
SDL_BUTTON,yes,no,SDL_oldnames.h,no,no,resolve,sdl2-compat-sentinel,,SDL_BUTTON_renamed_SDL_BUTTON_MASK,,SDL_BUTTON_renamed_SDL_BUTTON_MASK,sdl2-compat-sentinel
SDL_BUTTON_LEFT,yes,no,SDL_mouse.h,yes,yes,bound,-,,,,1,-
SDL_BUTTON_LMASK,yes,no,SDL_mouse.h,yes,yes,bound,-,,,,SDL_BUTTON_MASK(SDL_BUTTON_LEFT),-
SDL_BUTTON_MIDDLE,yes,no,SDL_mouse.h,yes,yes,bound,-,,,,2,-
SDL_BUTTON_MMASK,yes,no,SDL_mouse.h,yes,yes,bound,-,,,,SDL_BUTTON_MASK(SDL_BUTTON_MIDDLE),-
SDL_BUTTON_RIGHT,yes,no,SDL_mouse.h,yes,yes,bound,-,,,,3,-
SDL_BUTTON_RMASK,yes,no,SDL_mouse.h,yes,yes,bound,-,,,,SDL_BUTTON_MASK(SDL_BUTTON_RIGHT),-
SDL_BUTTON_X1,yes,no,SDL_mouse.h,yes,yes,bound,-,,,,4,-
SDL_BUTTON_X1MASK,yes,no,SDL_mouse.h,yes,yes,bound,-,,,,SDL_BUTTON_MASK(SDL_BUTTON_X1),-
SDL_BUTTON_X2,yes,no,SDL_mouse.h,yes,yes,bound,-,,,,5,-
SDL_BUTTON_X2MASK,yes,no,SDL_mouse.h,yes,yes,bound,-,,,,SDL_BUTTON_MASK(SDL_BUTTON_X2),-
SDL_BYTEORDER,yes,no,SDL_endian.h,yes,yes,bound,-,,,,__BYTE_ORDER,-
SDL_BeginThreadFunction,yes,no,SDL_thread.h,no,no,typecheck,cascade,,NULL,,NULL,name-conflict
SDL_BlitScaled,yes,no,SDL_oldnames.h,no,no,resolve,sdl2-compat-sentinel,,SDL_BlitScaled_renamed_SDL_BlitSurfaceScaled,,SDL_BlitScaled_renamed_SDL_BlitSurfaceScaled,sdl2-compat-sentinel
SDL_CACHELINE_SIZE,yes,no,SDL_cpuinfo.h,yes,yes,bound,-,,,,128,-
SDL_CLIPBOARDUPDATE,yes,no,SDL_oldnames.h,no,no,resolve,sdl2-compat-sentinel,,SDL_CLIPBOARDUPDATE_renamed_SDL_EVENT_CLIPBOARD_UPDATE,,SDL_CLIPBOARDUPDATE_renamed_SDL_EVENT_CLIPBOARD_UPDATE,sdl2-compat-sentinel
SDL_COMPILEDVERSION,yes,no,SDL_oldnames.h,no,no,resolve,sdl2-compat-sentinel,,SDL_COMPILEDVERSION_renamed_SDL_VERSION,,SDL_COMPILEDVERSION_renamed_SDL_VERSION,sdl2-compat-sentinel
SDL_CONTROLLERAXISMOTION,yes,no,SDL_oldnames.h,no,no,resolve,sdl2-compat-sentinel,,SDL_CONTROLLERAXISMOTION_renamed_SDL_EVENT_GAMEPAD_AXIS_MOTION,,SDL_CONTROLLERAXISMOTION_renamed_SDL_EVENT_GAMEPAD_AXIS_MOTION,sdl2-compat-sentinel
SDL_CONTROLLERBUTTONDOWN,yes,no,SDL_oldnames.h,no,no,resolve,sdl2-compat-sentinel,,SDL_CONTROLLERBUTTONDOWN_renamed_SDL_EVENT_GAMEPAD_BUTTON_DOWN,,SDL_CONTROLLERBUTTONDOWN_renamed_SDL_EVENT_GAMEPAD_BUTTON_DOWN,sdl2-compat-sentinel
SDL_CONTROLLERBUTTONUP,yes,no,SDL_oldnames.h,no,no,resolve,sdl2-compat-sentinel,,SDL_CONTROLLERBUTTONUP_renamed_SDL_EVENT_GAMEPAD_BUTTON_UP,,SDL_CONTROLLERBUTTONUP_renamed_SDL_EVENT_GAMEPAD_BUTTON_UP,sdl2-compat-sentinel
SDL_CONTROLLERDEVICEADDED,yes,no,SDL_oldnames.h,no,no,resolve,sdl2-compat-sentinel,,SDL_CONTROLLERDEVICEADDED_renamed_SDL_EVENT_GAMEPAD_ADDED,,SDL_CONTROLLERDEVICEADDED_renamed_SDL_EVENT_GAMEPAD_ADDED,sdl2-compat-sentinel
SDL_CONTROLLERDEVICEREMAPPED,yes,no,SDL_oldnames.h,no,no,resolve,sdl2-compat-sentinel,,SDL_CONTROLLERDEVICEREMAPPED_renamed_SDL_EVENT_GAMEPAD_REMAPPED,,SDL_CONTROLLERDEVICEREMAPPED_renamed_SDL_EVENT_GAMEPAD_REMAPPED,sdl2-compat-sentinel
SDL_CONTROLLERDEVICEREMOVED,yes,no,SDL_oldnames.h,no,no,resolve,sdl2-compat-sentinel,,SDL_CONTROLLERDEVICEREMOVED_renamed_SDL_EVENT_GAMEPAD_REMOVED,,SDL_CONTROLLERDEVICEREMOVED_renamed_SDL_EVENT_GAMEPAD_REMOVED,sdl2-compat-sentinel
SDL_CONTROLLERSENSORUPDATE,yes,no,SDL_oldnames.h,no,no,resolve,sdl2-compat-sentinel,,SDL_CONTROLLERSENSORUPDATE_renamed_SDL_EVENT_GAMEPAD_SENSOR_UPDATE,,SDL_CONTROLLERSENSORUPDATE_renamed_SDL_EVENT_GAMEPAD_SENSOR_UPDATE,sdl2-compat-sentinel
SDL_CONTROLLERSTEAMHANDLEUPDATED,yes,no,SDL_oldnames.h,no,no,resolve,sdl2-compat-sentinel,,SDL_CONTROLLERSTEAMHANDLEUPDATED_renamed_SDL_EVENT_GAMEPAD_STEAM_HANDLE_UPDATED,,SDL_CONTROLLERSTEAMHANDLEUPDATED_renamed_SDL_EVENT_GAMEPAD_STEAM_HANDLE_UPDATED,sdl2-compat-sentinel
SDL_CONTROLLERTOUCHPADDOWN,yes,no,SDL_oldnames.h,no,no,resolve,sdl2-compat-sentinel,,SDL_CONTROLLERTOUCHPADDOWN_renamed_SDL_EVENT_GAMEPAD_TOUCHPAD_DOWN,,SDL_CONTROLLERTOUCHPADDOWN_renamed_SDL_EVENT_GAMEPAD_TOUCHPAD_DOWN,sdl2-compat-sentinel
SDL_CONTROLLERTOUCHPADMOTION,yes,no,SDL_oldnames.h,no,no,resolve,sdl2-compat-sentinel,,SDL_CONTROLLERTOUCHPADMOTION_renamed_SDL_EVENT_GAMEPAD_TOUCHPAD_MOTION,,SDL_CONTROLLERTOUCHPADMOTION_renamed_SDL_EVENT_GAMEPAD_TOUCHPAD_MOTION,sdl2-compat-sentinel
SDL_CONTROLLERTOUCHPADUP,yes,no,SDL_oldnames.h,no,no,resolve,sdl2-compat-sentinel,,SDL_CONTROLLERTOUCHPADUP_renamed_SDL_EVENT_GAMEPAD_TOUCHPAD_UP,,SDL_CONTROLLERTOUCHPADUP_renamed_SDL_EVENT_GAMEPAD_TOUCHPAD_UP,sdl2-compat-sentinel
SDL_CONTROLLER_AXIS_INVALID,yes,no,SDL_oldnames.h,no,no,resolve,sdl2-compat-sentinel,,SDL_CONTROLLER_AXIS_INVALID_renamed_SDL_GAMEPAD_AXIS_INVALID,,SDL_CONTROLLER_AXIS_INVALID_renamed_SDL_GAMEPAD_AXIS_INVALID,sdl2-compat-sentinel
SDL_CONTROLLER_AXIS_LEFTX,yes,no,SDL_oldnames.h,no,no,resolve,sdl2-compat-sentinel,,SDL_CONTROLLER_AXIS_LEFTX_renamed_SDL_GAMEPAD_AXIS_LEFTX,,SDL_CONTROLLER_AXIS_LEFTX_renamed_SDL_GAMEPAD_AXIS_LEFTX,sdl2-compat-sentinel
SDL_CONTROLLER_AXIS_LEFTY,yes,no,SDL_oldnames.h,no,no,resolve,sdl2-compat-sentinel,,SDL_CONTROLLER_AXIS_LEFTY_renamed_SDL_GAMEPAD_AXIS_LEFTY,,SDL_CONTROLLER_AXIS_LEFTY_renamed_SDL_GAMEPAD_AXIS_LEFTY,sdl2-compat-sentinel
SDL_CONTROLLER_AXIS_MAX,yes,no,SDL_oldnames.h,no,no,resolve,sdl2-compat-sentinel,,SDL_CONTROLLER_AXIS_MAX_renamed_SDL_GAMEPAD_AXIS_COUNT,,SDL_CONTROLLER_AXIS_MAX_renamed_SDL_GAMEPAD_AXIS_COUNT,sdl2-compat-sentinel
SDL_CONTROLLER_AXIS_RIGHTX,yes,no,SDL_oldnames.h,no,no,resolve,sdl2-compat-sentinel,,SDL_CONTROLLER_AXIS_RIGHTX_renamed_SDL_GAMEPAD_AXIS_RIGHTX,,SDL_CONTROLLER_AXIS_RIGHTX_renamed_SDL_GAMEPAD_AXIS_RIGHTX,sdl2-compat-sentinel
SDL_CONTROLLER_AXIS_RIGHTY,yes,no,SDL_oldnames.h,no,no,resolve,sdl2-compat-sentinel,,SDL_CONTROLLER_AXIS_RIGHTY_renamed_SDL_GAMEPAD_AXIS_RIGHTY,,SDL_CONTROLLER_AXIS_RIGHTY_renamed_SDL_GAMEPAD_AXIS_RIGHTY,sdl2-compat-sentinel
SDL_CONTROLLER_AXIS_TRIGGERLEFT,yes,no,SDL_oldnames.h,no,no,resolve,sdl2-compat-sentinel,,SDL_CONTROLLER_AXIS_TRIGGERLEFT_renamed_SDL_GAMEPAD_AXIS_LEFT_TRIGGER,,SDL_CONTROLLER_AXIS_TRIGGERLEFT_renamed_SDL_GAMEPAD_AXIS_LEFT_TRIGGER,sdl2-compat-sentinel
SDL_CONTROLLER_AXIS_TRIGGERRIGHT,yes,no,SDL_oldnames.h,no,no,resolve,sdl2-compat-sentinel,,SDL_CONTROLLER_AXIS_TRIGGERRIGHT_renamed_SDL_GAMEPAD_AXIS_RIGHT_TRIGGER,,SDL_CONTROLLER_AXIS_TRIGGERRIGHT_renamed_SDL_GAMEPAD_AXIS_RIGHT_TRIGGER,sdl2-compat-sentinel
SDL_CONTROLLER_BINDTYPE_AXIS,yes,no,SDL_oldnames.h,no,no,resolve,sdl2-compat-sentinel,,SDL_CONTROLLER_BINDTYPE_AXIS_renamed_SDL_GAMEPAD_BINDTYPE_AXIS,,SDL_CONTROLLER_BINDTYPE_AXIS_renamed_SDL_GAMEPAD_BINDTYPE_AXIS,sdl2-compat-sentinel
SDL_CONTROLLER_BINDTYPE_BUTTON,yes,no,SDL_oldnames.h,no,no,resolve,sdl2-compat-sentinel,,SDL_CONTROLLER_BINDTYPE_BUTTON_renamed_SDL_GAMEPAD_BINDTYPE_BUTTON,,SDL_CONTROLLER_BINDTYPE_BUTTON_renamed_SDL_GAMEPAD_BINDTYPE_BUTTON,sdl2-compat-sentinel
SDL_CONTROLLER_BINDTYPE_HAT,yes,no,SDL_oldnames.h,no,no,resolve,sdl2-compat-sentinel,,SDL_CONTROLLER_BINDTYPE_HAT_renamed_SDL_GAMEPAD_BINDTYPE_HAT,,SDL_CONTROLLER_BINDTYPE_HAT_renamed_SDL_GAMEPAD_BINDTYPE_HAT,sdl2-compat-sentinel
SDL_CONTROLLER_BINDTYPE_NONE,yes,no,SDL_oldnames.h,no,no,resolve,sdl2-compat-sentinel,,SDL_CONTROLLER_BINDTYPE_NONE_renamed_SDL_GAMEPAD_BINDTYPE_NONE,,SDL_CONTROLLER_BINDTYPE_NONE_renamed_SDL_GAMEPAD_BINDTYPE_NONE,sdl2-compat-sentinel
SDL_CONTROLLER_BUTTON_A,yes,no,SDL_oldnames.h,no,no,resolve,sdl2-compat-sentinel,,SDL_CONTROLLER_BUTTON_A_renamed_SDL_GAMEPAD_BUTTON_SOUTH,,SDL_CONTROLLER_BUTTON_A_renamed_SDL_GAMEPAD_BUTTON_SOUTH,sdl2-compat-sentinel
SDL_CONTROLLER_BUTTON_B,yes,no,SDL_oldnames.h,no,no,resolve,sdl2-compat-sentinel,,SDL_CONTROLLER_BUTTON_B_renamed_SDL_GAMEPAD_BUTTON_EAST,,SDL_CONTROLLER_BUTTON_B_renamed_SDL_GAMEPAD_BUTTON_EAST,sdl2-compat-sentinel
SDL_CONTROLLER_BUTTON_BACK,yes,no,SDL_oldnames.h,no,no,resolve,sdl2-compat-sentinel,,SDL_CONTROLLER_BUTTON_BACK_renamed_SDL_GAMEPAD_BUTTON_BACK,,SDL_CONTROLLER_BUTTON_BACK_renamed_SDL_GAMEPAD_BUTTON_BACK,sdl2-compat-sentinel
SDL_CONTROLLER_BUTTON_DPAD_DOWN,yes,no,SDL_oldnames.h,no,no,resolve,sdl2-compat-sentinel,,SDL_CONTROLLER_BUTTON_DPAD_DOWN_renamed_SDL_GAMEPAD_BUTTON_DPAD_DOWN,,SDL_CONTROLLER_BUTTON_DPAD_DOWN_renamed_SDL_GAMEPAD_BUTTON_DPAD_DOWN,sdl2-compat-sentinel
SDL_CONTROLLER_BUTTON_DPAD_LEFT,yes,no,SDL_oldnames.h,no,no,resolve,sdl2-compat-sentinel,,SDL_CONTROLLER_BUTTON_DPAD_LEFT_renamed_SDL_GAMEPAD_BUTTON_DPAD_LEFT,,SDL_CONTROLLER_BUTTON_DPAD_LEFT_renamed_SDL_GAMEPAD_BUTTON_DPAD_LEFT,sdl2-compat-sentinel
SDL_CONTROLLER_BUTTON_DPAD_RIGHT,yes,no,SDL_oldnames.h,no,no,resolve,sdl2-compat-sentinel,,SDL_CONTROLLER_BUTTON_DPAD_RIGHT_renamed_SDL_GAMEPAD_BUTTON_DPAD_RIGHT,,SDL_CONTROLLER_BUTTON_DPAD_RIGHT_renamed_SDL_GAMEPAD_BUTTON_DPAD_RIGHT,sdl2-compat-sentinel
SDL_CONTROLLER_BUTTON_DPAD_UP,yes,no,SDL_oldnames.h,no,no,resolve,sdl2-compat-sentinel,,SDL_CONTROLLER_BUTTON_DPAD_UP_renamed_SDL_GAMEPAD_BUTTON_DPAD_UP,,SDL_CONTROLLER_BUTTON_DPAD_UP_renamed_SDL_GAMEPAD_BUTTON_DPAD_UP,sdl2-compat-sentinel
SDL_CONTROLLER_BUTTON_GUIDE,yes,no,SDL_oldnames.h,no,no,resolve,sdl2-compat-sentinel,,SDL_CONTROLLER_BUTTON_GUIDE_renamed_SDL_GAMEPAD_BUTTON_GUIDE,,SDL_CONTROLLER_BUTTON_GUIDE_renamed_SDL_GAMEPAD_BUTTON_GUIDE,sdl2-compat-sentinel
SDL_CONTROLLER_BUTTON_INVALID,yes,no,SDL_oldnames.h,no,no,resolve,sdl2-compat-sentinel,,SDL_CONTROLLER_BUTTON_INVALID_renamed_SDL_GAMEPAD_BUTTON_INVALID,,SDL_CONTROLLER_BUTTON_INVALID_renamed_SDL_GAMEPAD_BUTTON_INVALID,sdl2-compat-sentinel
SDL_CONTROLLER_BUTTON_LEFTSHOULDER,yes,no,SDL_oldnames.h,no,no,resolve,sdl2-compat-sentinel,,SDL_CONTROLLER_BUTTON_LEFTSHOULDER_renamed_SDL_GAMEPAD_BUTTON_LEFT_SHOULDER,,SDL_CONTROLLER_BUTTON_LEFTSHOULDER_renamed_SDL_GAMEPAD_BUTTON_LEFT_SHOULDER,sdl2-compat-sentinel
SDL_CONTROLLER_BUTTON_LEFTSTICK,yes,no,SDL_oldnames.h,no,no,resolve,sdl2-compat-sentinel,,SDL_CONTROLLER_BUTTON_LEFTSTICK_renamed_SDL_GAMEPAD_BUTTON_LEFT_STICK,,SDL_CONTROLLER_BUTTON_LEFTSTICK_renamed_SDL_GAMEPAD_BUTTON_LEFT_STICK,sdl2-compat-sentinel
SDL_CONTROLLER_BUTTON_MAX,yes,no,SDL_oldnames.h,no,no,resolve,sdl2-compat-sentinel,,SDL_CONTROLLER_BUTTON_MAX_renamed_SDL_GAMEPAD_BUTTON_COUNT,,SDL_CONTROLLER_BUTTON_MAX_renamed_SDL_GAMEPAD_BUTTON_COUNT,sdl2-compat-sentinel
SDL_CONTROLLER_BUTTON_MISC1,yes,no,SDL_oldnames.h,no,no,resolve,sdl2-compat-sentinel,,SDL_CONTROLLER_BUTTON_MISC1_renamed_SDL_GAMEPAD_BUTTON_MISC1,,SDL_CONTROLLER_BUTTON_MISC1_renamed_SDL_GAMEPAD_BUTTON_MISC1,sdl2-compat-sentinel
SDL_CONTROLLER_BUTTON_PADDLE1,yes,no,SDL_oldnames.h,no,no,resolve,sdl2-compat-sentinel,,SDL_CONTROLLER_BUTTON_PADDLE1_renamed_SDL_GAMEPAD_BUTTON_RIGHT_PADDLE1,,SDL_CONTROLLER_BUTTON_PADDLE1_renamed_SDL_GAMEPAD_BUTTON_RIGHT_PADDLE1,sdl2-compat-sentinel
SDL_CONTROLLER_BUTTON_PADDLE2,yes,no,SDL_oldnames.h,no,no,resolve,sdl2-compat-sentinel,,SDL_CONTROLLER_BUTTON_PADDLE2_renamed_SDL_GAMEPAD_BUTTON_LEFT_PADDLE1,,SDL_CONTROLLER_BUTTON_PADDLE2_renamed_SDL_GAMEPAD_BUTTON_LEFT_PADDLE1,sdl2-compat-sentinel
SDL_CONTROLLER_BUTTON_PADDLE3,yes,no,SDL_oldnames.h,no,no,resolve,sdl2-compat-sentinel,,SDL_CONTROLLER_BUTTON_PADDLE3_renamed_SDL_GAMEPAD_BUTTON_RIGHT_PADDLE2,,SDL_CONTROLLER_BUTTON_PADDLE3_renamed_SDL_GAMEPAD_BUTTON_RIGHT_PADDLE2,sdl2-compat-sentinel
SDL_CONTROLLER_BUTTON_PADDLE4,yes,no,SDL_oldnames.h,no,no,resolve,sdl2-compat-sentinel,,SDL_CONTROLLER_BUTTON_PADDLE4_renamed_SDL_GAMEPAD_BUTTON_LEFT_PADDLE2,,SDL_CONTROLLER_BUTTON_PADDLE4_renamed_SDL_GAMEPAD_BUTTON_LEFT_PADDLE2,sdl2-compat-sentinel
SDL_CONTROLLER_BUTTON_RIGHTSHOULDER,yes,no,SDL_oldnames.h,no,no,resolve,sdl2-compat-sentinel,,SDL_CONTROLLER_BUTTON_RIGHTSHOULDER_renamed_SDL_GAMEPAD_BUTTON_RIGHT_SHOULDER,,SDL_CONTROLLER_BUTTON_RIGHTSHOULDER_renamed_SDL_GAMEPAD_BUTTON_RIGHT_SHOULDER,sdl2-compat-sentinel
SDL_CONTROLLER_BUTTON_RIGHTSTICK,yes,no,SDL_oldnames.h,no,no,resolve,sdl2-compat-sentinel,,SDL_CONTROLLER_BUTTON_RIGHTSTICK_renamed_SDL_GAMEPAD_BUTTON_RIGHT_STICK,,SDL_CONTROLLER_BUTTON_RIGHTSTICK_renamed_SDL_GAMEPAD_BUTTON_RIGHT_STICK,sdl2-compat-sentinel
SDL_CONTROLLER_BUTTON_START,yes,no,SDL_oldnames.h,no,no,resolve,sdl2-compat-sentinel,,SDL_CONTROLLER_BUTTON_START_renamed_SDL_GAMEPAD_BUTTON_START,,SDL_CONTROLLER_BUTTON_START_renamed_SDL_GAMEPAD_BUTTON_START,sdl2-compat-sentinel
SDL_CONTROLLER_BUTTON_TOUCHPAD,yes,no,SDL_oldnames.h,no,no,resolve,sdl2-compat-sentinel,,SDL_CONTROLLER_BUTTON_TOUCHPAD_renamed_SDL_GAMEPAD_BUTTON_TOUCHPAD,,SDL_CONTROLLER_BUTTON_TOUCHPAD_renamed_SDL_GAMEPAD_BUTTON_TOUCHPAD,sdl2-compat-sentinel
SDL_CONTROLLER_BUTTON_X,yes,no,SDL_oldnames.h,no,no,resolve,sdl2-compat-sentinel,,SDL_CONTROLLER_BUTTON_X_renamed_SDL_GAMEPAD_BUTTON_WEST,,SDL_CONTROLLER_BUTTON_X_renamed_SDL_GAMEPAD_BUTTON_WEST,sdl2-compat-sentinel
SDL_CONTROLLER_BUTTON_Y,yes,no,SDL_oldnames.h,no,no,resolve,sdl2-compat-sentinel,,SDL_CONTROLLER_BUTTON_Y_renamed_SDL_GAMEPAD_BUTTON_NORTH,,SDL_CONTROLLER_BUTTON_Y_renamed_SDL_GAMEPAD_BUTTON_NORTH,sdl2-compat-sentinel
SDL_CONTROLLER_TYPE_NINTENDO_SWITCH_JOYCON_LEFT,yes,no,SDL_oldnames.h,no,no,resolve,sdl2-compat-sentinel,,SDL_CONTROLLER_TYPE_NINTENDO_SWITCH_JOYCON_LEFT_renamed_SDL_GAMEPAD_TYPE_NINTENDO_SWITCH_JOYCON_LEFT,,SDL_CONTROLLER_TYPE_NINTENDO_SWITCH_JOYCON_LEFT_renamed_SDL_GAMEPAD_TYPE_NINTENDO_SWITCH_JOYCON_LEFT,sdl2-compat-sentinel
SDL_CONTROLLER_TYPE_NINTENDO_SWITCH_JOYCON_PAIR,yes,no,SDL_oldnames.h,no,no,resolve,sdl2-compat-sentinel,,SDL_CONTROLLER_TYPE_NINTENDO_SWITCH_JOYCON_PAIR_renamed_SDL_GAMEPAD_TYPE_NINTENDO_SWITCH_JOYCON_PAIR,,SDL_CONTROLLER_TYPE_NINTENDO_SWITCH_JOYCON_PAIR_renamed_SDL_GAMEPAD_TYPE_NINTENDO_SWITCH_JOYCON_PAIR,sdl2-compat-sentinel
SDL_CONTROLLER_TYPE_NINTENDO_SWITCH_JOYCON_RIGHT,yes,no,SDL_oldnames.h,no,no,resolve,sdl2-compat-sentinel,,SDL_CONTROLLER_TYPE_NINTENDO_SWITCH_JOYCON_RIGHT_renamed_SDL_GAMEPAD_TYPE_NINTENDO_SWITCH_JOYCON_RIGHT,,SDL_CONTROLLER_TYPE_NINTENDO_SWITCH_JOYCON_RIGHT_renamed_SDL_GAMEPAD_TYPE_NINTENDO_SWITCH_JOYCON_RIGHT,sdl2-compat-sentinel
SDL_CONTROLLER_TYPE_NINTENDO_SWITCH_PRO,yes,no,SDL_oldnames.h,no,no,resolve,sdl2-compat-sentinel,,SDL_CONTROLLER_TYPE_NINTENDO_SWITCH_PRO_renamed_SDL_GAMEPAD_TYPE_NINTENDO_SWITCH_PRO,,SDL_CONTROLLER_TYPE_NINTENDO_SWITCH_PRO_renamed_SDL_GAMEPAD_TYPE_NINTENDO_SWITCH_PRO,sdl2-compat-sentinel
SDL_CONTROLLER_TYPE_PS3,yes,no,SDL_oldnames.h,no,no,resolve,sdl2-compat-sentinel,,SDL_CONTROLLER_TYPE_PS3_renamed_SDL_GAMEPAD_TYPE_PS3,,SDL_CONTROLLER_TYPE_PS3_renamed_SDL_GAMEPAD_TYPE_PS3,sdl2-compat-sentinel
SDL_CONTROLLER_TYPE_PS4,yes,no,SDL_oldnames.h,no,no,resolve,sdl2-compat-sentinel,,SDL_CONTROLLER_TYPE_PS4_renamed_SDL_GAMEPAD_TYPE_PS4,,SDL_CONTROLLER_TYPE_PS4_renamed_SDL_GAMEPAD_TYPE_PS4,sdl2-compat-sentinel
SDL_CONTROLLER_TYPE_PS5,yes,no,SDL_oldnames.h,no,no,resolve,sdl2-compat-sentinel,,SDL_CONTROLLER_TYPE_PS5_renamed_SDL_GAMEPAD_TYPE_PS5,,SDL_CONTROLLER_TYPE_PS5_renamed_SDL_GAMEPAD_TYPE_PS5,sdl2-compat-sentinel
SDL_CONTROLLER_TYPE_UNKNOWN,yes,no,SDL_oldnames.h,no,no,resolve,sdl2-compat-sentinel,,SDL_CONTROLLER_TYPE_UNKNOWN_renamed_SDL_GAMEPAD_TYPE_STANDARD,,SDL_CONTROLLER_TYPE_UNKNOWN_renamed_SDL_GAMEPAD_TYPE_STANDARD,sdl2-compat-sentinel
SDL_CONTROLLER_TYPE_VIRTUAL,yes,no,SDL_oldnames.h,no,no,resolve,sdl2-compat-sentinel,,SDL_CONTROLLER_TYPE_VIRTUAL_renamed_SDL_GAMEPAD_TYPE_VIRTUAL,,SDL_CONTROLLER_TYPE_VIRTUAL_renamed_SDL_GAMEPAD_TYPE_VIRTUAL,sdl2-compat-sentinel
SDL_CONTROLLER_TYPE_XBOX360,yes,no,SDL_oldnames.h,no,no,resolve,sdl2-compat-sentinel,,SDL_CONTROLLER_TYPE_XBOX360_renamed_SDL_GAMEPAD_TYPE_XBOX360,,SDL_CONTROLLER_TYPE_XBOX360_renamed_SDL_GAMEPAD_TYPE_XBOX360,sdl2-compat-sentinel
SDL_CONTROLLER_TYPE_XBOXONE,yes,no,SDL_oldnames.h,no,no,resolve,sdl2-compat-sentinel,,SDL_CONTROLLER_TYPE_XBOXONE_renamed_SDL_GAMEPAD_TYPE_XBOXONE,,SDL_CONTROLLER_TYPE_XBOXONE_renamed_SDL_GAMEPAD_TYPE_XBOXONE,sdl2-compat-sentinel
SDL_Colour,yes,no,SDL_oldnames.h,no,no,resolve,sdl2-compat-sentinel,,SDL_Colour_renamed_SDL_Color,,SDL_Colour_renamed_SDL_Color,sdl2-compat-sentinel
SDL_CondBroadcast,yes,no,SDL_oldnames.h,no,no,resolve,sdl2-compat-sentinel,,SDL_CondBroadcast_renamed_SDL_BroadcastCondition,,SDL_CondBroadcast_renamed_SDL_BroadcastCondition,sdl2-compat-sentinel
SDL_CondSignal,yes,no,SDL_oldnames.h,no,no,resolve,sdl2-compat-sentinel,,SDL_CondSignal_renamed_SDL_SignalCondition,,SDL_CondSignal_renamed_SDL_SignalCondition,sdl2-compat-sentinel
SDL_CondWait,yes,no,SDL_oldnames.h,no,no,resolve,sdl2-compat-sentinel,,SDL_CondWait_renamed_SDL_WaitCondition,,SDL_CondWait_renamed_SDL_WaitCondition,sdl2-compat-sentinel
SDL_CondWaitTimeout,yes,no,SDL_oldnames.h,no,no,resolve,sdl2-compat-sentinel,,SDL_CondWaitTimeout_renamed_SDL_WaitConditionTimeout,,SDL_CondWaitTimeout_renamed_SDL_WaitConditionTimeout,sdl2-compat-sentinel
SDL_ControllerAxisEvent,yes,no,SDL_oldnames.h,no,no,resolve,sdl2-compat-sentinel,,SDL_ControllerAxisEvent_renamed_SDL_GamepadAxisEvent,,SDL_ControllerAxisEvent_renamed_SDL_GamepadAxisEvent,sdl2-compat-sentinel
SDL_ControllerButtonEvent,yes,no,SDL_oldnames.h,no,no,resolve,sdl2-compat-sentinel,,SDL_ControllerButtonEvent_renamed_SDL_GamepadButtonEvent,,SDL_ControllerButtonEvent_renamed_SDL_GamepadButtonEvent,sdl2-compat-sentinel
SDL_ControllerDeviceEvent,yes,no,SDL_oldnames.h,no,no,resolve,sdl2-compat-sentinel,,SDL_ControllerDeviceEvent_renamed_SDL_GamepadDeviceEvent,,SDL_ControllerDeviceEvent_renamed_SDL_GamepadDeviceEvent,sdl2-compat-sentinel
SDL_ControllerSensorEvent,yes,no,SDL_oldnames.h,no,no,resolve,sdl2-compat-sentinel,,SDL_ControllerSensorEvent_renamed_SDL_GamepadSensorEvent,,SDL_ControllerSensorEvent_renamed_SDL_GamepadSensorEvent,sdl2-compat-sentinel
SDL_ControllerTouchpadEvent,yes,no,SDL_oldnames.h,no,no,resolve,sdl2-compat-sentinel,,SDL_ControllerTouchpadEvent_renamed_SDL_GamepadTouchpadEvent,,SDL_ControllerTouchpadEvent_renamed_SDL_GamepadTouchpadEvent,sdl2-compat-sentinel
SDL_ConvertSurfaceFormat,yes,no,SDL_oldnames.h,no,no,resolve,sdl2-compat-sentinel,,SDL_ConvertSurfaceFormat_renamed_SDL_ConvertSurface,,SDL_ConvertSurfaceFormat_renamed_SDL_ConvertSurface,sdl2-compat-sentinel
SDL_CreateCond,yes,no,SDL_oldnames.h,no,no,resolve,sdl2-compat-sentinel,,SDL_CreateCond_renamed_SDL_CreateCondition,,SDL_CreateCond_renamed_SDL_CreateCondition,sdl2-compat-sentinel
SDL_DEBUG_TEXT_FONT_CHARACTER_SIZE,yes,no,SDL_render.h,yes,yes,bound,-,,,,8,-
SDL_DECLSPEC,yes,no,SDL_begin_code.h,no,no,parse,attribute,,,__attribute__,"__attribute__ ((visibility(""default"")))",attribute
SDL_DEPRECATED,yes,no,SDL_begin_code.h,no,no,parse,attribute,,,__attribute__,__attribute__((deprecated)),attribute
SDL_DISPLAYEVENT_CONNECTED,yes,no,SDL_oldnames.h,no,no,resolve,sdl2-compat-sentinel,,SDL_DISPLAYEVENT_CONNECTED_renamed_SDL_EVENT_DISPLAY_ADDED,,SDL_DISPLAYEVENT_CONNECTED_renamed_SDL_EVENT_DISPLAY_ADDED,sdl2-compat-sentinel
SDL_DISPLAYEVENT_DISCONNECTED,yes,no,SDL_oldnames.h,no,no,resolve,sdl2-compat-sentinel,,SDL_DISPLAYEVENT_DISCONNECTED_renamed_SDL_EVENT_DISPLAY_REMOVED,,SDL_DISPLAYEVENT_DISCONNECTED_renamed_SDL_EVENT_DISPLAY_REMOVED,sdl2-compat-sentinel
SDL_DISPLAYEVENT_MOVED,yes,no,SDL_oldnames.h,no,no,resolve,sdl2-compat-sentinel,,SDL_DISPLAYEVENT_MOVED_renamed_SDL_EVENT_DISPLAY_MOVED,,SDL_DISPLAYEVENT_MOVED_renamed_SDL_EVENT_DISPLAY_MOVED,sdl2-compat-sentinel
SDL_DISPLAYEVENT_ORIENTATION,yes,no,SDL_oldnames.h,no,no,resolve,sdl2-compat-sentinel,,SDL_DISPLAYEVENT_ORIENTATION_renamed_SDL_EVENT_DISPLAY_ORIENTATION,,SDL_DISPLAYEVENT_ORIENTATION_renamed_SDL_EVENT_DISPLAY_ORIENTATION,sdl2-compat-sentinel
SDL_DLNOTE_UNIQUE_NAME,yes,no,SDL_dlopennote.h,no,no,resolve,undeclared-identifier,,s_SDL_dlopen_note_,,"SDL_DLNOTE_JOIN(s_SDL_dlopen_note_, __LINE__)",undeclared-identifier
SDL_DROPBEGIN,yes,no,SDL_oldnames.h,no,no,resolve,sdl2-compat-sentinel,,SDL_DROPBEGIN_renamed_SDL_EVENT_DROP_BEGIN,,SDL_DROPBEGIN_renamed_SDL_EVENT_DROP_BEGIN,sdl2-compat-sentinel
SDL_DROPCOMPLETE,yes,no,SDL_oldnames.h,no,no,resolve,sdl2-compat-sentinel,,SDL_DROPCOMPLETE_renamed_SDL_EVENT_DROP_COMPLETE,,SDL_DROPCOMPLETE_renamed_SDL_EVENT_DROP_COMPLETE,sdl2-compat-sentinel
SDL_DROPFILE,yes,no,SDL_oldnames.h,no,no,resolve,sdl2-compat-sentinel,,SDL_DROPFILE_renamed_SDL_EVENT_DROP_FILE,,SDL_DROPFILE_renamed_SDL_EVENT_DROP_FILE,sdl2-compat-sentinel
SDL_DROPTEXT,yes,no,SDL_oldnames.h,no,no,resolve,sdl2-compat-sentinel,,SDL_DROPTEXT_renamed_SDL_EVENT_DROP_TEXT,,SDL_DROPTEXT_renamed_SDL_EVENT_DROP_TEXT,sdl2-compat-sentinel
SDL_DXGIGetOutputInfo,yes,no,SDL_oldnames.h,no,no,resolve,sdl2-compat-sentinel,,SDL_DXGIGetOutputInfo_renamed_SDL_GetDXGIOutputInfo,,SDL_DXGIGetOutputInfo_renamed_SDL_GetDXGIOutputInfo,sdl2-compat-sentinel
SDL_DelEventWatch,yes,no,SDL_oldnames.h,no,no,resolve,sdl2-compat-sentinel,,SDL_DelEventWatch_renamed_SDL_RemoveEventWatch,,SDL_DelEventWatch_renamed_SDL_RemoveEventWatch,sdl2-compat-sentinel
SDL_DelHintCallback,yes,no,SDL_oldnames.h,no,no,resolve,sdl2-compat-sentinel,,SDL_DelHintCallback_renamed_SDL_RemoveHintCallback,,SDL_DelHintCallback_renamed_SDL_RemoveHintCallback,sdl2-compat-sentinel
SDL_DestroyCond,yes,no,SDL_oldnames.h,no,no,resolve,sdl2-compat-sentinel,,SDL_DestroyCond_renamed_SDL_DestroyCondition,,SDL_DestroyCond_renamed_SDL_DestroyCondition,sdl2-compat-sentinel
SDL_Direct3D9GetAdapterIndex,yes,no,SDL_oldnames.h,no,no,resolve,sdl2-compat-sentinel,,SDL_Direct3D9GetAdapterIndex_renamed_SDL_GetDirect3D9AdapterIndex,,SDL_Direct3D9GetAdapterIndex_renamed_SDL_GetDirect3D9AdapterIndex,sdl2-compat-sentinel
SDL_ELF_NOTE_DLOPEN_PRIORITY_RECOMMENDED,yes,no,SDL_dlopennote.h,yes,yes,bound,-,,,,"""recommended""",-
SDL_ELF_NOTE_DLOPEN_PRIORITY_REQUIRED,yes,no,SDL_dlopennote.h,yes,yes,bound,-,,,,"""required""",-
SDL_ELF_NOTE_DLOPEN_PRIORITY_SUGGESTED,yes,no,SDL_dlopennote.h,yes,yes,bound,-,,,,"""suggested""",-
SDL_ELF_NOTE_DLOPEN_TYPE,yes,no,SDL_dlopennote.h,yes,yes,bound,-,,,,0x407c0c0aU,-
SDL_ELF_NOTE_DLOPEN_VENDOR,yes,no,SDL_dlopennote.h,yes,yes,bound,-,,,,"""FDO""",-
SDL_EncloseFPoints,yes,no,SDL_oldnames.h,no,no,resolve,sdl2-compat-sentinel,,SDL_EncloseFPoints_renamed_SDL_GetRectEnclosingPointsFloat,,SDL_EncloseFPoints_renamed_SDL_GetRectEnclosingPointsFloat,sdl2-compat-sentinel
SDL_EnclosePoints,yes,no,SDL_oldnames.h,no,no,resolve,sdl2-compat-sentinel,,SDL_EnclosePoints_renamed_SDL_GetRectEnclosingPoints,,SDL_EnclosePoints_renamed_SDL_GetRectEnclosingPoints,sdl2-compat-sentinel
SDL_EndThreadFunction,yes,no,SDL_thread.h,no,no,typecheck,cascade,,NULL,,NULL,name-conflict
SDL_FALLTHROUGH,yes,no,SDL_begin_code.h,no,no,parse,attribute,,,__attribute__,__attribute__((__fallthrough__)),attribute
SDL_FALSE,yes,no,SDL_oldnames.h,no,no,resolve,sdl2-compat-sentinel,,SDL_FALSE_renamed_false,,SDL_FALSE_renamed_false,sdl2-compat-sentinel
SDL_FILE,yes,no,SDL_assert.h,no,no,resolve,predefined-macro,,__FILE_NAME__,,__FILE_NAME__,predefined-macro
SDL_FINGERDOWN,yes,no,SDL_oldnames.h,no,no,resolve,sdl2-compat-sentinel,,SDL_FINGERDOWN_renamed_SDL_EVENT_FINGER_DOWN,,SDL_FINGERDOWN_renamed_SDL_EVENT_FINGER_DOWN,sdl2-compat-sentinel
SDL_FINGERMOTION,yes,no,SDL_oldnames.h,no,no,resolve,sdl2-compat-sentinel,,SDL_FINGERMOTION_renamed_SDL_EVENT_FINGER_MOTION,,SDL_FINGERMOTION_renamed_SDL_EVENT_FINGER_MOTION,sdl2-compat-sentinel
SDL_FINGERUP,yes,no,SDL_oldnames.h,no,no,resolve,sdl2-compat-sentinel,,SDL_FINGERUP_renamed_SDL_EVENT_FINGER_UP,,SDL_FINGERUP_renamed_SDL_EVENT_FINGER_UP,sdl2-compat-sentinel
SDL_FIRSTEVENT,yes,no,SDL_oldnames.h,no,no,resolve,sdl2-compat-sentinel,,SDL_FIRSTEVENT_renamed_SDL_EVENT_FIRST,,SDL_FIRSTEVENT_renamed_SDL_EVENT_FIRST,sdl2-compat-sentinel
SDL_FLOATWORDORDER,yes,no,SDL_endian.h,yes,yes,bound,-,,,,SDL_BYTEORDER,-
SDL_FLT_EPSILON,yes,no,SDL_stdinc.h,yes,yes,bound,-,,,,1.1920928955078125e-07F,-
SDL_FORCE_INLINE,yes,no,SDL_begin_code.h,no,no,parse,attribute,,,__attribute__,__attribute__((always_inline)) static __inline__,attribute
SDL_FRectEmpty,yes,no,SDL_oldnames.h,no,no,resolve,sdl2-compat-sentinel,,SDL_FRectEmpty_renamed_SDL_RectEmptyFloat,,SDL_FRectEmpty_renamed_SDL_RectEmptyFloat,sdl2-compat-sentinel
SDL_FRectEquals,yes,no,SDL_oldnames.h,no,no,resolve,sdl2-compat-sentinel,,SDL_FRectEquals_renamed_SDL_RectsEqualFloat,,SDL_FRectEquals_renamed_SDL_RectsEqualFloat,sdl2-compat-sentinel
SDL_FRectEqualsEpsilon,yes,no,SDL_oldnames.h,no,no,resolve,sdl2-compat-sentinel,,SDL_FRectEqualsEpsilon_renamed_SDL_RectsEqualEpsilon,,SDL_FRectEqualsEpsilon_renamed_SDL_RectsEqualEpsilon,sdl2-compat-sentinel
SDL_FUNCTION,yes,no,SDL_assert.h,no,no,parse,unclassified,,,__func__,__func__,unclassified
SDL_FillRect,yes,no,SDL_oldnames.h,no,no,resolve,sdl2-compat-sentinel,,SDL_FillRect_renamed_SDL_FillSurfaceRect,,SDL_FillRect_renamed_SDL_FillSurfaceRect,sdl2-compat-sentinel
SDL_FillRects,yes,no,SDL_oldnames.h,no,no,resolve,sdl2-compat-sentinel,,SDL_FillRects_renamed_SDL_FillSurfaceRects,,SDL_FillRects_renamed_SDL_FillSurfaceRects,sdl2-compat-sentinel
SDL_FreeAudioStream,yes,no,SDL_oldnames.h,no,no,resolve,sdl2-compat-sentinel,,SDL_FreeAudioStream_renamed_SDL_DestroyAudioStream,,SDL_FreeAudioStream_renamed_SDL_DestroyAudioStream,sdl2-compat-sentinel
SDL_FreeCursor,yes,no,SDL_oldnames.h,no,no,resolve,sdl2-compat-sentinel,,SDL_FreeCursor_renamed_SDL_DestroyCursor,,SDL_FreeCursor_renamed_SDL_DestroyCursor,sdl2-compat-sentinel
SDL_FreePalette,yes,no,SDL_oldnames.h,no,no,resolve,sdl2-compat-sentinel,,SDL_FreePalette_renamed_SDL_DestroyPalette,,SDL_FreePalette_renamed_SDL_DestroyPalette,sdl2-compat-sentinel
SDL_FreeSurface,yes,no,SDL_oldnames.h,no,no,resolve,sdl2-compat-sentinel,,SDL_FreeSurface_renamed_SDL_DestroySurface,,SDL_FreeSurface_renamed_SDL_DestroySurface,sdl2-compat-sentinel
SDL_FreeWAV,yes,no,SDL_oldnames.h,no,no,resolve,sdl2-compat-sentinel,,SDL_FreeWAV_renamed_SDL_free,,SDL_FreeWAV_renamed_SDL_free,sdl2-compat-sentinel
SDL_GDKGetDefaultUser,yes,no,SDL_oldnames.h,no,no,resolve,sdl2-compat-sentinel,,SDL_GDKGetDefaultUser_renamed_SDL_GetGDKDefaultUser,,SDL_GDKGetDefaultUser_renamed_SDL_GetGDKDefaultUser,sdl2-compat-sentinel
SDL_GDKGetTaskQueue,yes,no,SDL_oldnames.h,no,no,resolve,sdl2-compat-sentinel,,SDL_GDKGetTaskQueue_renamed_SDL_GetGDKTaskQueue,,SDL_GDKGetTaskQueue_renamed_SDL_GetGDKTaskQueue,sdl2-compat-sentinel
SDL_GLOB_CASEINSENSITIVE,yes,no,SDL_filesystem.h,yes,yes,bound,-,,,,(1u << 0),-
SDL_GL_CONTEXT_DEBUG_FLAG,yes,no,SDL_video.h,yes,yes,bound,-,,,,0x0001,-
SDL_GL_CONTEXT_FORWARD_COMPATIBLE_FLAG,yes,no,SDL_video.h,yes,yes,bound,-,,,,0x0002,-
SDL_GL_CONTEXT_PROFILE_COMPATIBILITY,yes,no,SDL_video.h,yes,yes,bound,-,,,,0x0002,-
SDL_GL_CONTEXT_PROFILE_CORE,yes,no,SDL_video.h,yes,yes,bound,-,,,,0x0001,-
SDL_GL_CONTEXT_PROFILE_ES,yes,no,SDL_video.h,yes,yes,bound,-,,,,0x0004,-
SDL_GL_CONTEXT_RELEASE_BEHAVIOR_FLUSH,yes,no,SDL_video.h,yes,yes,bound,-,,,,0x0001,-
SDL_GL_CONTEXT_RELEASE_BEHAVIOR_NONE,yes,no,SDL_video.h,yes,yes,bound,-,,,,0x0000,-
SDL_GL_CONTEXT_RESET_ISOLATION_FLAG,yes,no,SDL_video.h,yes,yes,bound,-,,,,0x0008,-
SDL_GL_CONTEXT_RESET_LOSE_CONTEXT,yes,no,SDL_video.h,yes,yes,bound,-,,,,0x0001,-
SDL_GL_CONTEXT_RESET_NO_NOTIFICATION,yes,no,SDL_video.h,yes,yes,bound,-,,,,0x0000,-
SDL_GL_CONTEXT_ROBUST_ACCESS_FLAG,yes,no,SDL_video.h,yes,yes,bound,-,,,,0x0004,-
SDL_GL_DeleteContext,yes,no,SDL_oldnames.h,no,no,resolve,sdl2-compat-sentinel,,SDL_GL_DeleteContext_renamed_SDL_GL_DestroyContext,,SDL_GL_DeleteContext_renamed_SDL_GL_DestroyContext,sdl2-compat-sentinel
SDL_GLattr,yes,no,SDL_oldnames.h,no,no,resolve,sdl2-compat-sentinel,,SDL_GLattr_renamed_SDL_GLAttr,,SDL_GLattr_renamed_SDL_GLAttr,sdl2-compat-sentinel
SDL_GLcontextFlag,yes,no,SDL_oldnames.h,no,no,resolve,sdl2-compat-sentinel,,SDL_GLcontextFlag_renamed_SDL_GLContextFlag,,SDL_GLcontextFlag_renamed_SDL_GLContextFlag,sdl2-compat-sentinel
SDL_GLcontextReleaseFlag,yes,no,SDL_oldnames.h,no,no,resolve,sdl2-compat-sentinel,,SDL_GLcontextReleaseFlag_renamed_SDL_GLContextReleaseFlag,,SDL_GLcontextReleaseFlag_renamed_SDL_GLContextReleaseFlag,sdl2-compat-sentinel
SDL_GLprofile,yes,no,SDL_oldnames.h,no,no,resolve,sdl2-compat-sentinel,,SDL_GLprofile_renamed_SDL_GLProfile,,SDL_GLprofile_renamed_SDL_GLProfile,sdl2-compat-sentinel
SDL_GPU_BUFFERUSAGE_COMPUTE_STORAGE_READ,yes,no,SDL_gpu.h,yes,yes,bound,-,,,,(1u << 4),-
SDL_GPU_BUFFERUSAGE_COMPUTE_STORAGE_WRITE,yes,no,SDL_gpu.h,yes,yes,bound,-,,,,(1u << 5),-
SDL_GPU_BUFFERUSAGE_GRAPHICS_STORAGE_READ,yes,no,SDL_gpu.h,yes,yes,bound,-,,,,(1u << 3),-
SDL_GPU_BUFFERUSAGE_INDEX,yes,no,SDL_gpu.h,yes,yes,bound,-,,,,(1u << 1),-
SDL_GPU_BUFFERUSAGE_INDIRECT,yes,no,SDL_gpu.h,yes,yes,bound,-,,,,(1u << 2),-
SDL_GPU_BUFFERUSAGE_VERTEX,yes,no,SDL_gpu.h,yes,yes,bound,-,,,,(1u << 0),-
SDL_GPU_COLORCOMPONENT_A,yes,no,SDL_gpu.h,yes,yes,bound,-,,,,(1u << 3),-
SDL_GPU_COLORCOMPONENT_B,yes,no,SDL_gpu.h,yes,yes,bound,-,,,,(1u << 2),-
SDL_GPU_COLORCOMPONENT_G,yes,no,SDL_gpu.h,yes,yes,bound,-,,,,(1u << 1),-
SDL_GPU_COLORCOMPONENT_R,yes,no,SDL_gpu.h,yes,yes,bound,-,,,,(1u << 0),-
SDL_GPU_RENDERER,yes,no,SDL_render.h,yes,yes,bound,-,,,,"""gpu""",-
SDL_GPU_SHADERFORMAT_DXBC,yes,no,SDL_gpu.h,yes,yes,bound,-,,,,(1u << 2),-
SDL_GPU_SHADERFORMAT_DXIL,yes,no,SDL_gpu.h,yes,yes,bound,-,,,,(1u << 3),-
SDL_GPU_SHADERFORMAT_INVALID,yes,no,SDL_gpu.h,yes,yes,bound,-,,,,0,-
SDL_GPU_SHADERFORMAT_METALLIB,yes,no,SDL_gpu.h,yes,yes,bound,-,,,,(1u << 5),-
SDL_GPU_SHADERFORMAT_MSL,yes,no,SDL_gpu.h,yes,yes,bound,-,,,,(1u << 4),-
SDL_GPU_SHADERFORMAT_PRIVATE,yes,no,SDL_gpu.h,yes,yes,bound,-,,,,(1u << 0),-
SDL_GPU_SHADERFORMAT_SPIRV,yes,no,SDL_gpu.h,yes,yes,bound,-,,,,(1u << 1),-
SDL_GPU_TEXTUREUSAGE_COLOR_TARGET,yes,no,SDL_gpu.h,yes,yes,bound,-,,,,(1u << 1),-
SDL_GPU_TEXTUREUSAGE_COMPUTE_STORAGE_READ,yes,no,SDL_gpu.h,yes,yes,bound,-,,,,(1u << 4),-
SDL_GPU_TEXTUREUSAGE_COMPUTE_STORAGE_SIMULTANEOUS_READ_WRITE,yes,no,SDL_gpu.h,yes,yes,bound,-,,,,(1u << 6),-
SDL_GPU_TEXTUREUSAGE_COMPUTE_STORAGE_WRITE,yes,no,SDL_gpu.h,yes,yes,bound,-,,,,(1u << 5),-
SDL_GPU_TEXTUREUSAGE_DEPTH_STENCIL_TARGET,yes,no,SDL_gpu.h,yes,yes,bound,-,,,,(1u << 2),-
SDL_GPU_TEXTUREUSAGE_GRAPHICS_STORAGE_READ,yes,no,SDL_gpu.h,yes,yes,bound,-,,,,(1u << 3),-
SDL_GPU_TEXTUREUSAGE_SAMPLER,yes,no,SDL_gpu.h,yes,yes,bound,-,,,,(1u << 0),-
SDL_GUIDFromString,yes,no,SDL_oldnames.h,no,no,resolve,sdl2-compat-sentinel,,SDL_GUIDFromString_renamed_SDL_StringToGUID,,SDL_GUIDFromString_renamed_SDL_StringToGUID,sdl2-compat-sentinel
SDL_GameController,yes,no,SDL_oldnames.h,no,no,resolve,sdl2-compat-sentinel,,SDL_GameController_renamed_SDL_Gamepad,,SDL_GameController_renamed_SDL_Gamepad,sdl2-compat-sentinel
SDL_GameControllerAddMapping,yes,no,SDL_oldnames.h,no,no,resolve,sdl2-compat-sentinel,,SDL_GameControllerAddMapping_renamed_SDL_AddGamepadMapping,,SDL_GameControllerAddMapping_renamed_SDL_AddGamepadMapping,sdl2-compat-sentinel
SDL_GameControllerAddMappingsFromFile,yes,no,SDL_oldnames.h,no,no,resolve,sdl2-compat-sentinel,,SDL_GameControllerAddMappingsFromFile_renamed_SDL_AddGamepadMappingsFromFile,,SDL_GameControllerAddMappingsFromFile_renamed_SDL_AddGamepadMappingsFromFile,sdl2-compat-sentinel
SDL_GameControllerAddMappingsFromRW,yes,no,SDL_oldnames.h,no,no,resolve,sdl2-compat-sentinel,,SDL_GameControllerAddMappingsFromRW_renamed_SDL_AddGamepadMappingsFromIO,,SDL_GameControllerAddMappingsFromRW_renamed_SDL_AddGamepadMappingsFromIO,sdl2-compat-sentinel
SDL_GameControllerAxis,yes,no,SDL_oldnames.h,no,no,resolve,sdl2-compat-sentinel,,SDL_GameControllerAxis_renamed_SDL_GamepadAxis,,SDL_GameControllerAxis_renamed_SDL_GamepadAxis,sdl2-compat-sentinel
SDL_GameControllerBindType,yes,no,SDL_oldnames.h,no,no,resolve,sdl2-compat-sentinel,,SDL_GameControllerBindType_renamed_SDL_GamepadBindingType,,SDL_GameControllerBindType_renamed_SDL_GamepadBindingType,sdl2-compat-sentinel
SDL_GameControllerButton,yes,no,SDL_oldnames.h,no,no,resolve,sdl2-compat-sentinel,,SDL_GameControllerButton_renamed_SDL_GamepadButton,,SDL_GameControllerButton_renamed_SDL_GamepadButton,sdl2-compat-sentinel
SDL_GameControllerClose,yes,no,SDL_oldnames.h,no,no,resolve,sdl2-compat-sentinel,,SDL_GameControllerClose_renamed_SDL_CloseGamepad,,SDL_GameControllerClose_renamed_SDL_CloseGamepad,sdl2-compat-sentinel
SDL_GameControllerEventState,yes,no,SDL_oldnames.h,no,no,resolve,sdl2-compat-sentinel,,SDL_GameControllerEventState_deprecated_use_SDL_SetGamepadEventsEnabled_true_false,,SDL_GameControllerEventState_deprecated_use_SDL_SetGamepadEventsEnabled_true_false,sdl2-compat-sentinel
SDL_GameControllerFromInstanceID,yes,no,SDL_oldnames.h,no,no,resolve,sdl2-compat-sentinel,,SDL_GameControllerFromInstanceID_renamed_SDL_GetGamepadFromID,,SDL_GameControllerFromInstanceID_renamed_SDL_GetGamepadFromID,sdl2-compat-sentinel
SDL_GameControllerFromPlayerIndex,yes,no,SDL_oldnames.h,no,no,resolve,sdl2-compat-sentinel,,SDL_GameControllerFromPlayerIndex_renamed_SDL_GetGamepadFromPlayerIndex,,SDL_GameControllerFromPlayerIndex_renamed_SDL_GetGamepadFromPlayerIndex,sdl2-compat-sentinel
SDL_GameControllerGetAppleSFSymbolsNameForAxis,yes,no,SDL_oldnames.h,no,no,resolve,sdl2-compat-sentinel,,SDL_GameControllerGetAppleSFSymbolsNameForAxis_renamed_SDL_GetGamepadAppleSFSymbolsNameForAxis,,SDL_GameControllerGetAppleSFSymbolsNameForAxis_renamed_SDL_GetGamepadAppleSFSymbolsNameForAxis,sdl2-compat-sentinel
SDL_GameControllerGetAppleSFSymbolsNameForButton,yes,no,SDL_oldnames.h,no,no,resolve,sdl2-compat-sentinel,,SDL_GameControllerGetAppleSFSymbolsNameForButton_renamed_SDL_GetGamepadAppleSFSymbolsNameForButton,,SDL_GameControllerGetAppleSFSymbolsNameForButton_renamed_SDL_GetGamepadAppleSFSymbolsNameForButton,sdl2-compat-sentinel
SDL_GameControllerGetAttached,yes,no,SDL_oldnames.h,no,no,resolve,sdl2-compat-sentinel,,SDL_GameControllerGetAttached_renamed_SDL_GamepadConnected,,SDL_GameControllerGetAttached_renamed_SDL_GamepadConnected,sdl2-compat-sentinel
SDL_GameControllerGetAxis,yes,no,SDL_oldnames.h,no,no,resolve,sdl2-compat-sentinel,,SDL_GameControllerGetAxis_renamed_SDL_GetGamepadAxis,,SDL_GameControllerGetAxis_renamed_SDL_GetGamepadAxis,sdl2-compat-sentinel
SDL_GameControllerGetAxisFromString,yes,no,SDL_oldnames.h,no,no,resolve,sdl2-compat-sentinel,,SDL_GameControllerGetAxisFromString_renamed_SDL_GetGamepadAxisFromString,,SDL_GameControllerGetAxisFromString_renamed_SDL_GetGamepadAxisFromString,sdl2-compat-sentinel
SDL_GameControllerGetButton,yes,no,SDL_oldnames.h,no,no,resolve,sdl2-compat-sentinel,,SDL_GameControllerGetButton_renamed_SDL_GetGamepadButton,,SDL_GameControllerGetButton_renamed_SDL_GetGamepadButton,sdl2-compat-sentinel
SDL_GameControllerGetButtonFromString,yes,no,SDL_oldnames.h,no,no,resolve,sdl2-compat-sentinel,,SDL_GameControllerGetButtonFromString_renamed_SDL_GetGamepadButtonFromString,,SDL_GameControllerGetButtonFromString_renamed_SDL_GetGamepadButtonFromString,sdl2-compat-sentinel
SDL_GameControllerGetFirmwareVersion,yes,no,SDL_oldnames.h,no,no,resolve,sdl2-compat-sentinel,,SDL_GameControllerGetFirmwareVersion_renamed_SDL_GetGamepadFirmwareVersion,,SDL_GameControllerGetFirmwareVersion_renamed_SDL_GetGamepadFirmwareVersion,sdl2-compat-sentinel
SDL_GameControllerGetJoystick,yes,no,SDL_oldnames.h,no,no,resolve,sdl2-compat-sentinel,,SDL_GameControllerGetJoystick_renamed_SDL_GetGamepadJoystick,,SDL_GameControllerGetJoystick_renamed_SDL_GetGamepadJoystick,sdl2-compat-sentinel
SDL_GameControllerGetNumTouchpadFingers,yes,no,SDL_oldnames.h,no,no,resolve,sdl2-compat-sentinel,,SDL_GameControllerGetNumTouchpadFingers_renamed_SDL_GetNumGamepadTouchpadFingers,,SDL_GameControllerGetNumTouchpadFingers_renamed_SDL_GetNumGamepadTouchpadFingers,sdl2-compat-sentinel
SDL_GameControllerGetNumTouchpads,yes,no,SDL_oldnames.h,no,no,resolve,sdl2-compat-sentinel,,SDL_GameControllerGetNumTouchpads_renamed_SDL_GetNumGamepadTouchpads,,SDL_GameControllerGetNumTouchpads_renamed_SDL_GetNumGamepadTouchpads,sdl2-compat-sentinel
SDL_GameControllerGetPlayerIndex,yes,no,SDL_oldnames.h,no,no,resolve,sdl2-compat-sentinel,,SDL_GameControllerGetPlayerIndex_renamed_SDL_GetGamepadPlayerIndex,,SDL_GameControllerGetPlayerIndex_renamed_SDL_GetGamepadPlayerIndex,sdl2-compat-sentinel
SDL_GameControllerGetProduct,yes,no,SDL_oldnames.h,no,no,resolve,sdl2-compat-sentinel,,SDL_GameControllerGetProduct_renamed_SDL_GetGamepadProduct,,SDL_GameControllerGetProduct_renamed_SDL_GetGamepadProduct,sdl2-compat-sentinel
SDL_GameControllerGetProductVersion,yes,no,SDL_oldnames.h,no,no,resolve,sdl2-compat-sentinel,,SDL_GameControllerGetProductVersion_renamed_SDL_GetGamepadProductVersion,,SDL_GameControllerGetProductVersion_renamed_SDL_GetGamepadProductVersion,sdl2-compat-sentinel
SDL_GameControllerGetSensorData,yes,no,SDL_oldnames.h,no,no,resolve,sdl2-compat-sentinel,,SDL_GameControllerGetSensorData_renamed_SDL_GetGamepadSensorData,,SDL_GameControllerGetSensorData_renamed_SDL_GetGamepadSensorData,sdl2-compat-sentinel
SDL_GameControllerGetSensorDataRate,yes,no,SDL_oldnames.h,no,no,resolve,sdl2-compat-sentinel,,SDL_GameControllerGetSensorDataRate_renamed_SDL_GetGamepadSensorDataRate,,SDL_GameControllerGetSensorDataRate_renamed_SDL_GetGamepadSensorDataRate,sdl2-compat-sentinel
SDL_GameControllerGetSerial,yes,no,SDL_oldnames.h,no,no,resolve,sdl2-compat-sentinel,,SDL_GameControllerGetSerial_renamed_SDL_GetGamepadSerial,,SDL_GameControllerGetSerial_renamed_SDL_GetGamepadSerial,sdl2-compat-sentinel
SDL_GameControllerGetSteamHandle,yes,no,SDL_oldnames.h,no,no,resolve,sdl2-compat-sentinel,,SDL_GameControllerGetSteamHandle_renamed_SDL_GetGamepadSteamHandle,,SDL_GameControllerGetSteamHandle_renamed_SDL_GetGamepadSteamHandle,sdl2-compat-sentinel
SDL_GameControllerGetStringForAxis,yes,no,SDL_oldnames.h,no,no,resolve,sdl2-compat-sentinel,,SDL_GameControllerGetStringForAxis_renamed_SDL_GetGamepadStringForAxis,,SDL_GameControllerGetStringForAxis_renamed_SDL_GetGamepadStringForAxis,sdl2-compat-sentinel
SDL_GameControllerGetStringForButton,yes,no,SDL_oldnames.h,no,no,resolve,sdl2-compat-sentinel,,SDL_GameControllerGetStringForButton_renamed_SDL_GetGamepadStringForButton,,SDL_GameControllerGetStringForButton_renamed_SDL_GetGamepadStringForButton,sdl2-compat-sentinel
SDL_GameControllerGetTouchpadFinger,yes,no,SDL_oldnames.h,no,no,resolve,sdl2-compat-sentinel,,SDL_GameControllerGetTouchpadFinger_renamed_SDL_GetGamepadTouchpadFinger,,SDL_GameControllerGetTouchpadFinger_renamed_SDL_GetGamepadTouchpadFinger,sdl2-compat-sentinel
SDL_GameControllerGetType,yes,no,SDL_oldnames.h,no,no,resolve,sdl2-compat-sentinel,,SDL_GameControllerGetType_renamed_SDL_GetGamepadType,,SDL_GameControllerGetType_renamed_SDL_GetGamepadType,sdl2-compat-sentinel
SDL_GameControllerGetVendor,yes,no,SDL_oldnames.h,no,no,resolve,sdl2-compat-sentinel,,SDL_GameControllerGetVendor_renamed_SDL_GetGamepadVendor,,SDL_GameControllerGetVendor_renamed_SDL_GetGamepadVendor,sdl2-compat-sentinel
SDL_GameControllerHasAxis,yes,no,SDL_oldnames.h,no,no,resolve,sdl2-compat-sentinel,,SDL_GameControllerHasAxis_renamed_SDL_GamepadHasAxis,,SDL_GameControllerHasAxis_renamed_SDL_GamepadHasAxis,sdl2-compat-sentinel
SDL_GameControllerHasButton,yes,no,SDL_oldnames.h,no,no,resolve,sdl2-compat-sentinel,,SDL_GameControllerHasButton_renamed_SDL_GamepadHasButton,,SDL_GameControllerHasButton_renamed_SDL_GamepadHasButton,sdl2-compat-sentinel
SDL_GameControllerHasSensor,yes,no,SDL_oldnames.h,no,no,resolve,sdl2-compat-sentinel,,SDL_GameControllerHasSensor_renamed_SDL_GamepadHasSensor,,SDL_GameControllerHasSensor_renamed_SDL_GamepadHasSensor,sdl2-compat-sentinel
SDL_GameControllerIsSensorEnabled,yes,no,SDL_oldnames.h,no,no,resolve,sdl2-compat-sentinel,,SDL_GameControllerIsSensorEnabled_renamed_SDL_GamepadSensorEnabled,,SDL_GameControllerIsSensorEnabled_renamed_SDL_GamepadSensorEnabled,sdl2-compat-sentinel
SDL_GameControllerMapping,yes,no,SDL_oldnames.h,no,no,resolve,sdl2-compat-sentinel,,SDL_GameControllerMapping_renamed_SDL_GetGamepadMapping,,SDL_GameControllerMapping_renamed_SDL_GetGamepadMapping,sdl2-compat-sentinel
SDL_GameControllerMappingForDeviceIndex,yes,no,SDL_oldnames.h,no,no,resolve,sdl2-compat-sentinel,,SDL_GameControllerMappingForDeviceIndex_renamed_SDL_GetGamepadMappingForDeviceIndex,,SDL_GameControllerMappingForDeviceIndex_renamed_SDL_GetGamepadMappingForDeviceIndex,sdl2-compat-sentinel
SDL_GameControllerMappingForGUID,yes,no,SDL_oldnames.h,no,no,resolve,sdl2-compat-sentinel,,SDL_GameControllerMappingForGUID_renamed_SDL_GetGamepadMappingForGUID,,SDL_GameControllerMappingForGUID_renamed_SDL_GetGamepadMappingForGUID,sdl2-compat-sentinel
SDL_GameControllerName,yes,no,SDL_oldnames.h,no,no,resolve,sdl2-compat-sentinel,,SDL_GameControllerName_renamed_SDL_GetGamepadName,,SDL_GameControllerName_renamed_SDL_GetGamepadName,sdl2-compat-sentinel
SDL_GameControllerOpen,yes,no,SDL_oldnames.h,no,no,resolve,sdl2-compat-sentinel,,SDL_GameControllerOpen_renamed_SDL_OpenGamepad,,SDL_GameControllerOpen_renamed_SDL_OpenGamepad,sdl2-compat-sentinel
SDL_GameControllerPath,yes,no,SDL_oldnames.h,no,no,resolve,sdl2-compat-sentinel,,SDL_GameControllerPath_renamed_SDL_GetGamepadPath,,SDL_GameControllerPath_renamed_SDL_GetGamepadPath,sdl2-compat-sentinel
SDL_GameControllerRumble,yes,no,SDL_oldnames.h,no,no,resolve,sdl2-compat-sentinel,,SDL_GameControllerRumble_renamed_SDL_RumbleGamepad,,SDL_GameControllerRumble_renamed_SDL_RumbleGamepad,sdl2-compat-sentinel
SDL_GameControllerRumbleTriggers,yes,no,SDL_oldnames.h,no,no,resolve,sdl2-compat-sentinel,,SDL_GameControllerRumbleTriggers_renamed_SDL_RumbleGamepadTriggers,,SDL_GameControllerRumbleTriggers_renamed_SDL_RumbleGamepadTriggers,sdl2-compat-sentinel
SDL_GameControllerSendEffect,yes,no,SDL_oldnames.h,no,no,resolve,sdl2-compat-sentinel,,SDL_GameControllerSendEffect_renamed_SDL_SendGamepadEffect,,SDL_GameControllerSendEffect_renamed_SDL_SendGamepadEffect,sdl2-compat-sentinel
SDL_GameControllerSetLED,yes,no,SDL_oldnames.h,no,no,resolve,sdl2-compat-sentinel,,SDL_GameControllerSetLED_renamed_SDL_SetGamepadLED,,SDL_GameControllerSetLED_renamed_SDL_SetGamepadLED,sdl2-compat-sentinel
SDL_GameControllerSetPlayerIndex,yes,no,SDL_oldnames.h,no,no,resolve,sdl2-compat-sentinel,,SDL_GameControllerSetPlayerIndex_renamed_SDL_SetGamepadPlayerIndex,,SDL_GameControllerSetPlayerIndex_renamed_SDL_SetGamepadPlayerIndex,sdl2-compat-sentinel
SDL_GameControllerSetSensorEnabled,yes,no,SDL_oldnames.h,no,no,resolve,sdl2-compat-sentinel,,SDL_GameControllerSetSensorEnabled_renamed_SDL_SetGamepadSensorEnabled,,SDL_GameControllerSetSensorEnabled_renamed_SDL_SetGamepadSensorEnabled,sdl2-compat-sentinel
SDL_GameControllerType,yes,no,SDL_oldnames.h,no,no,resolve,sdl2-compat-sentinel,,SDL_GameControllerType_renamed_SDL_GamepadType,,SDL_GameControllerType_renamed_SDL_GamepadType,sdl2-compat-sentinel
SDL_GameControllerUpdate,yes,no,SDL_oldnames.h,no,no,resolve,sdl2-compat-sentinel,,SDL_GameControllerUpdate_renamed_SDL_UpdateGamepads,,SDL_GameControllerUpdate_renamed_SDL_UpdateGamepads,sdl2-compat-sentinel
SDL_GetCPUCount,yes,no,SDL_oldnames.h,no,no,resolve,sdl2-compat-sentinel,,SDL_GetCPUCount_renamed_SDL_GetNumLogicalCPUCores,,SDL_GetCPUCount_renamed_SDL_GetNumLogicalCPUCores,sdl2-compat-sentinel
SDL_GetClipRect,yes,no,SDL_oldnames.h,no,no,resolve,sdl2-compat-sentinel,,SDL_GetClipRect_renamed_SDL_GetSurfaceClipRect,,SDL_GetClipRect_renamed_SDL_GetSurfaceClipRect,sdl2-compat-sentinel
SDL_GetClosestDisplayMode,yes,no,SDL_oldnames.h,no,no,resolve,sdl2-compat-sentinel,,SDL_GetClosestDisplayMode_renamed_SDL_GetClosestFullscreenDisplayMode,,SDL_GetClosestDisplayMode_renamed_SDL_GetClosestFullscreenDisplayMode,sdl2-compat-sentinel
SDL_GetColorKey,yes,no,SDL_oldnames.h,no,no,resolve,sdl2-compat-sentinel,,SDL_GetColorKey_renamed_SDL_GetSurfaceColorKey,,SDL_GetColorKey_renamed_SDL_GetSurfaceColorKey,sdl2-compat-sentinel
SDL_GetDisplayOrientation,yes,no,SDL_oldnames.h,no,no,resolve,sdl2-compat-sentinel,,SDL_GetDisplayOrientation_renamed_SDL_GetCurrentDisplayOrientation,,SDL_GetDisplayOrientation_renamed_SDL_GetCurrentDisplayOrientation,sdl2-compat-sentinel
SDL_GetPointDisplayIndex,yes,no,SDL_oldnames.h,no,no,resolve,sdl2-compat-sentinel,,SDL_GetPointDisplayIndex_renamed_SDL_GetDisplayForPoint,,SDL_GetPointDisplayIndex_renamed_SDL_GetDisplayForPoint,sdl2-compat-sentinel
SDL_GetRectDisplayIndex,yes,no,SDL_oldnames.h,no,no,resolve,sdl2-compat-sentinel,,SDL_GetRectDisplayIndex_renamed_SDL_GetDisplayForRect,,SDL_GetRectDisplayIndex_renamed_SDL_GetDisplayForRect,sdl2-compat-sentinel
SDL_GetRendererOutputSize,yes,no,SDL_oldnames.h,no,no,resolve,sdl2-compat-sentinel,,SDL_GetRendererOutputSize_renamed_SDL_GetCurrentRenderOutputSize,,SDL_GetRendererOutputSize_renamed_SDL_GetCurrentRenderOutputSize,sdl2-compat-sentinel
SDL_GetTicks64,yes,no,SDL_oldnames.h,no,no,resolve,sdl2-compat-sentinel,,SDL_GetTicks64_renamed_SDL_GetTicks,,SDL_GetTicks64_renamed_SDL_GetTicks,sdl2-compat-sentinel
SDL_GetWindowDisplayIndex,yes,no,SDL_oldnames.h,no,no,resolve,sdl2-compat-sentinel,,SDL_GetWindowDisplayIndex_renamed_SDL_GetDisplayForWindow,,SDL_GetWindowDisplayIndex_renamed_SDL_GetDisplayForWindow,sdl2-compat-sentinel
SDL_GetWindowDisplayMode,yes,no,SDL_oldnames.h,no,no,resolve,sdl2-compat-sentinel,,SDL_GetWindowDisplayMode_renamed_SDL_GetWindowFullscreenMode,,SDL_GetWindowDisplayMode_renamed_SDL_GetWindowFullscreenMode,sdl2-compat-sentinel
SDL_HAPTIC_AUTOCENTER,yes,no,SDL_haptic.h,yes,yes,bound,-,,,,(1u<<17),-
SDL_HAPTIC_CARTESIAN,yes,no,SDL_haptic.h,yes,yes,bound,-,,,,1,-
SDL_HAPTIC_CONSTANT,yes,no,SDL_haptic.h,yes,yes,bound,-,,,,(1u<<0),-
SDL_HAPTIC_CUSTOM,yes,no,SDL_haptic.h,yes,yes,bound,-,,,,(1u<<15),-
SDL_HAPTIC_DAMPER,yes,no,SDL_haptic.h,yes,yes,bound,-,,,,(1u<<8),-
SDL_HAPTIC_FRICTION,yes,no,SDL_haptic.h,yes,yes,bound,-,,,,(1u<<10),-
SDL_HAPTIC_GAIN,yes,no,SDL_haptic.h,yes,yes,bound,-,,,,(1u<<16),-
SDL_HAPTIC_INERTIA,yes,no,SDL_haptic.h,yes,yes,bound,-,,,,(1u<<9),-
SDL_HAPTIC_INFINITY,yes,no,SDL_haptic.h,yes,yes,bound,-,,,,4294967295U,-
SDL_HAPTIC_LEFTRIGHT,yes,no,SDL_haptic.h,yes,yes,bound,-,,,,(1u<<11),-
SDL_HAPTIC_PAUSE,yes,no,SDL_haptic.h,yes,yes,bound,-,,,,(1u<<19),-
SDL_HAPTIC_POLAR,yes,no,SDL_haptic.h,yes,yes,bound,-,,,,0,-
SDL_HAPTIC_RAMP,yes,no,SDL_haptic.h,yes,yes,bound,-,,,,(1u<<6),-
SDL_HAPTIC_RESERVED1,yes,no,SDL_haptic.h,yes,yes,bound,-,,,,(1u<<12),-
SDL_HAPTIC_RESERVED2,yes,no,SDL_haptic.h,yes,yes,bound,-,,,,(1u<<13),-
SDL_HAPTIC_RESERVED3,yes,no,SDL_haptic.h,yes,yes,bound,-,,,,(1u<<14),-
SDL_HAPTIC_SAWTOOTHDOWN,yes,no,SDL_haptic.h,yes,yes,bound,-,,,,(1u<<5),-
SDL_HAPTIC_SAWTOOTHUP,yes,no,SDL_haptic.h,yes,yes,bound,-,,,,(1u<<4),-
SDL_HAPTIC_SINE,yes,no,SDL_haptic.h,yes,yes,bound,-,,,,(1u<<1),-
SDL_HAPTIC_SPHERICAL,yes,no,SDL_haptic.h,yes,yes,bound,-,,,,2,-
SDL_HAPTIC_SPRING,yes,no,SDL_haptic.h,yes,yes,bound,-,,,,(1u<<7),-
SDL_HAPTIC_SQUARE,yes,no,SDL_haptic.h,yes,yes,bound,-,,,,(1u<<2),-
SDL_HAPTIC_STATUS,yes,no,SDL_haptic.h,yes,yes,bound,-,,,,(1u<<18),-
SDL_HAPTIC_STEERING_AXIS,yes,no,SDL_haptic.h,yes,yes,bound,-,,,,3,-
SDL_HAPTIC_TRIANGLE,yes,no,SDL_haptic.h,yes,yes,bound,-,,,,(1u<<3),-
SDL_HAS_FALLTHROUGH,yes,no,SDL_begin_code.h,no,no,resolve,empty-body,,__has_attribute,,,empty-body
SDL_HAT_CENTERED,yes,no,SDL_joystick.h,yes,yes,bound,-,,,,0x00u,-
SDL_HAT_DOWN,yes,no,SDL_joystick.h,yes,yes,bound,-,,,,0x04u,-
SDL_HAT_LEFT,yes,no,SDL_joystick.h,yes,yes,bound,-,,,,0x08u,-
SDL_HAT_LEFTDOWN,yes,no,SDL_joystick.h,yes,yes,bound,-,,,,(SDL_HAT_LEFT|SDL_HAT_DOWN),-
SDL_HAT_LEFTUP,yes,no,SDL_joystick.h,yes,yes,bound,-,,,,(SDL_HAT_LEFT|SDL_HAT_UP),-
SDL_HAT_RIGHT,yes,no,SDL_joystick.h,yes,yes,bound,-,,,,0x02u,-
SDL_HAT_RIGHTDOWN,yes,no,SDL_joystick.h,yes,yes,bound,-,,,,(SDL_HAT_RIGHT|SDL_HAT_DOWN),-
SDL_HAT_RIGHTUP,yes,no,SDL_joystick.h,yes,yes,bound,-,,,,(SDL_HAT_RIGHT|SDL_HAT_UP),-
SDL_HAT_UP,yes,no,SDL_joystick.h,yes,yes,bound,-,,,,0x01u,-
SDL_HINT_ACCELEROMETER_AS_JOYSTICK,yes,no,SDL_oldnames.h,no,no,resolve,sdl2-compat-sentinel,,SDL_HINT_ACCELEROMETER_AS_JOYSTICK_deprecated_use_SDL_GamepadHasSensor_and_SDL_SetGamepadSensorEnabled,,SDL_HINT_ACCELEROMETER_AS_JOYSTICK_deprecated_use_SDL_GamepadHasSensor_and_SDL_SetGamepadSensorEnabled,sdl2-compat-sentinel
SDL_HINT_ALLOW_ALT_TAB_WHILE_GRABBED,yes,no,SDL_hints.h,yes,yes,bound,-,,,,"""SDL_ALLOW_ALT_TAB_WHILE_GRABBED""",-
SDL_HINT_ALLOW_TOPMOST,yes,no,SDL_oldnames.h,no,no,resolve,sdl2-compat-sentinel,,SDL_HINT_ALLOW_TOPMOST_renamed_SDL_HINT_WINDOW_ALLOW_TOPMOST,,SDL_HINT_ALLOW_TOPMOST_renamed_SDL_HINT_WINDOW_ALLOW_TOPMOST,sdl2-compat-sentinel
SDL_HINT_ANDROID_ALLOW_PERSISTENT_FOLDER_ACCESS,yes,no,SDL_hints.h,yes,yes,bound,-,,,,"""SDL_ANDROID_ALLOW_PERSISTENT_FOLDER_ACCESS""",-
SDL_HINT_ANDROID_ALLOW_RECREATE_ACTIVITY,yes,no,SDL_hints.h,yes,yes,bound,-,,,,"""SDL_ANDROID_ALLOW_RECREATE_ACTIVITY""",-
SDL_HINT_ANDROID_BLOCK_ON_PAUSE,yes,no,SDL_hints.h,yes,yes,bound,-,,,,"""SDL_ANDROID_BLOCK_ON_PAUSE""",-
SDL_HINT_ANDROID_LOW_LATENCY_AUDIO,yes,no,SDL_hints.h,yes,yes,bound,-,,,,"""SDL_ANDROID_LOW_LATENCY_AUDIO""",-
SDL_HINT_ANDROID_TRAP_BACK_BUTTON,yes,no,SDL_hints.h,yes,yes,bound,-,,,,"""SDL_ANDROID_TRAP_BACK_BUTTON""",-
SDL_HINT_APPLE_TV_CONTROLLER_UI_EVENTS,yes,no,SDL_hints.h,yes,yes,bound,-,,,,"""SDL_APPLE_TV_CONTROLLER_UI_EVENTS""",-
SDL_HINT_APPLE_TV_REMOTE_ALLOW_ROTATION,yes,no,SDL_hints.h,yes,yes,bound,-,,,,"""SDL_APPLE_TV_REMOTE_ALLOW_ROTATION""",-
SDL_HINT_APP_ID,yes,no,SDL_hints.h,yes,yes,bound,-,,,,"""SDL_APP_ID""",-
SDL_HINT_APP_NAME,yes,no,SDL_hints.h,yes,yes,bound,-,,,,"""SDL_APP_NAME""",-
SDL_HINT_ASSERT,yes,no,SDL_hints.h,yes,yes,bound,-,,,,"""SDL_ASSERT""",-
SDL_HINT_AUDIO_ALSA_DEFAULT_DEVICE,yes,no,SDL_hints.h,yes,yes,bound,-,,,,"""SDL_AUDIO_ALSA_DEFAULT_DEVICE""",-
SDL_HINT_AUDIO_ALSA_DEFAULT_PLAYBACK_DEVICE,yes,no,SDL_hints.h,yes,yes,bound,-,,,,"""SDL_AUDIO_ALSA_DEFAULT_PLAYBACK_DEVICE""",-
SDL_HINT_AUDIO_ALSA_DEFAULT_RECORDING_DEVICE,yes,no,SDL_hints.h,yes,yes,bound,-,,,,"""SDL_AUDIO_ALSA_DEFAULT_RECORDING_DEVICE""",-
SDL_HINT_AUDIO_CATEGORY,yes,no,SDL_hints.h,yes,yes,bound,-,,,,"""SDL_AUDIO_CATEGORY""",-
SDL_HINT_AUDIO_CHANNELS,yes,no,SDL_hints.h,yes,yes,bound,-,,,,"""SDL_AUDIO_CHANNELS""",-
SDL_HINT_AUDIO_DEVICE_APP_ICON_NAME,yes,no,SDL_hints.h,yes,yes,bound,-,,,,"""SDL_AUDIO_DEVICE_APP_ICON_NAME""",-
SDL_HINT_AUDIO_DEVICE_RAW_STREAM,yes,no,SDL_hints.h,yes,yes,bound,-,,,,"""SDL_AUDIO_DEVICE_RAW_STREAM""",-
SDL_HINT_AUDIO_DEVICE_SAMPLE_FRAMES,yes,no,SDL_hints.h,yes,yes,bound,-,,,,"""SDL_AUDIO_DEVICE_SAMPLE_FRAMES""",-
SDL_HINT_AUDIO_DEVICE_STREAM_NAME,yes,no,SDL_hints.h,yes,yes,bound,-,,,,"""SDL_AUDIO_DEVICE_STREAM_NAME""",-
SDL_HINT_AUDIO_DEVICE_STREAM_ROLE,yes,no,SDL_hints.h,yes,yes,bound,-,,,,"""SDL_AUDIO_DEVICE_STREAM_ROLE""",-
SDL_HINT_AUDIO_DISK_INPUT_FILE,yes,no,SDL_hints.h,yes,yes,bound,-,,,,"""SDL_AUDIO_DISK_INPUT_FILE""",-
SDL_HINT_AUDIO_DISK_OUTPUT_FILE,yes,no,SDL_hints.h,yes,yes,bound,-,,,,"""SDL_AUDIO_DISK_OUTPUT_FILE""",-
SDL_HINT_AUDIO_DISK_TIMESCALE,yes,no,SDL_hints.h,yes,yes,bound,-,,,,"""SDL_AUDIO_DISK_TIMESCALE""",-
SDL_HINT_AUDIO_DRIVER,yes,no,SDL_hints.h,yes,yes,bound,-,,,,"""SDL_AUDIO_DRIVER""",-
SDL_HINT_AUDIO_DUCK_OTHERS,yes,no,SDL_hints.h,yes,yes,bound,-,,,,"""SDL_AUDIO_DUCK_OTHERS""",-
SDL_HINT_AUDIO_DUMMY_TIMESCALE,yes,no,SDL_hints.h,yes,yes,bound,-,,,,"""SDL_AUDIO_DUMMY_TIMESCALE""",-
SDL_HINT_AUDIO_FORMAT,yes,no,SDL_hints.h,yes,yes,bound,-,,,,"""SDL_AUDIO_FORMAT""",-
SDL_HINT_AUDIO_FREQUENCY,yes,no,SDL_hints.h,yes,yes,bound,-,,,,"""SDL_AUDIO_FREQUENCY""",-
SDL_HINT_AUDIO_INCLUDE_MONITORS,yes,no,SDL_hints.h,yes,yes,bound,-,,,,"""SDL_AUDIO_INCLUDE_MONITORS""",-
SDL_HINT_AUTO_UPDATE_JOYSTICKS,yes,no,SDL_hints.h,yes,yes,bound,-,,,,"""SDL_AUTO_UPDATE_JOYSTICKS""",-
SDL_HINT_AUTO_UPDATE_SENSORS,yes,no,SDL_hints.h,yes,yes,bound,-,,,,"""SDL_AUTO_UPDATE_SENSORS""",-
SDL_HINT_BMP_SAVE_LEGACY_FORMAT,yes,no,SDL_hints.h,yes,yes,bound,-,,,,"""SDL_BMP_SAVE_LEGACY_FORMAT""",-
SDL_HINT_CAMERA_DRIVER,yes,no,SDL_hints.h,yes,yes,bound,-,,,,"""SDL_CAMERA_DRIVER""",-
SDL_HINT_CPU_FEATURE_MASK,yes,no,SDL_hints.h,yes,yes,bound,-,,,,"""SDL_CPU_FEATURE_MASK""",-
SDL_HINT_DIRECTINPUT_ENABLED,yes,no,SDL_oldnames.h,no,no,resolve,sdl2-compat-sentinel,,SDL_HINT_DIRECTINPUT_ENABLED_renamed_SDL_HINT_JOYSTICK_DIRECTINPUT,,SDL_HINT_DIRECTINPUT_ENABLED_renamed_SDL_HINT_JOYSTICK_DIRECTINPUT,sdl2-compat-sentinel
SDL_HINT_DISPLAY_USABLE_BOUNDS,yes,no,SDL_hints.h,yes,yes,bound,-,,,,"""SDL_DISPLAY_USABLE_BOUNDS""",-
SDL_HINT_DOS_ALLOW_DIRECT_FRAMEBUFFER,yes,no,SDL_hints.h,yes,yes,bound,-,,,,"""SDL_DOS_ALLOW_DIRECT_FRAMEBUFFER""",-
SDL_HINT_EGL_LIBRARY,yes,no,SDL_hints.h,yes,yes,bound,-,,,,"""SDL_EGL_LIBRARY""",-
SDL_HINT_EMSCRIPTEN_ASYNCIFY,yes,no,SDL_hints.h,yes,yes,bound,-,,,,"""SDL_EMSCRIPTEN_ASYNCIFY""",-
SDL_HINT_EMSCRIPTEN_CANVAS_SELECTOR,yes,no,SDL_hints.h,yes,yes,bound,-,,,,"""SDL_EMSCRIPTEN_CANVAS_SELECTOR""",-
SDL_HINT_EMSCRIPTEN_KEYBOARD_ELEMENT,yes,no,SDL_hints.h,yes,yes,bound,-,,,,"""SDL_EMSCRIPTEN_KEYBOARD_ELEMENT""",-
SDL_HINT_ENABLE_SCREEN_KEYBOARD,yes,no,SDL_hints.h,yes,yes,bound,-,,,,"""SDL_ENABLE_SCREEN_KEYBOARD""",-
SDL_HINT_ENABLE_STEAM_SCREEN_KEYBOARD,yes,no,SDL_hints.h,yes,yes,bound,-,,,,"""SDL_ENABLE_STEAM_SCREEN_KEYBOARD""",-
SDL_HINT_EVDEV_DEVICES,yes,no,SDL_hints.h,yes,yes,bound,-,,,,"""SDL_EVDEV_DEVICES""",-
SDL_HINT_EVENT_LOGGING,yes,no,SDL_hints.h,yes,yes,bound,-,,,,"""SDL_EVENT_LOGGING""",-
SDL_HINT_FILE_DIALOG_DRIVER,yes,no,SDL_hints.h,yes,yes,bound,-,,,,"""SDL_FILE_DIALOG_DRIVER""",-
SDL_HINT_FORCE_RAISEWINDOW,yes,no,SDL_hints.h,yes,yes,bound,-,,,,"""SDL_FORCE_RAISEWINDOW""",-
SDL_HINT_FRAMEBUFFER_ACCELERATION,yes,no,SDL_hints.h,yes,yes,bound,-,,,,"""SDL_FRAMEBUFFER_ACCELERATION""",-
SDL_HINT_GAMECONTROLLERCONFIG,yes,no,SDL_hints.h,yes,yes,bound,-,,,,"""SDL_GAMECONTROLLERCONFIG""",-
SDL_HINT_GAMECONTROLLERCONFIG_FILE,yes,no,SDL_hints.h,yes,yes,bound,-,,,,"""SDL_GAMECONTROLLERCONFIG_FILE""",-
SDL_HINT_GAMECONTROLLERTYPE,yes,no,SDL_hints.h,yes,yes,bound,-,,,,"""SDL_GAMECONTROLLERTYPE""",-
SDL_HINT_GAMECONTROLLER_IGNORE_DEVICES,yes,no,SDL_hints.h,yes,yes,bound,-,,,,"""SDL_GAMECONTROLLER_IGNORE_DEVICES""",-
SDL_HINT_GAMECONTROLLER_IGNORE_DEVICES_EXCEPT,yes,no,SDL_hints.h,yes,yes,bound,-,,,,"""SDL_GAMECONTROLLER_IGNORE_DEVICES_EXCEPT""",-
SDL_HINT_GAMECONTROLLER_SENSOR_FUSION,yes,no,SDL_hints.h,yes,yes,bound,-,,,,"""SDL_GAMECONTROLLER_SENSOR_FUSION""",-
SDL_HINT_GDK_TEXTINPUT_DEFAULT,yes,no,SDL_oldnames.h,no,no,resolve,sdl2-compat-sentinel,,SDL_HINT_GDK_TEXTINPUT_DEFAULT_renamed_SDL_HINT_GDK_TEXTINPUT_DEFAULT_TEXT,,SDL_HINT_GDK_TEXTINPUT_DEFAULT_renamed_SDL_HINT_GDK_TEXTINPUT_DEFAULT_TEXT,sdl2-compat-sentinel
SDL_HINT_GDK_TEXTINPUT_DEFAULT_TEXT,yes,no,SDL_hints.h,yes,yes,bound,-,,,,"""SDL_GDK_TEXTINPUT_DEFAULT_TEXT""",-
SDL_HINT_GDK_TEXTINPUT_DESCRIPTION,yes,no,SDL_hints.h,yes,yes,bound,-,,,,"""SDL_GDK_TEXTINPUT_DESCRIPTION""",-
SDL_HINT_GDK_TEXTINPUT_MAX_LENGTH,yes,no,SDL_hints.h,yes,yes,bound,-,,,,"""SDL_GDK_TEXTINPUT_MAX_LENGTH""",-
SDL_HINT_GDK_TEXTINPUT_SCOPE,yes,no,SDL_hints.h,yes,yes,bound,-,,,,"""SDL_GDK_TEXTINPUT_SCOPE""",-
SDL_HINT_GDK_TEXTINPUT_TITLE,yes,no,SDL_hints.h,yes,yes,bound,-,,,,"""SDL_GDK_TEXTINPUT_TITLE""",-
SDL_HINT_GPU_DRIVER,yes,no,SDL_hints.h,yes,yes,bound,-,,,,"""SDL_GPU_DRIVER""",-
SDL_HINT_HIDAPI_ENUMERATE_ONLY_CONTROLLERS,yes,no,SDL_hints.h,yes,yes,bound,-,,,,"""SDL_HIDAPI_ENUMERATE_ONLY_CONTROLLERS""",-
SDL_HINT_HIDAPI_IGNORE_DEVICES,yes,no,SDL_hints.h,yes,yes,bound,-,,,,"""SDL_HIDAPI_IGNORE_DEVICES""",-
SDL_HINT_HIDAPI_LIBUSB,yes,no,SDL_hints.h,yes,yes,bound,-,,,,"""SDL_HIDAPI_LIBUSB""",-
SDL_HINT_HIDAPI_LIBUSB_GAMECUBE,yes,no,SDL_hints.h,yes,yes,bound,-,,,,"""SDL_HIDAPI_LIBUSB_GAMECUBE""",-
SDL_HINT_HIDAPI_LIBUSB_WHITELIST,yes,no,SDL_hints.h,yes,yes,bound,-,,,,"""SDL_HIDAPI_LIBUSB_WHITELIST""",-
SDL_HINT_HIDAPI_UDEV,yes,no,SDL_hints.h,yes,yes,bound,-,,,,"""SDL_HIDAPI_UDEV""",-
SDL_HINT_IME_IMPLEMENTED_UI,yes,no,SDL_hints.h,yes,yes,bound,-,,,,"""SDL_IME_IMPLEMENTED_UI""",-
SDL_HINT_INVALID_PARAM_CHECKS,yes,no,SDL_hints.h,yes,yes,bound,-,,,,"""SDL_INVALID_PARAM_CHECKS""",-
SDL_HINT_IOS_HIDE_HOME_INDICATOR,yes,no,SDL_hints.h,yes,yes,bound,-,,,,"""SDL_IOS_HIDE_HOME_INDICATOR""",-
SDL_HINT_JOYSTICK_ALLOW_BACKGROUND_EVENTS,yes,no,SDL_hints.h,yes,yes,bound,-,,,,"""SDL_JOYSTICK_ALLOW_BACKGROUND_EVENTS""",-
SDL_HINT_JOYSTICK_ARCADESTICK_DEVICES,yes,no,SDL_hints.h,yes,yes,bound,-,,,,"""SDL_JOYSTICK_ARCADESTICK_DEVICES""",-
SDL_HINT_JOYSTICK_ARCADESTICK_DEVICES_EXCLUDED,yes,no,SDL_hints.h,yes,yes,bound,-,,,,"""SDL_JOYSTICK_ARCADESTICK_DEVICES_EXCLUDED""",-
SDL_HINT_JOYSTICK_BLACKLIST_DEVICES,yes,no,SDL_hints.h,yes,yes,bound,-,,,,"""SDL_JOYSTICK_BLACKLIST_DEVICES""",-
SDL_HINT_JOYSTICK_BLACKLIST_DEVICES_EXCLUDED,yes,no,SDL_hints.h,yes,yes,bound,-,,,,"""SDL_JOYSTICK_BLACKLIST_DEVICES_EXCLUDED""",-
SDL_HINT_JOYSTICK_DEVICE,yes,no,SDL_hints.h,yes,yes,bound,-,,,,"""SDL_JOYSTICK_DEVICE""",-
SDL_HINT_JOYSTICK_DIRECTINPUT,yes,no,SDL_hints.h,yes,yes,bound,-,,,,"""SDL_JOYSTICK_DIRECTINPUT""",-
SDL_HINT_JOYSTICK_DRUM_DEVICES,yes,no,SDL_hints.h,yes,yes,bound,-,,,,"""SDL_JOYSTICK_DRUM_DEVICES""",-
SDL_HINT_JOYSTICK_ENHANCED_REPORTS,yes,no,SDL_hints.h,yes,yes,bound,-,,,,"""SDL_JOYSTICK_ENHANCED_REPORTS""",-
SDL_HINT_JOYSTICK_FLIGHTSTICK_DEVICES,yes,no,SDL_hints.h,yes,yes,bound,-,,,,"""SDL_JOYSTICK_FLIGHTSTICK_DEVICES""",-
SDL_HINT_JOYSTICK_FLIGHTSTICK_DEVICES_EXCLUDED,yes,no,SDL_hints.h,yes,yes,bound,-,,,,"""SDL_JOYSTICK_FLIGHTSTICK_DEVICES_EXCLUDED""",-
SDL_HINT_JOYSTICK_GAMECUBE_DEVICES,yes,no,SDL_hints.h,yes,yes,bound,-,,,,"""SDL_JOYSTICK_GAMECUBE_DEVICES""",-
SDL_HINT_JOYSTICK_GAMECUBE_DEVICES_EXCLUDED,yes,no,SDL_hints.h,yes,yes,bound,-,,,,"""SDL_JOYSTICK_GAMECUBE_DEVICES_EXCLUDED""",-
SDL_HINT_JOYSTICK_GAMECUBE_RUMBLE_BRAKE,yes,no,SDL_oldnames.h,no,no,resolve,sdl2-compat-sentinel,,SDL_HINT_JOYSTICK_GAMECUBE_RUMBLE_BRAKE_renamed_SDL_HINT_JOYSTICK_HIDAPI_GAMECUBE_RUMBLE_BRAKE,,SDL_HINT_JOYSTICK_GAMECUBE_RUMBLE_BRAKE_renamed_SDL_HINT_JOYSTICK_HIDAPI_GAMECUBE_RUMBLE_BRAKE,sdl2-compat-sentinel
SDL_HINT_JOYSTICK_GAMEINPUT,yes,no,SDL_hints.h,yes,yes,bound,-,,,,"""SDL_JOYSTICK_GAMEINPUT""",-
SDL_HINT_JOYSTICK_GAMEINPUT_RAW,yes,no,SDL_hints.h,yes,yes,bound,-,,,,"""SDL_JOYSTICK_GAMEINPUT_RAW""",-
SDL_HINT_JOYSTICK_GUITAR_DEVICES,yes,no,SDL_hints.h,yes,yes,bound,-,,,,"""SDL_JOYSTICK_GUITAR_DEVICES""",-
SDL_HINT_JOYSTICK_HAPTIC_AXES,yes,no,SDL_hints.h,yes,yes,bound,-,,,,"""SDL_JOYSTICK_HAPTIC_AXES""",-
SDL_HINT_JOYSTICK_HIDAPI,yes,no,SDL_hints.h,yes,yes,bound,-,,,,"""SDL_JOYSTICK_HIDAPI""",-
SDL_HINT_JOYSTICK_HIDAPI_8BITDO,yes,no,SDL_hints.h,yes,yes,bound,-,,,,"""SDL_JOYSTICK_HIDAPI_8BITDO""",-
SDL_HINT_JOYSTICK_HIDAPI_COMBINE_JOY_CONS,yes,no,SDL_hints.h,yes,yes,bound,-,,,,"""SDL_JOYSTICK_HIDAPI_COMBINE_JOY_CONS""",-
SDL_HINT_JOYSTICK_HIDAPI_FLYDIGI,yes,no,SDL_hints.h,yes,yes,bound,-,,,,"""SDL_JOYSTICK_HIDAPI_FLYDIGI""",-
SDL_HINT_JOYSTICK_HIDAPI_GAMECUBE,yes,no,SDL_hints.h,yes,yes,bound,-,,,,"""SDL_JOYSTICK_HIDAPI_GAMECUBE""",-
SDL_HINT_JOYSTICK_HIDAPI_GAMECUBE_RUMBLE_BRAKE,yes,no,SDL_hints.h,yes,yes,bound,-,,,,"""SDL_JOYSTICK_HIDAPI_GAMECUBE_RUMBLE_BRAKE""",-
SDL_HINT_JOYSTICK_HIDAPI_GAMESIR,yes,no,SDL_hints.h,yes,yes,bound,-,,,,"""SDL_JOYSTICK_HIDAPI_GAMESIR""",-
SDL_HINT_JOYSTICK_HIDAPI_GIP,yes,no,SDL_hints.h,yes,yes,bound,-,,,,"""SDL_JOYSTICK_HIDAPI_GIP""",-
SDL_HINT_JOYSTICK_HIDAPI_GIP_RESET_FOR_METADATA,yes,no,SDL_hints.h,yes,yes,bound,-,,,,"""SDL_JOYSTICK_HIDAPI_GIP_RESET_FOR_METADATA""",-
SDL_HINT_JOYSTICK_HIDAPI_JOYCON_HOME_LED,yes,no,SDL_hints.h,yes,yes,bound,-,,,,"""SDL_JOYSTICK_HIDAPI_JOYCON_HOME_LED""",-
SDL_HINT_JOYSTICK_HIDAPI_JOY_CONS,yes,no,SDL_hints.h,yes,yes,bound,-,,,,"""SDL_JOYSTICK_HIDAPI_JOY_CONS""",-
SDL_HINT_JOYSTICK_HIDAPI_LG4FF,yes,no,SDL_hints.h,yes,yes,bound,-,,,,"""SDL_JOYSTICK_HIDAPI_LG4FF""",-
SDL_HINT_JOYSTICK_HIDAPI_LUNA,yes,no,SDL_hints.h,yes,yes,bound,-,,,,"""SDL_JOYSTICK_HIDAPI_LUNA""",-
SDL_HINT_JOYSTICK_HIDAPI_NINTENDO_CLASSIC,yes,no,SDL_hints.h,yes,yes,bound,-,,,,"""SDL_JOYSTICK_HIDAPI_NINTENDO_CLASSIC""",-
SDL_HINT_JOYSTICK_HIDAPI_PS3,yes,no,SDL_hints.h,yes,yes,bound,-,,,,"""SDL_JOYSTICK_HIDAPI_PS3""",-
SDL_HINT_JOYSTICK_HIDAPI_PS3_SIXAXIS_DRIVER,yes,no,SDL_hints.h,yes,yes,bound,-,,,,"""SDL_JOYSTICK_HIDAPI_PS3_SIXAXIS_DRIVER""",-
SDL_HINT_JOYSTICK_HIDAPI_PS4,yes,no,SDL_hints.h,yes,yes,bound,-,,,,"""SDL_JOYSTICK_HIDAPI_PS4""",-
SDL_HINT_JOYSTICK_HIDAPI_PS4_REPORT_INTERVAL,yes,no,SDL_hints.h,yes,yes,bound,-,,,,"""SDL_JOYSTICK_HIDAPI_PS4_REPORT_INTERVAL""",-
SDL_HINT_JOYSTICK_HIDAPI_PS4_RUMBLE,yes,no,SDL_oldnames.h,no,no,resolve,sdl2-compat-sentinel,,SDL_HINT_JOYSTICK_HIDAPI_PS4_RUMBLE_renamed_SDL_HINT_JOYSTICK_ENHANCED_REPORTS,,SDL_HINT_JOYSTICK_HIDAPI_PS4_RUMBLE_renamed_SDL_HINT_JOYSTICK_ENHANCED_REPORTS,sdl2-compat-sentinel
SDL_HINT_JOYSTICK_HIDAPI_PS5,yes,no,SDL_hints.h,yes,yes,bound,-,,,,"""SDL_JOYSTICK_HIDAPI_PS5""",-
SDL_HINT_JOYSTICK_HIDAPI_PS5_PLAYER_LED,yes,no,SDL_hints.h,yes,yes,bound,-,,,,"""SDL_JOYSTICK_HIDAPI_PS5_PLAYER_LED""",-
SDL_HINT_JOYSTICK_HIDAPI_PS5_RUMBLE,yes,no,SDL_oldnames.h,no,no,resolve,sdl2-compat-sentinel,,SDL_HINT_JOYSTICK_HIDAPI_PS5_RUMBLE_renamed_SDL_HINT_JOYSTICK_ENHANCED_REPORTS,,SDL_HINT_JOYSTICK_HIDAPI_PS5_RUMBLE_renamed_SDL_HINT_JOYSTICK_ENHANCED_REPORTS,sdl2-compat-sentinel
SDL_HINT_JOYSTICK_HIDAPI_SHIELD,yes,no,SDL_hints.h,yes,yes,bound,-,,,,"""SDL_JOYSTICK_HIDAPI_SHIELD""",-
SDL_HINT_JOYSTICK_HIDAPI_SINPUT,yes,no,SDL_hints.h,yes,yes,bound,-,,,,"""SDL_JOYSTICK_HIDAPI_SINPUT""",-
SDL_HINT_JOYSTICK_HIDAPI_STADIA,yes,no,SDL_hints.h,yes,yes,bound,-,,,,"""SDL_JOYSTICK_HIDAPI_STADIA""",-
SDL_HINT_JOYSTICK_HIDAPI_STEAM,yes,no,SDL_hints.h,yes,yes,bound,-,,,,"""SDL_JOYSTICK_HIDAPI_STEAM""",-
SDL_HINT_JOYSTICK_HIDAPI_STEAMDECK,yes,no,SDL_hints.h,yes,yes,bound,-,,,,"""SDL_JOYSTICK_HIDAPI_STEAMDECK""",-
SDL_HINT_JOYSTICK_HIDAPI_STEAM_HOME_LED,yes,no,SDL_hints.h,yes,yes,bound,-,,,,"""SDL_JOYSTICK_HIDAPI_STEAM_HOME_LED""",-
SDL_HINT_JOYSTICK_HIDAPI_STEAM_HORI,yes,no,SDL_hints.h,yes,yes,bound,-,,,,"""SDL_JOYSTICK_HIDAPI_STEAM_HORI""",-
SDL_HINT_JOYSTICK_HIDAPI_SWITCH,yes,no,SDL_hints.h,yes,yes,bound,-,,,,"""SDL_JOYSTICK_HIDAPI_SWITCH""",-
SDL_HINT_JOYSTICK_HIDAPI_SWITCH2,yes,no,SDL_hints.h,yes,yes,bound,-,,,,"""SDL_JOYSTICK_HIDAPI_SWITCH2""",-
SDL_HINT_JOYSTICK_HIDAPI_SWITCH_HOME_LED,yes,no,SDL_hints.h,yes,yes,bound,-,,,,"""SDL_JOYSTICK_HIDAPI_SWITCH_HOME_LED""",-
SDL_HINT_JOYSTICK_HIDAPI_SWITCH_PLAYER_LED,yes,no,SDL_hints.h,yes,yes,bound,-,,,,"""SDL_JOYSTICK_HIDAPI_SWITCH_PLAYER_LED""",-
SDL_HINT_JOYSTICK_HIDAPI_VERTICAL_JOY_CONS,yes,no,SDL_hints.h,yes,yes,bound,-,,,,"""SDL_JOYSTICK_HIDAPI_VERTICAL_JOY_CONS""",-
SDL_HINT_JOYSTICK_HIDAPI_WII,yes,no,SDL_hints.h,yes,yes,bound,-,,,,"""SDL_JOYSTICK_HIDAPI_WII""",-
SDL_HINT_JOYSTICK_HIDAPI_WII_PLAYER_LED,yes,no,SDL_hints.h,yes,yes,bound,-,,,,"""SDL_JOYSTICK_HIDAPI_WII_PLAYER_LED""",-
SDL_HINT_JOYSTICK_HIDAPI_XBOX,yes,no,SDL_hints.h,yes,yes,bound,-,,,,"""SDL_JOYSTICK_HIDAPI_XBOX""",-
SDL_HINT_JOYSTICK_HIDAPI_XBOX_360,yes,no,SDL_hints.h,yes,yes,bound,-,,,,"""SDL_JOYSTICK_HIDAPI_XBOX_360""",-
SDL_HINT_JOYSTICK_HIDAPI_XBOX_360_PLAYER_LED,yes,no,SDL_hints.h,yes,yes,bound,-,,,,"""SDL_JOYSTICK_HIDAPI_XBOX_360_PLAYER_LED""",-
SDL_HINT_JOYSTICK_HIDAPI_XBOX_360_WIRELESS,yes,no,SDL_hints.h,yes,yes,bound,-,,,,"""SDL_JOYSTICK_HIDAPI_XBOX_360_WIRELESS""",-
SDL_HINT_JOYSTICK_HIDAPI_XBOX_ONE,yes,no,SDL_hints.h,yes,yes,bound,-,,,,"""SDL_JOYSTICK_HIDAPI_XBOX_ONE""",-
SDL_HINT_JOYSTICK_HIDAPI_XBOX_ONE_HOME_LED,yes,no,SDL_hints.h,yes,yes,bound,-,,,,"""SDL_JOYSTICK_HIDAPI_XBOX_ONE_HOME_LED""",-
SDL_HINT_JOYSTICK_HIDAPI_ZUIKI,yes,no,SDL_hints.h,yes,yes,bound,-,,,,"""SDL_JOYSTICK_HIDAPI_ZUIKI""",-
SDL_HINT_JOYSTICK_IOKIT,yes,no,SDL_hints.h,yes,yes,bound,-,,,,"""SDL_JOYSTICK_IOKIT""",-
SDL_HINT_JOYSTICK_LINUX_CLASSIC,yes,no,SDL_hints.h,yes,yes,bound,-,,,,"""SDL_JOYSTICK_LINUX_CLASSIC""",-
SDL_HINT_JOYSTICK_LINUX_DEADZONES,yes,no,SDL_hints.h,yes,yes,bound,-,,,,"""SDL_JOYSTICK_LINUX_DEADZONES""",-
SDL_HINT_JOYSTICK_LINUX_DIGITAL_HATS,yes,no,SDL_hints.h,yes,yes,bound,-,,,,"""SDL_JOYSTICK_LINUX_DIGITAL_HATS""",-
SDL_HINT_JOYSTICK_LINUX_HAT_DEADZONES,yes,no,SDL_hints.h,yes,yes,bound,-,,,,"""SDL_JOYSTICK_LINUX_HAT_DEADZONES""",-
SDL_HINT_JOYSTICK_MFI,yes,no,SDL_hints.h,yes,yes,bound,-,,,,"""SDL_JOYSTICK_MFI""",-
SDL_HINT_JOYSTICK_RAWINPUT,yes,no,SDL_hints.h,yes,yes,bound,-,,,,"""SDL_JOYSTICK_RAWINPUT""",-
SDL_HINT_JOYSTICK_RAWINPUT_CORRELATE_XINPUT,yes,no,SDL_hints.h,yes,yes,bound,-,,,,"""SDL_JOYSTICK_RAWINPUT_CORRELATE_XINPUT""",-
SDL_HINT_JOYSTICK_ROG_CHAKRAM,yes,no,SDL_hints.h,yes,yes,bound,-,,,,"""SDL_JOYSTICK_ROG_CHAKRAM""",-
SDL_HINT_JOYSTICK_THREAD,yes,no,SDL_hints.h,yes,yes,bound,-,,,,"""SDL_JOYSTICK_THREAD""",-
SDL_HINT_JOYSTICK_THROTTLE_DEVICES,yes,no,SDL_hints.h,yes,yes,bound,-,,,,"""SDL_JOYSTICK_THROTTLE_DEVICES""",-
SDL_HINT_JOYSTICK_THROTTLE_DEVICES_EXCLUDED,yes,no,SDL_hints.h,yes,yes,bound,-,,,,"""SDL_JOYSTICK_THROTTLE_DEVICES_EXCLUDED""",-
SDL_HINT_JOYSTICK_WGI,yes,no,SDL_hints.h,yes,yes,bound,-,,,,"""SDL_JOYSTICK_WGI""",-
SDL_HINT_JOYSTICK_WHEEL_DEVICES,yes,no,SDL_hints.h,yes,yes,bound,-,,,,"""SDL_JOYSTICK_WHEEL_DEVICES""",-
SDL_HINT_JOYSTICK_WHEEL_DEVICES_EXCLUDED,yes,no,SDL_hints.h,yes,yes,bound,-,,,,"""SDL_JOYSTICK_WHEEL_DEVICES_EXCLUDED""",-
SDL_HINT_JOYSTICK_ZERO_CENTERED_DEVICES,yes,no,SDL_hints.h,yes,yes,bound,-,,,,"""SDL_JOYSTICK_ZERO_CENTERED_DEVICES""",-
SDL_HINT_KEYCODE_OPTIONS,yes,no,SDL_hints.h,yes,yes,bound,-,,,,"""SDL_KEYCODE_OPTIONS""",-
SDL_HINT_KMSDRM_ATOMIC,yes,no,SDL_hints.h,yes,yes,bound,-,,,,"""SDL_KMSDRM_ATOMIC""",-
SDL_HINT_KMSDRM_DEVICE_INDEX,yes,no,SDL_hints.h,yes,yes,bound,-,,,,"""SDL_KMSDRM_DEVICE_INDEX""",-
SDL_HINT_KMSDRM_REQUIRE_DRM_MASTER,yes,no,SDL_hints.h,yes,yes,bound,-,,,,"""SDL_KMSDRM_REQUIRE_DRM_MASTER""",-
SDL_HINT_LINUX_DIGITAL_HATS,yes,no,SDL_oldnames.h,no,no,resolve,sdl2-compat-sentinel,,SDL_HINT_LINUX_DIGITAL_HATS_renamed_SDL_HINT_JOYSTICK_LINUX_DIGITAL_HATS,,SDL_HINT_LINUX_DIGITAL_HATS_renamed_SDL_HINT_JOYSTICK_LINUX_DIGITAL_HATS,sdl2-compat-sentinel
SDL_HINT_LINUX_HAT_DEADZONES,yes,no,SDL_oldnames.h,no,no,resolve,sdl2-compat-sentinel,,SDL_HINT_LINUX_HAT_DEADZONES_renamed_SDL_HINT_JOYSTICK_LINUX_HAT_DEADZONES,,SDL_HINT_LINUX_HAT_DEADZONES_renamed_SDL_HINT_JOYSTICK_LINUX_HAT_DEADZONES,sdl2-compat-sentinel
SDL_HINT_LINUX_JOYSTICK_CLASSIC,yes,no,SDL_oldnames.h,no,no,resolve,sdl2-compat-sentinel,,SDL_HINT_LINUX_JOYSTICK_CLASSIC_renamed_SDL_HINT_JOYSTICK_LINUX_CLASSIC,,SDL_HINT_LINUX_JOYSTICK_CLASSIC_renamed_SDL_HINT_JOYSTICK_LINUX_CLASSIC,sdl2-compat-sentinel
SDL_HINT_LINUX_JOYSTICK_DEADZONES,yes,no,SDL_oldnames.h,no,no,resolve,sdl2-compat-sentinel,,SDL_HINT_LINUX_JOYSTICK_DEADZONES_renamed_SDL_HINT_JOYSTICK_LINUX_DEADZONES,,SDL_HINT_LINUX_JOYSTICK_DEADZONES_renamed_SDL_HINT_JOYSTICK_LINUX_DEADZONES,sdl2-compat-sentinel
SDL_HINT_LOGGING,yes,no,SDL_hints.h,yes,yes,bound,-,,,,"""SDL_LOGGING""",-
SDL_HINT_MAC_BACKGROUND_APP,yes,no,SDL_hints.h,yes,yes,bound,-,,,,"""SDL_MAC_BACKGROUND_APP""",-
SDL_HINT_MAC_CTRL_CLICK_EMULATE_RIGHT_CLICK,yes,no,SDL_hints.h,yes,yes,bound,-,,,,"""SDL_MAC_CTRL_CLICK_EMULATE_RIGHT_CLICK""",-
SDL_HINT_MAC_OPENGL_ASYNC_DISPATCH,yes,no,SDL_hints.h,yes,yes,bound,-,,,,"""SDL_MAC_OPENGL_ASYNC_DISPATCH""",-
SDL_HINT_MAC_OPTION_AS_ALT,yes,no,SDL_hints.h,yes,yes,bound,-,,,,"""SDL_MAC_OPTION_AS_ALT""",-
SDL_HINT_MAC_PRESS_AND_HOLD,yes,no,SDL_hints.h,yes,yes,bound,-,,,,"""SDL_MAC_PRESS_AND_HOLD""",-
SDL_HINT_MAC_SCROLL_MOMENTUM,yes,no,SDL_hints.h,yes,yes,bound,-,,,,"""SDL_MAC_SCROLL_MOMENTUM""",-
SDL_HINT_MAIN_CALLBACK_RATE,yes,no,SDL_hints.h,yes,yes,bound,-,,,,"""SDL_MAIN_CALLBACK_RATE""",-
SDL_HINT_MOUSE_AUTO_CAPTURE,yes,no,SDL_hints.h,yes,yes,bound,-,,,,"""SDL_MOUSE_AUTO_CAPTURE""",-
SDL_HINT_MOUSE_DEFAULT_SYSTEM_CURSOR,yes,no,SDL_hints.h,yes,yes,bound,-,,,,"""SDL_MOUSE_DEFAULT_SYSTEM_CURSOR""",-
SDL_HINT_MOUSE_DOUBLE_CLICK_RADIUS,yes,no,SDL_hints.h,yes,yes,bound,-,,,,"""SDL_MOUSE_DOUBLE_CLICK_RADIUS""",-
SDL_HINT_MOUSE_DOUBLE_CLICK_TIME,yes,no,SDL_hints.h,yes,yes,bound,-,,,,"""SDL_MOUSE_DOUBLE_CLICK_TIME""",-
SDL_HINT_MOUSE_DPI_SCALE_CURSORS,yes,no,SDL_hints.h,yes,yes,bound,-,,,,"""SDL_MOUSE_DPI_SCALE_CURSORS""",-
SDL_HINT_MOUSE_EMULATE_WARP_WITH_RELATIVE,yes,no,SDL_hints.h,yes,yes,bound,-,,,,"""SDL_MOUSE_EMULATE_WARP_WITH_RELATIVE""",-
SDL_HINT_MOUSE_FOCUS_CLICKTHROUGH,yes,no,SDL_hints.h,yes,yes,bound,-,,,,"""SDL_MOUSE_FOCUS_CLICKTHROUGH""",-
SDL_HINT_MOUSE_NORMAL_SPEED_SCALE,yes,no,SDL_hints.h,yes,yes,bound,-,,,,"""SDL_MOUSE_NORMAL_SPEED_SCALE""",-
SDL_HINT_MOUSE_RELATIVE_CURSOR_VISIBLE,yes,no,SDL_hints.h,yes,yes,bound,-,,,,"""SDL_MOUSE_RELATIVE_CURSOR_VISIBLE""",-
SDL_HINT_MOUSE_RELATIVE_MODE_CENTER,yes,no,SDL_hints.h,yes,yes,bound,-,,,,"""SDL_MOUSE_RELATIVE_MODE_CENTER""",-
SDL_HINT_MOUSE_RELATIVE_SPEED_SCALE,yes,no,SDL_hints.h,yes,yes,bound,-,,,,"""SDL_MOUSE_RELATIVE_SPEED_SCALE""",-
SDL_HINT_MOUSE_RELATIVE_SYSTEM_SCALE,yes,no,SDL_hints.h,yes,yes,bound,-,,,,"""SDL_MOUSE_RELATIVE_SYSTEM_SCALE""",-
SDL_HINT_MOUSE_RELATIVE_WARP_MOTION,yes,no,SDL_hints.h,yes,yes,bound,-,,,,"""SDL_MOUSE_RELATIVE_WARP_MOTION""",-
SDL_HINT_MOUSE_TOUCH_EVENTS,yes,no,SDL_hints.h,yes,yes,bound,-,,,,"""SDL_MOUSE_TOUCH_EVENTS""",-
SDL_HINT_MUTE_CONSOLE_KEYBOARD,yes,no,SDL_hints.h,yes,yes,bound,-,,,,"""SDL_MUTE_CONSOLE_KEYBOARD""",-
SDL_HINT_NO_SIGNAL_HANDLERS,yes,no,SDL_hints.h,yes,yes,bound,-,,,,"""SDL_NO_SIGNAL_HANDLERS""",-
SDL_HINT_OPENGL_ES_DRIVER,yes,no,SDL_hints.h,yes,yes,bound,-,,,,"""SDL_OPENGL_ES_DRIVER""",-
SDL_HINT_OPENGL_FORCE_SRGB_FRAMEBUFFER,yes,no,SDL_hints.h,yes,yes,bound,-,,,,"""SDL_OPENGL_FORCE_SRGB_FRAMEBUFFER""",-
SDL_HINT_OPENGL_LIBRARY,yes,no,SDL_hints.h,yes,yes,bound,-,,,,"""SDL_OPENGL_LIBRARY""",-
SDL_HINT_OPENVR_LIBRARY,yes,no,SDL_hints.h,yes,yes,bound,-,,,,"""SDL_OPENVR_LIBRARY""",-
SDL_HINT_OPENXR_LIBRARY,yes,no,SDL_hints.h,yes,yes,bound,-,,,,"""SDL_OPENXR_LIBRARY""",-
SDL_HINT_ORIENTATIONS,yes,no,SDL_hints.h,yes,yes,bound,-,,,,"""SDL_ORIENTATIONS""",-
SDL_HINT_PEN_MOUSE_EVENTS,yes,no,SDL_hints.h,yes,yes,bound,-,,,,"""SDL_PEN_MOUSE_EVENTS""",-
SDL_HINT_PEN_TOUCH_EVENTS,yes,no,SDL_hints.h,yes,yes,bound,-,,,,"""SDL_PEN_TOUCH_EVENTS""",-
SDL_HINT_POLL_SENTINEL,yes,no,SDL_hints.h,yes,yes,bound,-,,,,"""SDL_POLL_SENTINEL""",-
SDL_HINT_PREFERRED_LOCALES,yes,no,SDL_hints.h,yes,yes,bound,-,,,,"""SDL_PREFERRED_LOCALES""",-
SDL_HINT_PS2_GS_HEIGHT,yes,no,SDL_hints.h,yes,yes,bound,-,,,,"""SDL_PS2_GS_HEIGHT""",-
SDL_HINT_PS2_GS_MODE,yes,no,SDL_hints.h,yes,yes,bound,-,,,,"""SDL_PS2_GS_MODE""",-
SDL_HINT_PS2_GS_PROGRESSIVE,yes,no,SDL_hints.h,yes,yes,bound,-,,,,"""SDL_PS2_GS_PROGRESSIVE""",-
SDL_HINT_PS2_GS_WIDTH,yes,no,SDL_hints.h,yes,yes,bound,-,,,,"""SDL_PS2_GS_WIDTH""",-
SDL_HINT_QUIT_ON_LAST_WINDOW_CLOSE,yes,no,SDL_hints.h,yes,yes,bound,-,,,,"""SDL_QUIT_ON_LAST_WINDOW_CLOSE""",-
SDL_HINT_RENDER_DIRECT3D11_DEBUG,yes,no,SDL_hints.h,yes,yes,bound,-,,,,"""SDL_RENDER_DIRECT3D11_DEBUG""",-
SDL_HINT_RENDER_DIRECT3D11_WARP,yes,no,SDL_hints.h,yes,yes,bound,-,,,,"""SDL_RENDER_DIRECT3D11_WARP""",-
SDL_HINT_RENDER_DIRECT3D_THREADSAFE,yes,no,SDL_hints.h,yes,yes,bound,-,,,,"""SDL_RENDER_DIRECT3D_THREADSAFE""",-
SDL_HINT_RENDER_DRIVER,yes,no,SDL_hints.h,yes,yes,bound,-,,,,"""SDL_RENDER_DRIVER""",-
SDL_HINT_RENDER_GPU_DEBUG,yes,no,SDL_hints.h,yes,yes,bound,-,,,,"""SDL_RENDER_GPU_DEBUG""",-
SDL_HINT_RENDER_GPU_LOW_POWER,yes,no,SDL_hints.h,yes,yes,bound,-,,,,"""SDL_RENDER_GPU_LOW_POWER""",-
SDL_HINT_RENDER_LINE_METHOD,yes,no,SDL_hints.h,yes,yes,bound,-,,,,"""SDL_RENDER_LINE_METHOD""",-
SDL_HINT_RENDER_METAL_PREFER_LOW_POWER_DEVICE,yes,no,SDL_hints.h,yes,yes,bound,-,,,,"""SDL_RENDER_METAL_PREFER_LOW_POWER_DEVICE""",-
SDL_HINT_RENDER_SCALE_QUALITY,yes,no,SDL_oldnames.h,no,no,resolve,sdl2-compat-sentinel,,SDL_HINT_RENDER_SCALE_QUALITY_deprecated_use_SDL_SetTextureScaleMode_with_SDL_SCALEMODE_NEAREST,,SDL_HINT_RENDER_SCALE_QUALITY_deprecated_use_SDL_SetTextureScaleMode_with_SDL_SCALEMODE_NEAREST,sdl2-compat-sentinel
SDL_HINT_RENDER_VSYNC,yes,no,SDL_hints.h,yes,yes,bound,-,,,,"""SDL_RENDER_VSYNC""",-
SDL_HINT_RENDER_VULKAN_DEBUG,yes,no,SDL_hints.h,yes,yes,bound,-,,,,"""SDL_RENDER_VULKAN_DEBUG""",-
SDL_HINT_RETURN_KEY_HIDES_IME,yes,no,SDL_hints.h,yes,yes,bound,-,,,,"""SDL_RETURN_KEY_HIDES_IME""",-
SDL_HINT_ROG_GAMEPAD_MICE,yes,no,SDL_hints.h,yes,yes,bound,-,,,,"""SDL_ROG_GAMEPAD_MICE""",-
SDL_HINT_ROG_GAMEPAD_MICE_EXCLUDED,yes,no,SDL_hints.h,yes,yes,bound,-,,,,"""SDL_ROG_GAMEPAD_MICE_EXCLUDED""",-
SDL_HINT_RPI_VIDEO_LAYER,yes,no,SDL_hints.h,yes,yes,bound,-,,,,"""SDL_RPI_VIDEO_LAYER""",-
SDL_HINT_SCREENSAVER_INHIBIT_ACTIVITY_NAME,yes,no,SDL_hints.h,yes,yes,bound,-,,,,"""SDL_SCREENSAVER_INHIBIT_ACTIVITY_NAME""",-
SDL_HINT_SHUTDOWN_DBUS_ON_QUIT,yes,no,SDL_hints.h,yes,yes,bound,-,,,,"""SDL_SHUTDOWN_DBUS_ON_QUIT""",-
SDL_HINT_STORAGE_TITLE_DRIVER,yes,no,SDL_hints.h,yes,yes,bound,-,,,,"""SDL_STORAGE_TITLE_DRIVER""",-
SDL_HINT_STORAGE_USER_DRIVER,yes,no,SDL_hints.h,yes,yes,bound,-,,,,"""SDL_STORAGE_USER_DRIVER""",-
SDL_HINT_THREAD_FORCE_REALTIME_TIME_CRITICAL,yes,no,SDL_hints.h,yes,yes,bound,-,,,,"""SDL_THREAD_FORCE_REALTIME_TIME_CRITICAL""",-
SDL_HINT_THREAD_PRIORITY_POLICY,yes,no,SDL_hints.h,yes,yes,bound,-,,,,"""SDL_THREAD_PRIORITY_POLICY""",-
SDL_HINT_TIMER_RESOLUTION,yes,no,SDL_hints.h,yes,yes,bound,-,,,,"""SDL_TIMER_RESOLUTION""",-
SDL_HINT_TOUCH_MOUSE_EVENTS,yes,no,SDL_hints.h,yes,yes,bound,-,,,,"""SDL_TOUCH_MOUSE_EVENTS""",-
SDL_HINT_TRACKPAD_IS_TOUCH_ONLY,yes,no,SDL_hints.h,yes,yes,bound,-,,,,"""SDL_TRACKPAD_IS_TOUCH_ONLY""",-
SDL_HINT_TV_REMOTE_AS_JOYSTICK,yes,no,SDL_hints.h,yes,yes,bound,-,,,,"""SDL_TV_REMOTE_AS_JOYSTICK""",-
SDL_HINT_VIDEO_ALLOW_SCREENSAVER,yes,no,SDL_hints.h,yes,yes,bound,-,,,,"""SDL_VIDEO_ALLOW_SCREENSAVER""",-
SDL_HINT_VIDEO_DISPLAY_PRIORITY,yes,no,SDL_hints.h,yes,yes,bound,-,,,,"""SDL_VIDEO_DISPLAY_PRIORITY""",-
SDL_HINT_VIDEO_DOUBLE_BUFFER,yes,no,SDL_hints.h,yes,yes,bound,-,,,,"""SDL_VIDEO_DOUBLE_BUFFER""",-
SDL_HINT_VIDEO_DRIVER,yes,no,SDL_hints.h,yes,yes,bound,-,,,,"""SDL_VIDEO_DRIVER""",-
SDL_HINT_VIDEO_DUMMY_SAVE_FRAMES,yes,no,SDL_hints.h,yes,yes,bound,-,,,,"""SDL_VIDEO_DUMMY_SAVE_FRAMES""",-
SDL_HINT_VIDEO_EGL_ALLOW_GETDISPLAY_FALLBACK,yes,no,SDL_hints.h,yes,yes,bound,-,,,,"""SDL_VIDEO_EGL_ALLOW_GETDISPLAY_FALLBACK""",-
SDL_HINT_VIDEO_FORCE_EGL,yes,no,SDL_hints.h,yes,yes,bound,-,,,,"""SDL_VIDEO_FORCE_EGL""",-
SDL_HINT_VIDEO_MAC_FULLSCREEN_MENU_VISIBILITY,yes,no,SDL_hints.h,yes,yes,bound,-,,,,"""SDL_VIDEO_MAC_FULLSCREEN_MENU_VISIBILITY""",-
SDL_HINT_VIDEO_MAC_FULLSCREEN_SPACES,yes,no,SDL_hints.h,yes,yes,bound,-,,,,"""SDL_VIDEO_MAC_FULLSCREEN_SPACES""",-
SDL_HINT_VIDEO_MATCH_EXCLUSIVE_MODE_ON_MOVE,yes,no,SDL_hints.h,yes,yes,bound,-,,,,"""SDL_VIDEO_MATCH_EXCLUSIVE_MODE_ON_MOVE""",-
SDL_HINT_VIDEO_METAL_AUTO_RESIZE_DRAWABLE,yes,no,SDL_hints.h,yes,yes,bound,-,,,,"""SDL_VIDEO_METAL_AUTO_RESIZE_DRAWABLE""",-
SDL_HINT_VIDEO_MINIMIZE_ON_FOCUS_LOSS,yes,no,SDL_hints.h,yes,yes,bound,-,,,,"""SDL_VIDEO_MINIMIZE_ON_FOCUS_LOSS""",-
SDL_HINT_VIDEO_OFFSCREEN_SAVE_FRAMES,yes,no,SDL_hints.h,yes,yes,bound,-,,,,"""SDL_VIDEO_OFFSCREEN_SAVE_FRAMES""",-
SDL_HINT_VIDEO_SYNC_WINDOW_OPERATIONS,yes,no,SDL_hints.h,yes,yes,bound,-,,,,"""SDL_VIDEO_SYNC_WINDOW_OPERATIONS""",-
SDL_HINT_VIDEO_WAYLAND_ALLOW_LIBDECOR,yes,no,SDL_hints.h,yes,yes,bound,-,,,,"""SDL_VIDEO_WAYLAND_ALLOW_LIBDECOR""",-
SDL_HINT_VIDEO_WAYLAND_MODE_EMULATION,yes,no,SDL_hints.h,yes,yes,bound,-,,,,"""SDL_VIDEO_WAYLAND_MODE_EMULATION""",-
SDL_HINT_VIDEO_WAYLAND_MODE_SCALING,yes,no,SDL_hints.h,yes,yes,bound,-,,,,"""SDL_VIDEO_WAYLAND_MODE_SCALING""",-
SDL_HINT_VIDEO_WAYLAND_PREFER_LIBDECOR,yes,no,SDL_hints.h,yes,yes,bound,-,,,,"""SDL_VIDEO_WAYLAND_PREFER_LIBDECOR""",-
SDL_HINT_VIDEO_WAYLAND_SCALE_TO_DISPLAY,yes,no,SDL_hints.h,yes,yes,bound,-,,,,"""SDL_VIDEO_WAYLAND_SCALE_TO_DISPLAY""",-
SDL_HINT_VIDEO_WIN_D3DCOMPILER,yes,no,SDL_hints.h,yes,yes,bound,-,,,,"""SDL_VIDEO_WIN_D3DCOMPILER""",-
SDL_HINT_VIDEO_X11_ENABLE_XSYNC_EXT,yes,no,SDL_hints.h,yes,yes,bound,-,,,,"""SDL_VIDEO_X11_ENABLE_XSYNC_EXT""",-
SDL_HINT_VIDEO_X11_EXTERNAL_WINDOW_INPUT,yes,no,SDL_hints.h,yes,yes,bound,-,,,,"""SDL_VIDEO_X11_EXTERNAL_WINDOW_INPUT""",-
SDL_HINT_VIDEO_X11_NET_WM_BYPASS_COMPOSITOR,yes,no,SDL_hints.h,yes,yes,bound,-,,,,"""SDL_VIDEO_X11_NET_WM_BYPASS_COMPOSITOR""",-
SDL_HINT_VIDEO_X11_NET_WM_PING,yes,no,SDL_hints.h,yes,yes,bound,-,,,,"""SDL_VIDEO_X11_NET_WM_PING""",-
SDL_HINT_VIDEO_X11_NODIRECTCOLOR,yes,no,SDL_hints.h,yes,yes,bound,-,,,,"""SDL_VIDEO_X11_NODIRECTCOLOR""",-
SDL_HINT_VIDEO_X11_SCALING_FACTOR,yes,no,SDL_hints.h,yes,yes,bound,-,,,,"""SDL_VIDEO_X11_SCALING_FACTOR""",-
SDL_HINT_VIDEO_X11_VISUALID,yes,no,SDL_hints.h,yes,yes,bound,-,,,,"""SDL_VIDEO_X11_VISUALID""",-
SDL_HINT_VIDEO_X11_WINDOW_VISUALID,yes,no,SDL_hints.h,yes,yes,bound,-,,,,"""SDL_VIDEO_X11_WINDOW_VISUALID""",-
SDL_HINT_VIDEO_X11_XRANDR,yes,no,SDL_hints.h,yes,yes,bound,-,,,,"""SDL_VIDEO_X11_XRANDR""",-
SDL_HINT_VISIONOS_HDR_HEADROOM_UI,yes,no,SDL_hints.h,yes,yes,bound,-,,,,"""SDL_VISIONOS_HDR_HEADROOM_UI""",-
SDL_HINT_VITA_ENABLE_BACK_TOUCH,yes,no,SDL_hints.h,yes,yes,bound,-,,,,"""SDL_VITA_ENABLE_BACK_TOUCH""",-
SDL_HINT_VITA_ENABLE_FRONT_TOUCH,yes,no,SDL_hints.h,yes,yes,bound,-,,,,"""SDL_VITA_ENABLE_FRONT_TOUCH""",-
SDL_HINT_VITA_MODULE_PATH,yes,no,SDL_hints.h,yes,yes,bound,-,,,,"""SDL_VITA_MODULE_PATH""",-
SDL_HINT_VITA_PVR_INIT,yes,no,SDL_hints.h,yes,yes,bound,-,,,,"""SDL_VITA_PVR_INIT""",-
SDL_HINT_VITA_PVR_OPENGL,yes,no,SDL_hints.h,yes,yes,bound,-,,,,"""SDL_VITA_PVR_OPENGL""",-
SDL_HINT_VITA_RESOLUTION,yes,no,SDL_hints.h,yes,yes,bound,-,,,,"""SDL_VITA_RESOLUTION""",-
SDL_HINT_VITA_TOUCH_MOUSE_DEVICE,yes,no,SDL_hints.h,yes,yes,bound,-,,,,"""SDL_VITA_TOUCH_MOUSE_DEVICE""",-
SDL_HINT_VULKAN_DISPLAY,yes,no,SDL_hints.h,yes,yes,bound,-,,,,"""SDL_VULKAN_DISPLAY""",-
SDL_HINT_VULKAN_LIBRARY,yes,no,SDL_hints.h,yes,yes,bound,-,,,,"""SDL_VULKAN_LIBRARY""",-
SDL_HINT_WAVE_CHUNK_LIMIT,yes,no,SDL_hints.h,yes,yes,bound,-,,,,"""SDL_WAVE_CHUNK_LIMIT""",-
SDL_HINT_WAVE_FACT_CHUNK,yes,no,SDL_hints.h,yes,yes,bound,-,,,,"""SDL_WAVE_FACT_CHUNK""",-
SDL_HINT_WAVE_RIFF_CHUNK_SIZE,yes,no,SDL_hints.h,yes,yes,bound,-,,,,"""SDL_WAVE_RIFF_CHUNK_SIZE""",-
SDL_HINT_WAVE_TRUNCATION,yes,no,SDL_hints.h,yes,yes,bound,-,,,,"""SDL_WAVE_TRUNCATION""",-
SDL_HINT_WINDOWS_CLOSE_ON_ALT_F4,yes,no,SDL_hints.h,yes,yes,bound,-,,,,"""SDL_WINDOWS_CLOSE_ON_ALT_F4""",-
SDL_HINT_WINDOWS_ENABLE_MENU_MNEMONICS,yes,no,SDL_hints.h,yes,yes,bound,-,,,,"""SDL_WINDOWS_ENABLE_MENU_MNEMONICS""",-
SDL_HINT_WINDOWS_ENABLE_MESSAGELOOP,yes,no,SDL_hints.h,yes,yes,bound,-,,,,"""SDL_WINDOWS_ENABLE_MESSAGELOOP""",-
SDL_HINT_WINDOWS_ERASE_BACKGROUND_MODE,yes,no,SDL_hints.h,yes,yes,bound,-,,,,"""SDL_WINDOWS_ERASE_BACKGROUND_MODE""",-
SDL_HINT_WINDOWS_FORCE_MUTEX_CRITICAL_SECTIONS,yes,no,SDL_oldnames.h,no,no,resolve,sdl2-compat-sentinel,,SDL_HINT_WINDOWS_FORCE_MUTEX_CRITICAL_SECTIONS_deprecated_remove_this_line,,SDL_HINT_WINDOWS_FORCE_MUTEX_CRITICAL_SECTIONS_deprecated_remove_this_line,sdl2-compat-sentinel
SDL_HINT_WINDOWS_FORCE_SEMAPHORE_KERNEL,yes,no,SDL_hints.h,yes,yes,bound,-,,,,"""SDL_WINDOWS_FORCE_SEMAPHORE_KERNEL""",-
SDL_HINT_WINDOWS_GAMEINPUT,yes,no,SDL_hints.h,yes,yes,bound,-,,,,"""SDL_WINDOWS_GAMEINPUT""",-
SDL_HINT_WINDOWS_INTRESOURCE_ICON,yes,no,SDL_hints.h,yes,yes,bound,-,,,,"""SDL_WINDOWS_INTRESOURCE_ICON""",-
SDL_HINT_WINDOWS_INTRESOURCE_ICON_SMALL,yes,no,SDL_hints.h,yes,yes,bound,-,,,,"""SDL_WINDOWS_INTRESOURCE_ICON_SMALL""",-
SDL_HINT_WINDOWS_RAW_KEYBOARD,yes,no,SDL_hints.h,yes,yes,bound,-,,,,"""SDL_WINDOWS_RAW_KEYBOARD""",-
SDL_HINT_WINDOWS_RAW_KEYBOARD_EXCLUDE_HOTKEYS,yes,no,SDL_hints.h,yes,yes,bound,-,,,,"""SDL_WINDOWS_RAW_KEYBOARD_EXCLUDE_HOTKEYS""",-
SDL_HINT_WINDOWS_RAW_KEYBOARD_INPUTSINK,yes,no,SDL_hints.h,yes,yes,bound,-,,,,"""SDL_WINDOWS_RAW_KEYBOARD_INPUTSINK""",-
SDL_HINT_WINDOWS_RAW_MOUSE_NOLEGACY,yes,no,SDL_hints.h,yes,yes,bound,-,,,,"""SDL_WINDOWS_RAW_MOUSE_NOLEGACY""",-
SDL_HINT_WINDOWS_USE_D3D9EX,yes,no,SDL_hints.h,yes,yes,bound,-,,,,"""SDL_WINDOWS_USE_D3D9EX""",-
SDL_HINT_WINDOW_ACTIVATE_WHEN_RAISED,yes,no,SDL_hints.h,yes,yes,bound,-,,,,"""SDL_WINDOW_ACTIVATE_WHEN_RAISED""",-
SDL_HINT_WINDOW_ACTIVATE_WHEN_SHOWN,yes,no,SDL_hints.h,yes,yes,bound,-,,,,"""SDL_WINDOW_ACTIVATE_WHEN_SHOWN""",-
SDL_HINT_WINDOW_ALLOW_TOPMOST,yes,no,SDL_hints.h,yes,yes,bound,-,,,,"""SDL_WINDOW_ALLOW_TOPMOST""",-
SDL_HINT_WINDOW_FRAME_USABLE_WHILE_CURSOR_HIDDEN,yes,no,SDL_hints.h,yes,yes,bound,-,,,,"""SDL_WINDOW_FRAME_USABLE_WHILE_CURSOR_HIDDEN""",-
SDL_HINT_X11_FORCE_OVERRIDE_REDIRECT,yes,no,SDL_hints.h,yes,yes,bound,-,,,,"""SDL_X11_FORCE_OVERRIDE_REDIRECT""",-
SDL_HINT_X11_WINDOW_TYPE,yes,no,SDL_hints.h,yes,yes,bound,-,,,,"""SDL_X11_WINDOW_TYPE""",-
SDL_HINT_X11_XCB_LIBRARY,yes,no,SDL_hints.h,yes,yes,bound,-,,,,"""SDL_X11_XCB_LIBRARY""",-
SDL_HINT_XINPUT_ENABLED,yes,no,SDL_hints.h,yes,yes,bound,-,,,,"""SDL_XINPUT_ENABLED""",-
SDL_HapticClose,yes,no,SDL_oldnames.h,no,no,resolve,sdl2-compat-sentinel,,SDL_HapticClose_renamed_SDL_CloseHaptic,,SDL_HapticClose_renamed_SDL_CloseHaptic,sdl2-compat-sentinel
SDL_HapticDestroyEffect,yes,no,SDL_oldnames.h,no,no,resolve,sdl2-compat-sentinel,,SDL_HapticDestroyEffect_renamed_SDL_DestroyHapticEffect,,SDL_HapticDestroyEffect_renamed_SDL_DestroyHapticEffect,sdl2-compat-sentinel
SDL_HapticGetEffectStatus,yes,no,SDL_oldnames.h,no,no,resolve,sdl2-compat-sentinel,,SDL_HapticGetEffectStatus_renamed_SDL_GetHapticEffectStatus,,SDL_HapticGetEffectStatus_renamed_SDL_GetHapticEffectStatus,sdl2-compat-sentinel
SDL_HapticNewEffect,yes,no,SDL_oldnames.h,no,no,resolve,sdl2-compat-sentinel,,SDL_HapticNewEffect_renamed_SDL_CreateHapticEffect,,SDL_HapticNewEffect_renamed_SDL_CreateHapticEffect,sdl2-compat-sentinel
SDL_HapticNumAxes,yes,no,SDL_oldnames.h,no,no,resolve,sdl2-compat-sentinel,,SDL_HapticNumAxes_renamed_SDL_GetNumHapticAxes,,SDL_HapticNumAxes_renamed_SDL_GetNumHapticAxes,sdl2-compat-sentinel
SDL_HapticNumEffects,yes,no,SDL_oldnames.h,no,no,resolve,sdl2-compat-sentinel,,SDL_HapticNumEffects_renamed_SDL_GetMaxHapticEffects,,SDL_HapticNumEffects_renamed_SDL_GetMaxHapticEffects,sdl2-compat-sentinel
SDL_HapticNumEffectsPlaying,yes,no,SDL_oldnames.h,no,no,resolve,sdl2-compat-sentinel,,SDL_HapticNumEffectsPlaying_renamed_SDL_GetMaxHapticEffectsPlaying,,SDL_HapticNumEffectsPlaying_renamed_SDL_GetMaxHapticEffectsPlaying,sdl2-compat-sentinel
SDL_HapticOpen,yes,no,SDL_oldnames.h,no,no,resolve,sdl2-compat-sentinel,,SDL_HapticOpen_renamed_SDL_OpenHaptic,,SDL_HapticOpen_renamed_SDL_OpenHaptic,sdl2-compat-sentinel
SDL_HapticOpenFromJoystick,yes,no,SDL_oldnames.h,no,no,resolve,sdl2-compat-sentinel,,SDL_HapticOpenFromJoystick_renamed_SDL_OpenHapticFromJoystick,,SDL_HapticOpenFromJoystick_renamed_SDL_OpenHapticFromJoystick,sdl2-compat-sentinel
SDL_HapticOpenFromMouse,yes,no,SDL_oldnames.h,no,no,resolve,sdl2-compat-sentinel,,SDL_HapticOpenFromMouse_renamed_SDL_OpenHapticFromMouse,,SDL_HapticOpenFromMouse_renamed_SDL_OpenHapticFromMouse,sdl2-compat-sentinel
SDL_HapticPause,yes,no,SDL_oldnames.h,no,no,resolve,sdl2-compat-sentinel,,SDL_HapticPause_renamed_SDL_PauseHaptic,,SDL_HapticPause_renamed_SDL_PauseHaptic,sdl2-compat-sentinel
SDL_HapticQuery,yes,no,SDL_oldnames.h,no,no,resolve,sdl2-compat-sentinel,,SDL_HapticQuery_renamed_SDL_GetHapticFeatures,,SDL_HapticQuery_renamed_SDL_GetHapticFeatures,sdl2-compat-sentinel
SDL_HapticRumbleInit,yes,no,SDL_oldnames.h,no,no,resolve,sdl2-compat-sentinel,,SDL_HapticRumbleInit_renamed_SDL_InitHapticRumble,,SDL_HapticRumbleInit_renamed_SDL_InitHapticRumble,sdl2-compat-sentinel
SDL_HapticRumblePlay,yes,no,SDL_oldnames.h,no,no,resolve,sdl2-compat-sentinel,,SDL_HapticRumblePlay_renamed_SDL_PlayHapticRumble,,SDL_HapticRumblePlay_renamed_SDL_PlayHapticRumble,sdl2-compat-sentinel
SDL_HapticRumbleStop,yes,no,SDL_oldnames.h,no,no,resolve,sdl2-compat-sentinel,,SDL_HapticRumbleStop_renamed_SDL_StopHapticRumble,,SDL_HapticRumbleStop_renamed_SDL_StopHapticRumble,sdl2-compat-sentinel
SDL_HapticRunEffect,yes,no,SDL_oldnames.h,no,no,resolve,sdl2-compat-sentinel,,SDL_HapticRunEffect_renamed_SDL_RunHapticEffect,,SDL_HapticRunEffect_renamed_SDL_RunHapticEffect,sdl2-compat-sentinel
SDL_HapticSetAutocenter,yes,no,SDL_oldnames.h,no,no,resolve,sdl2-compat-sentinel,,SDL_HapticSetAutocenter_renamed_SDL_SetHapticAutocenter,,SDL_HapticSetAutocenter_renamed_SDL_SetHapticAutocenter,sdl2-compat-sentinel
SDL_HapticSetGain,yes,no,SDL_oldnames.h,no,no,resolve,sdl2-compat-sentinel,,SDL_HapticSetGain_renamed_SDL_SetHapticGain,,SDL_HapticSetGain_renamed_SDL_SetHapticGain,sdl2-compat-sentinel
SDL_HapticStopAll,yes,no,SDL_oldnames.h,no,no,resolve,sdl2-compat-sentinel,,SDL_HapticStopAll_renamed_SDL_StopHapticEffects,,SDL_HapticStopAll_renamed_SDL_StopHapticEffects,sdl2-compat-sentinel
SDL_HapticStopEffect,yes,no,SDL_oldnames.h,no,no,resolve,sdl2-compat-sentinel,,SDL_HapticStopEffect_renamed_SDL_StopHapticEffect,,SDL_HapticStopEffect_renamed_SDL_StopHapticEffect,sdl2-compat-sentinel
SDL_HapticUnpause,yes,no,SDL_oldnames.h,no,no,resolve,sdl2-compat-sentinel,,SDL_HapticUnpause_renamed_SDL_ResumeHaptic,,SDL_HapticUnpause_renamed_SDL_ResumeHaptic,sdl2-compat-sentinel
SDL_HapticUpdateEffect,yes,no,SDL_oldnames.h,no,no,resolve,sdl2-compat-sentinel,,SDL_HapticUpdateEffect_renamed_SDL_UpdateHapticEffect,,SDL_HapticUpdateEffect_renamed_SDL_UpdateHapticEffect,sdl2-compat-sentinel
SDL_HasColorKey,yes,no,SDL_oldnames.h,no,no,resolve,sdl2-compat-sentinel,,SDL_HasColorKey_renamed_SDL_SurfaceHasColorKey,,SDL_HasColorKey_renamed_SDL_SurfaceHasColorKey,sdl2-compat-sentinel
SDL_HasIntersection,yes,no,SDL_oldnames.h,no,no,resolve,sdl2-compat-sentinel,,SDL_HasIntersection_renamed_SDL_HasRectIntersection,,SDL_HasIntersection_renamed_SDL_HasRectIntersection,sdl2-compat-sentinel
SDL_HasIntersectionF,yes,no,SDL_oldnames.h,no,no,resolve,sdl2-compat-sentinel,,SDL_HasIntersectionF_renamed_SDL_HasRectIntersectionFloat,,SDL_HasIntersectionF_renamed_SDL_HasRectIntersectionFloat,sdl2-compat-sentinel
SDL_HasSurfaceRLE,yes,no,SDL_oldnames.h,no,no,resolve,sdl2-compat-sentinel,,SDL_HasSurfaceRLE_renamed_SDL_SurfaceHasRLE,,SDL_HasSurfaceRLE_renamed_SDL_SurfaceHasRLE,sdl2-compat-sentinel
SDL_HasWindowSurface,yes,no,SDL_oldnames.h,no,no,resolve,sdl2-compat-sentinel,,SDL_HasWindowSurface_renamed_SDL_WindowHasSurface,,SDL_HasWindowSurface_renamed_SDL_WindowHasSurface,sdl2-compat-sentinel
SDL_ICONV_E2BIG,yes,no,SDL_stdinc.h,no,no,typecheck,typecheck-other,,,,(size_t)-2,typecheck-other
SDL_ICONV_EILSEQ,yes,no,SDL_stdinc.h,no,no,typecheck,typecheck-other,,,,(size_t)-3,typecheck-other
SDL_ICONV_EINVAL,yes,no,SDL_stdinc.h,no,no,typecheck,typecheck-other,,,,(size_t)-4,typecheck-other
SDL_ICONV_ERROR,yes,no,SDL_stdinc.h,no,no,typecheck,typecheck-other,,,,(size_t)-1,typecheck-other
SDL_INCLUDE_STDBOOL_H,yes,no,SDL_stdinc.h,no,no,parse,empty-body,,,,,empty-body
SDL_INIT_AUDIO,yes,no,SDL_init.h,yes,yes,bound,-,,,,0x00000010u,-
SDL_INIT_CAMERA,yes,no,SDL_init.h,yes,yes,bound,-,,,,0x00010000u,-
SDL_INIT_EVENTS,yes,no,SDL_init.h,yes,yes,bound,-,,,,0x00004000u,-
SDL_INIT_EVERYTHING,yes,no,SDL_oldnames.h,no,no,resolve,sdl2-compat-sentinel,,SDL_INIT_EVERYTHING_deprecated_list_flags_explicitly,,SDL_INIT_EVERYTHING_deprecated_list_flags_explicitly,sdl2-compat-sentinel
SDL_INIT_GAMECONTROLLER,yes,no,SDL_oldnames.h,no,no,resolve,sdl2-compat-sentinel,,SDL_INIT_GAMECONTROLLER_renamed_SDL_INIT_GAMEPAD,,SDL_INIT_GAMECONTROLLER_renamed_SDL_INIT_GAMEPAD,sdl2-compat-sentinel
SDL_INIT_GAMEPAD,yes,no,SDL_init.h,yes,yes,bound,-,,,,0x00002000u,-
SDL_INIT_HAPTIC,yes,no,SDL_init.h,yes,yes,bound,-,,,,0x00001000u,-
SDL_INIT_JOYSTICK,yes,no,SDL_init.h,yes,yes,bound,-,,,,0x00000200u,-
SDL_INIT_SENSOR,yes,no,SDL_init.h,yes,yes,bound,-,,,,0x00008000u,-
SDL_INIT_VIDEO,yes,no,SDL_init.h,yes,yes,bound,-,,,,0x00000020u,-
SDL_INLINE,yes,no,SDL_begin_code.h,no,no,parse,unclassified,,,__inline__,__inline__,unclassified
SDL_INVALID_UNICODE_CODEPOINT,yes,no,SDL_stdinc.h,yes,yes,bound,-,,,,0xFFFD,-
SDL_IntersectFRect,yes,no,SDL_oldnames.h,no,no,resolve,sdl2-compat-sentinel,,SDL_IntersectFRect_renamed_SDL_GetRectIntersectionFloat,,SDL_IntersectFRect_renamed_SDL_GetRectIntersectionFloat,sdl2-compat-sentinel
SDL_IntersectFRectAndLine,yes,no,SDL_oldnames.h,no,no,resolve,sdl2-compat-sentinel,,SDL_IntersectFRectAndLine_renamed_SDL_GetRectAndLineIntersectionFloat,,SDL_IntersectFRectAndLine_renamed_SDL_GetRectAndLineIntersectionFloat,sdl2-compat-sentinel
SDL_IntersectRect,yes,no,SDL_oldnames.h,no,no,resolve,sdl2-compat-sentinel,,SDL_IntersectRect_renamed_SDL_GetRectIntersection,,SDL_IntersectRect_renamed_SDL_GetRectIntersection,sdl2-compat-sentinel
SDL_IntersectRectAndLine,yes,no,SDL_oldnames.h,no,no,resolve,sdl2-compat-sentinel,,SDL_IntersectRectAndLine_renamed_SDL_GetRectAndLineIntersection,,SDL_IntersectRectAndLine_renamed_SDL_GetRectAndLineIntersection,sdl2-compat-sentinel
SDL_IsGameController,yes,no,SDL_oldnames.h,no,no,resolve,sdl2-compat-sentinel,,SDL_IsGameController_renamed_SDL_IsGamepad,,SDL_IsGameController_renamed_SDL_IsGamepad,sdl2-compat-sentinel
SDL_IsScreenKeyboardShown,yes,no,SDL_oldnames.h,no,no,resolve,sdl2-compat-sentinel,,SDL_IsScreenKeyboardShown_renamed_SDL_ScreenKeyboardShown,,SDL_IsScreenKeyboardShown_renamed_SDL_ScreenKeyboardShown,sdl2-compat-sentinel
SDL_IsScreenSaverEnabled,yes,no,SDL_oldnames.h,no,no,resolve,sdl2-compat-sentinel,,SDL_IsScreenSaverEnabled_renamed_SDL_ScreenSaverEnabled,,SDL_IsScreenSaverEnabled_renamed_SDL_ScreenSaverEnabled,sdl2-compat-sentinel
SDL_IsTextInputActive,yes,no,SDL_oldnames.h,no,no,resolve,sdl2-compat-sentinel,,SDL_IsTextInputActive_renamed_SDL_TextInputActive,,SDL_IsTextInputActive_renamed_SDL_TextInputActive,sdl2-compat-sentinel
SDL_JOYAXISMOTION,yes,no,SDL_oldnames.h,no,no,resolve,sdl2-compat-sentinel,,SDL_JOYAXISMOTION_renamed_SDL_EVENT_JOYSTICK_AXIS_MOTION,,SDL_JOYAXISMOTION_renamed_SDL_EVENT_JOYSTICK_AXIS_MOTION,sdl2-compat-sentinel
SDL_JOYBALLMOTION,yes,no,SDL_oldnames.h,no,no,resolve,sdl2-compat-sentinel,,SDL_JOYBALLMOTION_renamed_SDL_EVENT_JOYSTICK_BALL_MOTION,,SDL_JOYBALLMOTION_renamed_SDL_EVENT_JOYSTICK_BALL_MOTION,sdl2-compat-sentinel
SDL_JOYBATTERYUPDATED,yes,no,SDL_oldnames.h,no,no,resolve,sdl2-compat-sentinel,,SDL_JOYBATTERYUPDATED_renamed_SDL_EVENT_JOYSTICK_BATTERY_UPDATED,,SDL_JOYBATTERYUPDATED_renamed_SDL_EVENT_JOYSTICK_BATTERY_UPDATED,sdl2-compat-sentinel
SDL_JOYBUTTONDOWN,yes,no,SDL_oldnames.h,no,no,resolve,sdl2-compat-sentinel,,SDL_JOYBUTTONDOWN_renamed_SDL_EVENT_JOYSTICK_BUTTON_DOWN,,SDL_JOYBUTTONDOWN_renamed_SDL_EVENT_JOYSTICK_BUTTON_DOWN,sdl2-compat-sentinel
SDL_JOYBUTTONUP,yes,no,SDL_oldnames.h,no,no,resolve,sdl2-compat-sentinel,,SDL_JOYBUTTONUP_renamed_SDL_EVENT_JOYSTICK_BUTTON_UP,,SDL_JOYBUTTONUP_renamed_SDL_EVENT_JOYSTICK_BUTTON_UP,sdl2-compat-sentinel
SDL_JOYDEVICEADDED,yes,no,SDL_oldnames.h,no,no,resolve,sdl2-compat-sentinel,,SDL_JOYDEVICEADDED_renamed_SDL_EVENT_JOYSTICK_ADDED,,SDL_JOYDEVICEADDED_renamed_SDL_EVENT_JOYSTICK_ADDED,sdl2-compat-sentinel
SDL_JOYDEVICEREMOVED,yes,no,SDL_oldnames.h,no,no,resolve,sdl2-compat-sentinel,,SDL_JOYDEVICEREMOVED_renamed_SDL_EVENT_JOYSTICK_REMOVED,,SDL_JOYDEVICEREMOVED_renamed_SDL_EVENT_JOYSTICK_REMOVED,sdl2-compat-sentinel
SDL_JOYHATMOTION,yes,no,SDL_oldnames.h,no,no,resolve,sdl2-compat-sentinel,,SDL_JOYHATMOTION_renamed_SDL_EVENT_JOYSTICK_HAT_MOTION,,SDL_JOYHATMOTION_renamed_SDL_EVENT_JOYSTICK_HAT_MOTION,sdl2-compat-sentinel
SDL_JOYSTICK_AXIS_MAX,yes,no,SDL_joystick.h,yes,yes,bound,-,,,,32767,-
SDL_JOYSTICK_AXIS_MIN,yes,no,SDL_joystick.h,yes,yes,bound,-,,,,-32768,-
SDL_JOYSTICK_TYPE_GAMECONTROLLER,yes,no,SDL_oldnames.h,no,no,resolve,sdl2-compat-sentinel,,SDL_JOYSTICK_TYPE_GAMECONTROLLER_renamed_SDL_JOYSTICK_TYPE_GAMEPAD,,SDL_JOYSTICK_TYPE_GAMECONTROLLER_renamed_SDL_JOYSTICK_TYPE_GAMEPAD,sdl2-compat-sentinel
SDL_JoystickAttachVirtualEx,yes,no,SDL_oldnames.h,no,no,resolve,sdl2-compat-sentinel,,SDL_JoystickAttachVirtualEx_renamed_SDL_AttachVirtualJoystick,,SDL_JoystickAttachVirtualEx_renamed_SDL_AttachVirtualJoystick,sdl2-compat-sentinel
SDL_JoystickClose,yes,no,SDL_oldnames.h,no,no,resolve,sdl2-compat-sentinel,,SDL_JoystickClose_renamed_SDL_CloseJoystick,,SDL_JoystickClose_renamed_SDL_CloseJoystick,sdl2-compat-sentinel
SDL_JoystickDetachVirtual,yes,no,SDL_oldnames.h,no,no,resolve,sdl2-compat-sentinel,,SDL_JoystickDetachVirtual_renamed_SDL_DetachVirtualJoystick,,SDL_JoystickDetachVirtual_renamed_SDL_DetachVirtualJoystick,sdl2-compat-sentinel
SDL_JoystickFromInstanceID,yes,no,SDL_oldnames.h,no,no,resolve,sdl2-compat-sentinel,,SDL_JoystickFromInstanceID_renamed_SDL_GetJoystickFromID,,SDL_JoystickFromInstanceID_renamed_SDL_GetJoystickFromID,sdl2-compat-sentinel
SDL_JoystickFromPlayerIndex,yes,no,SDL_oldnames.h,no,no,resolve,sdl2-compat-sentinel,,SDL_JoystickFromPlayerIndex_renamed_SDL_GetJoystickFromPlayerIndex,,SDL_JoystickFromPlayerIndex_renamed_SDL_GetJoystickFromPlayerIndex,sdl2-compat-sentinel
SDL_JoystickGUID,yes,no,SDL_oldnames.h,no,no,resolve,sdl2-compat-sentinel,,SDL_JoystickGUID_renamed_SDL_GUID,,SDL_JoystickGUID_renamed_SDL_GUID,sdl2-compat-sentinel
SDL_JoystickGetAttached,yes,no,SDL_oldnames.h,no,no,resolve,sdl2-compat-sentinel,,SDL_JoystickGetAttached_renamed_SDL_JoystickConnected,,SDL_JoystickGetAttached_renamed_SDL_JoystickConnected,sdl2-compat-sentinel
SDL_JoystickGetAxis,yes,no,SDL_oldnames.h,no,no,resolve,sdl2-compat-sentinel,,SDL_JoystickGetAxis_renamed_SDL_GetJoystickAxis,,SDL_JoystickGetAxis_renamed_SDL_GetJoystickAxis,sdl2-compat-sentinel
SDL_JoystickGetAxisInitialState,yes,no,SDL_oldnames.h,no,no,resolve,sdl2-compat-sentinel,,SDL_JoystickGetAxisInitialState_renamed_SDL_GetJoystickAxisInitialState,,SDL_JoystickGetAxisInitialState_renamed_SDL_GetJoystickAxisInitialState,sdl2-compat-sentinel
SDL_JoystickGetBall,yes,no,SDL_oldnames.h,no,no,resolve,sdl2-compat-sentinel,,SDL_JoystickGetBall_renamed_SDL_GetJoystickBall,,SDL_JoystickGetBall_renamed_SDL_GetJoystickBall,sdl2-compat-sentinel
SDL_JoystickGetButton,yes,no,SDL_oldnames.h,no,no,resolve,sdl2-compat-sentinel,,SDL_JoystickGetButton_renamed_SDL_GetJoystickButton,,SDL_JoystickGetButton_renamed_SDL_GetJoystickButton,sdl2-compat-sentinel
SDL_JoystickGetFirmwareVersion,yes,no,SDL_oldnames.h,no,no,resolve,sdl2-compat-sentinel,,SDL_JoystickGetFirmwareVersion_renamed_SDL_GetJoystickFirmwareVersion,,SDL_JoystickGetFirmwareVersion_renamed_SDL_GetJoystickFirmwareVersion,sdl2-compat-sentinel
SDL_JoystickGetGUID,yes,no,SDL_oldnames.h,no,no,resolve,sdl2-compat-sentinel,,SDL_JoystickGetGUID_renamed_SDL_GetJoystickGUID,,SDL_JoystickGetGUID_renamed_SDL_GetJoystickGUID,sdl2-compat-sentinel
SDL_JoystickGetGUIDFromString,yes,no,SDL_oldnames.h,no,no,resolve,sdl2-compat-sentinel,,SDL_JoystickGetGUIDFromString_renamed_SDL_GUIDFromString,,SDL_JoystickGetGUIDFromString_renamed_SDL_GUIDFromString,sdl2-compat-sentinel
SDL_JoystickGetHat,yes,no,SDL_oldnames.h,no,no,resolve,sdl2-compat-sentinel,,SDL_JoystickGetHat_renamed_SDL_GetJoystickHat,,SDL_JoystickGetHat_renamed_SDL_GetJoystickHat,sdl2-compat-sentinel
SDL_JoystickGetPlayerIndex,yes,no,SDL_oldnames.h,no,no,resolve,sdl2-compat-sentinel,,SDL_JoystickGetPlayerIndex_renamed_SDL_GetJoystickPlayerIndex,,SDL_JoystickGetPlayerIndex_renamed_SDL_GetJoystickPlayerIndex,sdl2-compat-sentinel
SDL_JoystickGetProduct,yes,no,SDL_oldnames.h,no,no,resolve,sdl2-compat-sentinel,,SDL_JoystickGetProduct_renamed_SDL_GetJoystickProduct,,SDL_JoystickGetProduct_renamed_SDL_GetJoystickProduct,sdl2-compat-sentinel
SDL_JoystickGetProductVersion,yes,no,SDL_oldnames.h,no,no,resolve,sdl2-compat-sentinel,,SDL_JoystickGetProductVersion_renamed_SDL_GetJoystickProductVersion,,SDL_JoystickGetProductVersion_renamed_SDL_GetJoystickProductVersion,sdl2-compat-sentinel
SDL_JoystickGetSerial,yes,no,SDL_oldnames.h,no,no,resolve,sdl2-compat-sentinel,,SDL_JoystickGetSerial_renamed_SDL_GetJoystickSerial,,SDL_JoystickGetSerial_renamed_SDL_GetJoystickSerial,sdl2-compat-sentinel
SDL_JoystickGetType,yes,no,SDL_oldnames.h,no,no,resolve,sdl2-compat-sentinel,,SDL_JoystickGetType_renamed_SDL_GetJoystickType,,SDL_JoystickGetType_renamed_SDL_GetJoystickType,sdl2-compat-sentinel
SDL_JoystickGetVendor,yes,no,SDL_oldnames.h,no,no,resolve,sdl2-compat-sentinel,,SDL_JoystickGetVendor_renamed_SDL_GetJoystickVendor,,SDL_JoystickGetVendor_renamed_SDL_GetJoystickVendor,sdl2-compat-sentinel
SDL_JoystickInstanceID,yes,no,SDL_oldnames.h,no,no,resolve,sdl2-compat-sentinel,,SDL_JoystickInstanceID_renamed_SDL_GetJoystickID,,SDL_JoystickInstanceID_renamed_SDL_GetJoystickID,sdl2-compat-sentinel
SDL_JoystickIsHaptic,yes,no,SDL_oldnames.h,no,no,resolve,sdl2-compat-sentinel,,SDL_JoystickIsHaptic_renamed_SDL_IsJoystickHaptic,,SDL_JoystickIsHaptic_renamed_SDL_IsJoystickHaptic,sdl2-compat-sentinel
SDL_JoystickIsVirtual,yes,no,SDL_oldnames.h,no,no,resolve,sdl2-compat-sentinel,,SDL_JoystickIsVirtual_renamed_SDL_IsJoystickVirtual,,SDL_JoystickIsVirtual_renamed_SDL_IsJoystickVirtual,sdl2-compat-sentinel
SDL_JoystickName,yes,no,SDL_oldnames.h,no,no,resolve,sdl2-compat-sentinel,,SDL_JoystickName_renamed_SDL_GetJoystickName,,SDL_JoystickName_renamed_SDL_GetJoystickName,sdl2-compat-sentinel
SDL_JoystickNumAxes,yes,no,SDL_oldnames.h,no,no,resolve,sdl2-compat-sentinel,,SDL_JoystickNumAxes_renamed_SDL_GetNumJoystickAxes,,SDL_JoystickNumAxes_renamed_SDL_GetNumJoystickAxes,sdl2-compat-sentinel
SDL_JoystickNumBalls,yes,no,SDL_oldnames.h,no,no,resolve,sdl2-compat-sentinel,,SDL_JoystickNumBalls_renamed_SDL_GetNumJoystickBalls,,SDL_JoystickNumBalls_renamed_SDL_GetNumJoystickBalls,sdl2-compat-sentinel
SDL_JoystickNumButtons,yes,no,SDL_oldnames.h,no,no,resolve,sdl2-compat-sentinel,,SDL_JoystickNumButtons_renamed_SDL_GetNumJoystickButtons,,SDL_JoystickNumButtons_renamed_SDL_GetNumJoystickButtons,sdl2-compat-sentinel
SDL_JoystickNumHats,yes,no,SDL_oldnames.h,no,no,resolve,sdl2-compat-sentinel,,SDL_JoystickNumHats_renamed_SDL_GetNumJoystickHats,,SDL_JoystickNumHats_renamed_SDL_GetNumJoystickHats,sdl2-compat-sentinel
SDL_JoystickOpen,yes,no,SDL_oldnames.h,no,no,resolve,sdl2-compat-sentinel,,SDL_JoystickOpen_renamed_SDL_OpenJoystick,,SDL_JoystickOpen_renamed_SDL_OpenJoystick,sdl2-compat-sentinel
SDL_JoystickPath,yes,no,SDL_oldnames.h,no,no,resolve,sdl2-compat-sentinel,,SDL_JoystickPath_renamed_SDL_GetJoystickPath,,SDL_JoystickPath_renamed_SDL_GetJoystickPath,sdl2-compat-sentinel
SDL_JoystickRumble,yes,no,SDL_oldnames.h,no,no,resolve,sdl2-compat-sentinel,,SDL_JoystickRumble_renamed_SDL_RumbleJoystick,,SDL_JoystickRumble_renamed_SDL_RumbleJoystick,sdl2-compat-sentinel
SDL_JoystickRumbleTriggers,yes,no,SDL_oldnames.h,no,no,resolve,sdl2-compat-sentinel,,SDL_JoystickRumbleTriggers_renamed_SDL_RumbleJoystickTriggers,,SDL_JoystickRumbleTriggers_renamed_SDL_RumbleJoystickTriggers,sdl2-compat-sentinel
SDL_JoystickSendEffect,yes,no,SDL_oldnames.h,no,no,resolve,sdl2-compat-sentinel,,SDL_JoystickSendEffect_renamed_SDL_SendJoystickEffect,,SDL_JoystickSendEffect_renamed_SDL_SendJoystickEffect,sdl2-compat-sentinel
SDL_JoystickSetLED,yes,no,SDL_oldnames.h,no,no,resolve,sdl2-compat-sentinel,,SDL_JoystickSetLED_renamed_SDL_SetJoystickLED,,SDL_JoystickSetLED_renamed_SDL_SetJoystickLED,sdl2-compat-sentinel
SDL_JoystickSetPlayerIndex,yes,no,SDL_oldnames.h,no,no,resolve,sdl2-compat-sentinel,,SDL_JoystickSetPlayerIndex_renamed_SDL_SetJoystickPlayerIndex,,SDL_JoystickSetPlayerIndex_renamed_SDL_SetJoystickPlayerIndex,sdl2-compat-sentinel
SDL_JoystickSetVirtualAxis,yes,no,SDL_oldnames.h,no,no,resolve,sdl2-compat-sentinel,,SDL_JoystickSetVirtualAxis_renamed_SDL_SetJoystickVirtualAxis,,SDL_JoystickSetVirtualAxis_renamed_SDL_SetJoystickVirtualAxis,sdl2-compat-sentinel
SDL_JoystickSetVirtualButton,yes,no,SDL_oldnames.h,no,no,resolve,sdl2-compat-sentinel,,SDL_JoystickSetVirtualButton_renamed_SDL_SetJoystickVirtualButton,,SDL_JoystickSetVirtualButton_renamed_SDL_SetJoystickVirtualButton,sdl2-compat-sentinel
SDL_JoystickSetVirtualHat,yes,no,SDL_oldnames.h,no,no,resolve,sdl2-compat-sentinel,,SDL_JoystickSetVirtualHat_renamed_SDL_SetJoystickVirtualHat,,SDL_JoystickSetVirtualHat_renamed_SDL_SetJoystickVirtualHat,sdl2-compat-sentinel
SDL_JoystickUpdate,yes,no,SDL_oldnames.h,no,no,resolve,sdl2-compat-sentinel,,SDL_JoystickUpdate_renamed_SDL_UpdateJoysticks,,SDL_JoystickUpdate_renamed_SDL_UpdateJoysticks,sdl2-compat-sentinel
SDL_KEYDOWN,yes,no,SDL_oldnames.h,no,no,resolve,sdl2-compat-sentinel,,SDL_KEYDOWN_renamed_SDL_EVENT_KEY_DOWN,,SDL_KEYDOWN_renamed_SDL_EVENT_KEY_DOWN,sdl2-compat-sentinel
SDL_KEYMAPCHANGED,yes,no,SDL_oldnames.h,no,no,resolve,sdl2-compat-sentinel,,SDL_KEYMAPCHANGED_renamed_SDL_EVENT_KEYMAP_CHANGED,,SDL_KEYMAPCHANGED_renamed_SDL_EVENT_KEYMAP_CHANGED,sdl2-compat-sentinel
SDL_KEYUP,yes,no,SDL_oldnames.h,no,no,resolve,sdl2-compat-sentinel,,SDL_KEYUP_renamed_SDL_EVENT_KEY_UP,,SDL_KEYUP_renamed_SDL_EVENT_KEY_UP,sdl2-compat-sentinel
SDL_KMOD_ALT,yes,no,SDL_keycode.h,yes,yes,bound,-,,,,(SDL_KMOD_LALT | SDL_KMOD_RALT),-
SDL_KMOD_CAPS,yes,no,SDL_keycode.h,yes,yes,bound,-,,,,0x2000u,-
SDL_KMOD_CTRL,yes,no,SDL_keycode.h,yes,yes,bound,-,,,,(SDL_KMOD_LCTRL | SDL_KMOD_RCTRL),-
SDL_KMOD_GUI,yes,no,SDL_keycode.h,yes,yes,bound,-,,,,(SDL_KMOD_LGUI | SDL_KMOD_RGUI),-
SDL_KMOD_LALT,yes,no,SDL_keycode.h,yes,yes,bound,-,,,,0x0100u,-
SDL_KMOD_LCTRL,yes,no,SDL_keycode.h,yes,yes,bound,-,,,,0x0040u,-
SDL_KMOD_LEVEL5,yes,no,SDL_keycode.h,yes,yes,bound,-,,,,0x0004u,-
SDL_KMOD_LGUI,yes,no,SDL_keycode.h,yes,yes,bound,-,,,,0x0400u,-
SDL_KMOD_LSHIFT,yes,no,SDL_keycode.h,yes,yes,bound,-,,,,0x0001u,-
SDL_KMOD_MODE,yes,no,SDL_keycode.h,yes,yes,bound,-,,,,0x4000u,-
SDL_KMOD_NONE,yes,no,SDL_keycode.h,yes,yes,bound,-,,,,0x0000u,-
SDL_KMOD_NUM,yes,no,SDL_keycode.h,yes,yes,bound,-,,,,0x1000u,-
SDL_KMOD_RALT,yes,no,SDL_keycode.h,yes,yes,bound,-,,,,0x0200u,-
SDL_KMOD_RCTRL,yes,no,SDL_keycode.h,yes,yes,bound,-,,,,0x0080u,-
SDL_KMOD_RGUI,yes,no,SDL_keycode.h,yes,yes,bound,-,,,,0x0800u,-
SDL_KMOD_RSHIFT,yes,no,SDL_keycode.h,yes,yes,bound,-,,,,0x0002u,-
SDL_KMOD_SCROLL,yes,no,SDL_keycode.h,yes,yes,bound,-,,,,0x8000u,-
SDL_KMOD_SHIFT,yes,no,SDL_keycode.h,yes,yes,bound,-,,,,(SDL_KMOD_LSHIFT | SDL_KMOD_RSHIFT),-
SDL_LASTEVENT,yes,no,SDL_oldnames.h,no,no,resolve,sdl2-compat-sentinel,,SDL_LASTEVENT_renamed_SDL_EVENT_LAST,,SDL_LASTEVENT_renamed_SDL_EVENT_LAST,sdl2-compat-sentinel
SDL_LIL_ENDIAN,yes,no,SDL_endian.h,yes,yes,bound,-,,,,1234,-
SDL_LINE,yes,no,SDL_assert.h,no,no,resolve,predefined-macro,,__LINE__,,__LINE__,predefined-macro
SDL_LOCALECHANGED,yes,no,SDL_oldnames.h,no,no,resolve,sdl2-compat-sentinel,,SDL_LOCALECHANGED_renamed_SDL_EVENT_LOCALE_CHANGED,,SDL_LOCALECHANGED_renamed_SDL_EVENT_LOCALE_CHANGED,sdl2-compat-sentinel
SDL_LinuxSetThreadPriority,yes,no,SDL_oldnames.h,no,no,resolve,sdl2-compat-sentinel,,SDL_LinuxSetThreadPriority_renamed_SDL_SetLinuxThreadPriority,,SDL_LinuxSetThreadPriority_renamed_SDL_SetLinuxThreadPriority,sdl2-compat-sentinel
SDL_LinuxSetThreadPriorityAndPolicy,yes,no,SDL_oldnames.h,no,no,resolve,sdl2-compat-sentinel,,SDL_LinuxSetThreadPriorityAndPolicy_renamed_SDL_SetLinuxThreadPriorityAndPolicy,,SDL_LinuxSetThreadPriorityAndPolicy_renamed_SDL_SetLinuxThreadPriorityAndPolicy,sdl2-compat-sentinel
SDL_LoadBMP_RW,yes,no,SDL_oldnames.h,no,no,resolve,sdl2-compat-sentinel,,SDL_LoadBMP_RW_renamed_SDL_LoadBMP_IO,,SDL_LoadBMP_RW_renamed_SDL_LoadBMP_IO,sdl2-compat-sentinel
SDL_LoadWAV_RW,yes,no,SDL_oldnames.h,no,no,resolve,sdl2-compat-sentinel,,SDL_LoadWAV_RW_renamed_SDL_LoadWAV_IO,,SDL_LoadWAV_RW_renamed_SDL_LoadWAV_IO,sdl2-compat-sentinel
SDL_LogGetOutputFunction,yes,no,SDL_oldnames.h,no,no,resolve,sdl2-compat-sentinel,,SDL_LogGetOutputFunction_renamed_SDL_GetLogOutputFunction,,SDL_LogGetOutputFunction_renamed_SDL_GetLogOutputFunction,sdl2-compat-sentinel
SDL_LogGetPriority,yes,no,SDL_oldnames.h,no,no,resolve,sdl2-compat-sentinel,,SDL_LogGetPriority_renamed_SDL_GetLogPriority,,SDL_LogGetPriority_renamed_SDL_GetLogPriority,sdl2-compat-sentinel
SDL_LogResetPriorities,yes,no,SDL_oldnames.h,no,no,resolve,sdl2-compat-sentinel,,SDL_LogResetPriorities_renamed_SDL_ResetLogPriorities,,SDL_LogResetPriorities_renamed_SDL_ResetLogPriorities,sdl2-compat-sentinel
SDL_LogSetAllPriority,yes,no,SDL_oldnames.h,no,no,resolve,sdl2-compat-sentinel,,SDL_LogSetAllPriority_renamed_SDL_SetLogPriorities,,SDL_LogSetAllPriority_renamed_SDL_SetLogPriorities,sdl2-compat-sentinel
SDL_LogSetOutputFunction,yes,no,SDL_oldnames.h,no,no,resolve,sdl2-compat-sentinel,,SDL_LogSetOutputFunction_renamed_SDL_SetLogOutputFunction,,SDL_LogSetOutputFunction_renamed_SDL_SetLogOutputFunction,sdl2-compat-sentinel
SDL_LogSetPriority,yes,no,SDL_oldnames.h,no,no,resolve,sdl2-compat-sentinel,,SDL_LogSetPriority_renamed_SDL_SetLogPriority,,SDL_LogSetPriority_renamed_SDL_SetLogPriority,sdl2-compat-sentinel
SDL_LowerBlit,yes,no,SDL_oldnames.h,no,no,resolve,sdl2-compat-sentinel,,SDL_LowerBlit_renamed_SDL_BlitSurfaceUnchecked,,SDL_LowerBlit_renamed_SDL_BlitSurfaceUnchecked,sdl2-compat-sentinel
SDL_LowerBlitScaled,yes,no,SDL_oldnames.h,no,no,resolve,sdl2-compat-sentinel,,SDL_LowerBlitScaled_renamed_SDL_BlitSurfaceUncheckedScaled,,SDL_LowerBlitScaled_renamed_SDL_BlitSurfaceUncheckedScaled,sdl2-compat-sentinel
SDL_MAJOR_VERSION,yes,no,SDL_version.h,yes,yes,bound,-,,,,3,-
SDL_MALLOC,yes,no,SDL_begin_code.h,no,no,parse,attribute,,,__attribute__,__attribute__((malloc)),attribute
SDL_MAX_SINT16,yes,no,SDL_stdinc.h,no,no,parse,cast,,,0x7FFF,((Sint16)0x7FFF),cast
SDL_MAX_SINT32,yes,no,SDL_stdinc.h,no,no,parse,cast,,,0x7FFFFFFF,((Sint32)0x7FFFFFFF),cast
SDL_MAX_SINT64,yes,no,SDL_stdinc.h,no,no,typecheck,cascade,,SDL_SINT64_C,,SDL_SINT64_C(0x7FFFFFFFFFFFFFFF),token-paste
SDL_MAX_SINT8,yes,no,SDL_stdinc.h,no,no,parse,cast,,,0x7F,((Sint8)0x7F),cast
SDL_MAX_TIME,yes,no,SDL_stdinc.h,no,no,typecheck,cascade,,SDL_MAX_SINT64,,SDL_MAX_SINT64,token-paste
SDL_MAX_UINT16,yes,no,SDL_stdinc.h,no,no,parse,cast,,,0xFFFF,((Uint16)0xFFFF),cast
SDL_MAX_UINT32,yes,no,SDL_stdinc.h,no,no,parse,cast,,,0xFFFFFFFFu,((Uint32)0xFFFFFFFFu),cast
SDL_MAX_UINT64,yes,no,SDL_stdinc.h,no,no,typecheck,cascade,,SDL_UINT64_C,,SDL_UINT64_C(0xFFFFFFFFFFFFFFFF),token-paste
SDL_MAX_UINT8,yes,no,SDL_stdinc.h,no,no,parse,cast,,,0xFF,((Uint8)0xFF),cast
SDL_MESSAGEBOX_BUTTONS_LEFT_TO_RIGHT,yes,no,SDL_messagebox.h,yes,yes,bound,-,,,,0x00000080u,-
SDL_MESSAGEBOX_BUTTONS_RIGHT_TO_LEFT,yes,no,SDL_messagebox.h,yes,yes,bound,-,,,,0x00000100u,-
SDL_MESSAGEBOX_BUTTON_ESCAPEKEY_DEFAULT,yes,no,SDL_messagebox.h,yes,yes,bound,-,,,,0x00000002u,-
SDL_MESSAGEBOX_BUTTON_RETURNKEY_DEFAULT,yes,no,SDL_messagebox.h,yes,yes,bound,-,,,,0x00000001u,-
SDL_MESSAGEBOX_COLOR_MAX,yes,no,SDL_oldnames.h,no,no,resolve,sdl2-compat-sentinel,,SDL_MESSAGEBOX_COLOR_MAX_renamed_SDL_MESSAGEBOX_COLOR_COUNT,,SDL_MESSAGEBOX_COLOR_MAX_renamed_SDL_MESSAGEBOX_COLOR_COUNT,sdl2-compat-sentinel
SDL_MESSAGEBOX_ERROR,yes,no,SDL_messagebox.h,yes,yes,bound,-,,,,0x00000010u,-
SDL_MESSAGEBOX_INFORMATION,yes,no,SDL_messagebox.h,yes,yes,bound,-,,,,0x00000040u,-
SDL_MESSAGEBOX_WARNING,yes,no,SDL_messagebox.h,yes,yes,bound,-,,,,0x00000020u,-
SDL_MICRO_VERSION,yes,no,SDL_version.h,yes,yes,bound,-,,,,0,-
SDL_MINOR_VERSION,yes,no,SDL_version.h,yes,yes,bound,-,,,,5,-
SDL_MIN_SINT16,yes,no,SDL_stdinc.h,no,no,parse,cast,,,(,((Sint16)(~0x7FFF)),cast
SDL_MIN_SINT32,yes,no,SDL_stdinc.h,no,no,parse,cast,,,(,((Sint32)(~0x7FFFFFFF)),cast
SDL_MIN_SINT64,yes,no,SDL_stdinc.h,no,no,typecheck,cascade,,SDL_SINT64_C,,~SDL_SINT64_C(0x7FFFFFFFFFFFFFFF),token-paste
SDL_MIN_SINT8,yes,no,SDL_stdinc.h,no,no,parse,cast,,,(,((Sint8)(~0x7F)),cast
SDL_MIN_TIME,yes,no,SDL_stdinc.h,no,no,typecheck,cascade,,SDL_MIN_SINT64,,SDL_MIN_SINT64,token-paste
SDL_MIN_UINT16,yes,no,SDL_stdinc.h,no,no,parse,cast,,,0x0000,((Uint16)0x0000),cast
SDL_MIN_UINT32,yes,no,SDL_stdinc.h,no,no,parse,cast,,,0x00000000,((Uint32)0x00000000),cast
SDL_MIN_UINT64,yes,no,SDL_stdinc.h,no,no,typecheck,cascade,,SDL_UINT64_C,,SDL_UINT64_C(0x0000000000000000),token-paste
SDL_MIN_UINT8,yes,no,SDL_stdinc.h,no,no,parse,cast,,,0x00,((Uint8)0x00),cast
SDL_MOUSEBUTTONDOWN,yes,no,SDL_oldnames.h,no,no,resolve,sdl2-compat-sentinel,,SDL_MOUSEBUTTONDOWN_renamed_SDL_EVENT_MOUSE_BUTTON_DOWN,,SDL_MOUSEBUTTONDOWN_renamed_SDL_EVENT_MOUSE_BUTTON_DOWN,sdl2-compat-sentinel
SDL_MOUSEBUTTONUP,yes,no,SDL_oldnames.h,no,no,resolve,sdl2-compat-sentinel,,SDL_MOUSEBUTTONUP_renamed_SDL_EVENT_MOUSE_BUTTON_UP,,SDL_MOUSEBUTTONUP_renamed_SDL_EVENT_MOUSE_BUTTON_UP,sdl2-compat-sentinel
SDL_MOUSEMOTION,yes,no,SDL_oldnames.h,no,no,resolve,sdl2-compat-sentinel,,SDL_MOUSEMOTION_renamed_SDL_EVENT_MOUSE_MOTION,,SDL_MOUSEMOTION_renamed_SDL_EVENT_MOUSE_MOTION,sdl2-compat-sentinel
SDL_MOUSEWHEEL,yes,no,SDL_oldnames.h,no,no,resolve,sdl2-compat-sentinel,,SDL_MOUSEWHEEL_renamed_SDL_EVENT_MOUSE_WHEEL,,SDL_MOUSEWHEEL_renamed_SDL_EVENT_MOUSE_WHEEL,sdl2-compat-sentinel
SDL_MOUSE_TOUCHID,yes,no,SDL_touch.h,no,no,typecheck,typecheck-other,,,,((SDL_TouchID)-1),typecheck-other
SDL_MS_PER_SECOND,yes,no,SDL_timer.h,yes,yes,bound,-,,,,1000,-
SDL_MasksToPixelFormatEnum,yes,no,SDL_oldnames.h,no,no,resolve,sdl2-compat-sentinel,,SDL_MasksToPixelFormatEnum_renamed_SDL_GetPixelFormatForMasks,,SDL_MasksToPixelFormatEnum_renamed_SDL_GetPixelFormatForMasks,sdl2-compat-sentinel
SDL_MixAudioFormat,yes,no,SDL_oldnames.h,no,no,resolve,sdl2-compat-sentinel,,SDL_MixAudioFormat_renamed_SDL_MixAudio,,SDL_MixAudioFormat_renamed_SDL_MixAudio,sdl2-compat-sentinel
SDL_MouseIsHaptic,yes,no,SDL_oldnames.h,no,no,resolve,sdl2-compat-sentinel,,SDL_MouseIsHaptic_renamed_SDL_IsMouseHaptic,,SDL_MouseIsHaptic_renamed_SDL_IsMouseHaptic,sdl2-compat-sentinel
SDL_NODISCARD,yes,no,SDL_begin_code.h,no,no,parse,attribute,,,__attribute__,__attribute__((warn_unused_result)),attribute
SDL_NORETURN,yes,no,SDL_begin_code.h,no,no,parse,attribute,,,__attribute__,__attribute__((noreturn)),attribute
SDL_NO_THREAD_SAFETY_ANALYSIS,yes,no,SDL_mutex.h,no,no,resolve,attribute-argument-name,,no_thread_safety_analysis,,SDL_THREAD_ANNOTATION_ATTRIBUTE__(no_thread_safety_analysis),attribute-argument-name
SDL_NS_PER_MS,yes,no,SDL_timer.h,yes,yes,bound,-,,,,1000000,-
SDL_NS_PER_SECOND,yes,no,SDL_timer.h,yes,yes,bound,-,,,,1000000000LL,-
SDL_NS_PER_US,yes,no,SDL_timer.h,yes,yes,bound,-,,,,1000,-
SDL_NULL_WHILE_LOOP_CONDITION,yes,no,SDL_assert.h,yes,yes,bound,-,,,,(0),-
SDL_NUM_LOG_PRIORITIES,yes,no,SDL_oldnames.h,no,no,resolve,sdl2-compat-sentinel,,SDL_NUM_LOG_PRIORITIES_renamed_SDL_LOG_PRIORITY_COUNT,,SDL_NUM_LOG_PRIORITIES_renamed_SDL_LOG_PRIORITY_COUNT,sdl2-compat-sentinel
SDL_NUM_SCANCODES,yes,no,SDL_oldnames.h,no,no,resolve,sdl2-compat-sentinel,,SDL_NUM_SCANCODES_renamed_SDL_SCANCODE_COUNT,,SDL_NUM_SCANCODES_renamed_SDL_SCANCODE_COUNT,sdl2-compat-sentinel
SDL_NUM_SYSTEM_CURSORS,yes,no,SDL_oldnames.h,no,no,resolve,sdl2-compat-sentinel,,SDL_NUM_SYSTEM_CURSORS_renamed_SDL_SYSTEM_CURSOR_COUNT,,SDL_NUM_SYSTEM_CURSORS_renamed_SDL_SYSTEM_CURSOR_COUNT,sdl2-compat-sentinel
SDL_NewAudioStream,yes,no,SDL_oldnames.h,no,no,resolve,sdl2-compat-sentinel,,SDL_NewAudioStream_renamed_SDL_CreateAudioStream,,SDL_NewAudioStream_renamed_SDL_CreateAudioStream,sdl2-compat-sentinel
SDL_NumJoysticks,yes,no,SDL_oldnames.h,no,no,resolve,sdl2-compat-sentinel,,SDL_NumJoysticks_deprecated_use_SDL_GetJoysticks,,SDL_NumJoysticks_deprecated_use_SDL_GetJoysticks,sdl2-compat-sentinel
SDL_OnApplicationDidBecomeActive,yes,no,SDL_oldnames.h,no,no,resolve,sdl2-compat-sentinel,,SDL_OnApplicationDidBecomeActive_renamed_SDL_OnApplicationDidEnterForeground,,SDL_OnApplicationDidBecomeActive_renamed_SDL_OnApplicationDidEnterForeground,sdl2-compat-sentinel
SDL_OnApplicationWillResignActive,yes,no,SDL_oldnames.h,no,no,resolve,sdl2-compat-sentinel,,SDL_OnApplicationWillResignActive_renamed_SDL_OnApplicationWillEnterBackground,,SDL_OnApplicationWillResignActive_renamed_SDL_OnApplicationWillEnterBackground,sdl2-compat-sentinel
SDL_PATCHLEVEL,yes,no,SDL_oldnames.h,no,no,resolve,sdl2-compat-sentinel,,SDL_PATCHLEVEL_renamed_SDL_MICRO_VERSION,,SDL_PATCHLEVEL_renamed_SDL_MICRO_VERSION,sdl2-compat-sentinel
SDL_PEN_INPUT_BUTTON_1,yes,no,SDL_pen.h,yes,yes,bound,-,,,,(1u << 1),-
SDL_PEN_INPUT_BUTTON_2,yes,no,SDL_pen.h,yes,yes,bound,-,,,,(1u << 2),-
SDL_PEN_INPUT_BUTTON_3,yes,no,SDL_pen.h,yes,yes,bound,-,,,,(1u << 3),-
SDL_PEN_INPUT_BUTTON_4,yes,no,SDL_pen.h,yes,yes,bound,-,,,,(1u << 4),-
SDL_PEN_INPUT_BUTTON_5,yes,no,SDL_pen.h,yes,yes,bound,-,,,,(1u << 5),-
SDL_PEN_INPUT_DOWN,yes,no,SDL_pen.h,yes,yes,bound,-,,,,(1u << 0),-
SDL_PEN_INPUT_ERASER_TIP,yes,no,SDL_pen.h,yes,yes,bound,-,,,,(1u << 30),-
SDL_PEN_INPUT_IN_PROXIMITY,yes,no,SDL_pen.h,yes,yes,bound,-,,,,(1u << 31),-
SDL_PEN_MOUSEID,yes,no,SDL_pen.h,no,no,typecheck,typecheck-other,,,,((SDL_MouseID)-2),typecheck-other
SDL_PEN_TOUCHID,yes,no,SDL_pen.h,no,no,typecheck,typecheck-other,,,,((SDL_TouchID)-2),typecheck-other
SDL_PIXELFORMAT_BGR444,yes,no,SDL_oldnames.h,no,no,resolve,sdl2-compat-sentinel,,SDL_PIXELFORMAT_BGR444_renamed_SDL_PIXELFORMAT_XBGR4444,,SDL_PIXELFORMAT_BGR444_renamed_SDL_PIXELFORMAT_XBGR4444,sdl2-compat-sentinel
SDL_PIXELFORMAT_BGR555,yes,no,SDL_oldnames.h,no,no,resolve,sdl2-compat-sentinel,,SDL_PIXELFORMAT_BGR555_renamed_SDL_PIXELFORMAT_XBGR1555,,SDL_PIXELFORMAT_BGR555_renamed_SDL_PIXELFORMAT_XBGR1555,sdl2-compat-sentinel
SDL_PIXELFORMAT_BGR888,yes,no,SDL_oldnames.h,no,no,resolve,sdl2-compat-sentinel,,SDL_PIXELFORMAT_BGR888_renamed_SDL_PIXELFORMAT_XBGR8888,,SDL_PIXELFORMAT_BGR888_renamed_SDL_PIXELFORMAT_XBGR8888,sdl2-compat-sentinel
SDL_PIXELFORMAT_RGB444,yes,no,SDL_oldnames.h,no,no,resolve,sdl2-compat-sentinel,,SDL_PIXELFORMAT_RGB444_renamed_SDL_PIXELFORMAT_XRGB4444,,SDL_PIXELFORMAT_RGB444_renamed_SDL_PIXELFORMAT_XRGB4444,sdl2-compat-sentinel
SDL_PIXELFORMAT_RGB555,yes,no,SDL_oldnames.h,no,no,resolve,sdl2-compat-sentinel,,SDL_PIXELFORMAT_RGB555_renamed_SDL_PIXELFORMAT_XRGB1555,,SDL_PIXELFORMAT_RGB555_renamed_SDL_PIXELFORMAT_XRGB1555,sdl2-compat-sentinel
SDL_PIXELFORMAT_RGB888,yes,no,SDL_oldnames.h,no,no,resolve,sdl2-compat-sentinel,,SDL_PIXELFORMAT_RGB888_renamed_SDL_PIXELFORMAT_XRGB8888,,SDL_PIXELFORMAT_RGB888_renamed_SDL_PIXELFORMAT_XRGB8888,sdl2-compat-sentinel
SDL_PI_D,yes,no,SDL_stdinc.h,yes,yes,bound,-,,,,3.141592653589793238462643383279502884,-
SDL_PI_F,yes,no,SDL_stdinc.h,yes,yes,bound,-,,,,3.141592653589793238462643383279502884F,-
SDL_PLATFORM_LINUX,yes,no,SDL_platform_defines.h,yes,yes,bound,-,,,,1,-
SDL_PLATFORM_UNIX,yes,no,SDL_platform_defines.h,yes,yes,bound,-,,,,1,-
SDL_POLLSENTINEL,yes,no,SDL_oldnames.h,no,no,resolve,sdl2-compat-sentinel,,SDL_POLLSENTINEL_renamed_SDL_EVENT_POLL_SENTINEL,,SDL_POLLSENTINEL_renamed_SDL_EVENT_POLL_SENTINEL,sdl2-compat-sentinel
SDL_PREALLOC,yes,no,SDL_oldnames.h,no,no,resolve,sdl2-compat-sentinel,,SDL_PREALLOC_renamed_SDL_SURFACE_PREALLOCATED,,SDL_PREALLOC_renamed_SDL_SURFACE_PREALLOCATED,sdl2-compat-sentinel
SDL_PRILLX,yes,no,SDL_stdinc.h,no,no,parse,string-concatenation,,,"\""X\""","SDL_PRILL_PREFIX ""X""",string-concatenation
SDL_PRILL_PREFIX,yes,no,SDL_stdinc.h,yes,yes,bound,-,,,,"""ll""",-
SDL_PRILLd,yes,no,SDL_stdinc.h,no,no,parse,string-concatenation,,,"\""d\""","SDL_PRILL_PREFIX ""d""",string-concatenation
SDL_PRILLu,yes,no,SDL_stdinc.h,no,no,parse,string-concatenation,,,"\""u\""","SDL_PRILL_PREFIX ""u""",string-concatenation
SDL_PRILLx,yes,no,SDL_stdinc.h,no,no,parse,string-concatenation,,,"\""x\""","SDL_PRILL_PREFIX ""x""",string-concatenation
SDL_PRINTF_FORMAT_STRING,yes,no,SDL_stdinc.h,no,no,parse,empty-body,,,,,empty-body
SDL_PRISZX,yes,no,SDL_stdinc.h,no,no,parse,string-concatenation,,,"\""X\""","SDL_PRISZ_PREFIX ""X""",string-concatenation
SDL_PRISZ_PREFIX,yes,no,SDL_stdinc.h,yes,yes,bound,-,,,,"""z""",-
SDL_PRISZu,yes,no,SDL_stdinc.h,no,no,parse,string-concatenation,,,"\""u\""","SDL_PRISZ_PREFIX ""u""",string-concatenation
SDL_PRISZx,yes,no,SDL_stdinc.h,no,no,parse,string-concatenation,,,"\""x\""","SDL_PRISZ_PREFIX ""x""",string-concatenation
SDL_PRIX32,yes,no,SDL_stdinc.h,yes,yes,bound,-,,,,PRIX32,-
SDL_PRIX64,yes,no,SDL_stdinc.h,no,no,typecheck,cascade,,PRIX64,,PRIX64,string-concatenation
SDL_PRIs32,yes,no,SDL_stdinc.h,yes,yes,bound,-,,,,PRId32,-
SDL_PRIs64,yes,no,SDL_stdinc.h,no,no,typecheck,cascade,,PRId64,,PRId64,string-concatenation
SDL_PRIu32,yes,no,SDL_stdinc.h,yes,yes,bound,-,,,,PRIu32,-
SDL_PRIu64,yes,no,SDL_stdinc.h,no,no,typecheck,cascade,,PRIu64,,PRIu64,string-concatenation
SDL_PRIx32,yes,no,SDL_stdinc.h,yes,yes,bound,-,,,,PRIx32,-
SDL_PRIx64,yes,no,SDL_stdinc.h,no,no,typecheck,cascade,,PRIx64,,PRIx64,string-concatenation
SDL_PROP_APP_METADATA_COPYRIGHT_STRING,yes,no,SDL_init.h,yes,yes,bound,-,,,,"""SDL.app.metadata.copyright""",-
SDL_PROP_APP_METADATA_CREATOR_STRING,yes,no,SDL_init.h,yes,yes,bound,-,,,,"""SDL.app.metadata.creator""",-
SDL_PROP_APP_METADATA_IDENTIFIER_STRING,yes,no,SDL_init.h,yes,yes,bound,-,,,,"""SDL.app.metadata.identifier""",-
SDL_PROP_APP_METADATA_NAME_STRING,yes,no,SDL_init.h,yes,yes,bound,-,,,,"""SDL.app.metadata.name""",-
SDL_PROP_APP_METADATA_TYPE_STRING,yes,no,SDL_init.h,yes,yes,bound,-,,,,"""SDL.app.metadata.type""",-
SDL_PROP_APP_METADATA_URL_STRING,yes,no,SDL_init.h,yes,yes,bound,-,,,,"""SDL.app.metadata.url""",-
SDL_PROP_APP_METADATA_VERSION_STRING,yes,no,SDL_init.h,yes,yes,bound,-,,,,"""SDL.app.metadata.version""",-
SDL_PROP_AUDIOSTREAM_AUTO_CLEANUP_BOOLEAN,yes,no,SDL_audio.h,yes,yes,bound,-,,,,"""SDL.audiostream.auto_cleanup""",-
SDL_PROP_DISPLAY_HDR_ENABLED_BOOLEAN,yes,no,SDL_video.h,yes,yes,bound,-,,,,"""SDL.display.HDR_enabled""",-
SDL_PROP_DISPLAY_KMSDRM_PANEL_ORIENTATION_NUMBER,yes,no,SDL_video.h,yes,yes,bound,-,,,,"""SDL.display.KMSDRM.panel_orientation""",-
SDL_PROP_DISPLAY_WAYLAND_WL_OUTPUT_POINTER,yes,no,SDL_video.h,yes,yes,bound,-,,,,"""SDL.display.wayland.wl_output""",-
SDL_PROP_DISPLAY_WINDOWS_HMONITOR_POINTER,yes,no,SDL_video.h,yes,yes,bound,-,,,,"""SDL.display.windows.hmonitor""",-
SDL_PROP_FILE_DIALOG_ACCEPT_STRING,yes,no,SDL_dialog.h,yes,yes,bound,-,,,,"""SDL.filedialog.accept""",-
SDL_PROP_FILE_DIALOG_CANCEL_STRING,yes,no,SDL_dialog.h,yes,yes,bound,-,,,,"""SDL.filedialog.cancel""",-
SDL_PROP_FILE_DIALOG_FILTERS_POINTER,yes,no,SDL_dialog.h,yes,yes,bound,-,,,,"""SDL.filedialog.filters""",-
SDL_PROP_FILE_DIALOG_LOCATION_STRING,yes,no,SDL_dialog.h,yes,yes,bound,-,,,,"""SDL.filedialog.location""",-
SDL_PROP_FILE_DIALOG_MANY_BOOLEAN,yes,no,SDL_dialog.h,yes,yes,bound,-,,,,"""SDL.filedialog.many""",-
SDL_PROP_FILE_DIALOG_NFILTERS_NUMBER,yes,no,SDL_dialog.h,yes,yes,bound,-,,,,"""SDL.filedialog.nfilters""",-
SDL_PROP_FILE_DIALOG_TITLE_STRING,yes,no,SDL_dialog.h,yes,yes,bound,-,,,,"""SDL.filedialog.title""",-
SDL_PROP_FILE_DIALOG_WINDOW_POINTER,yes,no,SDL_dialog.h,yes,yes,bound,-,,,,"""SDL.filedialog.window""",-
SDL_PROP_GAMEPAD_CAP_MONO_LED_BOOLEAN,yes,no,SDL_gamepad.h,yes,yes,bound,-,,,,SDL_PROP_JOYSTICK_CAP_MONO_LED_BOOLEAN,-
SDL_PROP_GAMEPAD_CAP_PLAYER_LED_BOOLEAN,yes,no,SDL_gamepad.h,yes,yes,bound,-,,,,SDL_PROP_JOYSTICK_CAP_PLAYER_LED_BOOLEAN,-
SDL_PROP_GAMEPAD_CAP_RGB_LED_BOOLEAN,yes,no,SDL_gamepad.h,yes,yes,bound,-,,,,SDL_PROP_JOYSTICK_CAP_RGB_LED_BOOLEAN,-
SDL_PROP_GAMEPAD_CAP_RUMBLE_BOOLEAN,yes,no,SDL_gamepad.h,yes,yes,bound,-,,,,SDL_PROP_JOYSTICK_CAP_RUMBLE_BOOLEAN,-
SDL_PROP_GAMEPAD_CAP_TRIGGER_RUMBLE_BOOLEAN,yes,no,SDL_gamepad.h,yes,yes,bound,-,,,,SDL_PROP_JOYSTICK_CAP_TRIGGER_RUMBLE_BOOLEAN,-
SDL_PROP_GLOBAL_NOTIFICATION_HEADER_ICON_STRING,yes,no,SDL_notification.h,yes,yes,bound,-,,,,"""SDL.notification.header_icon""",-
SDL_PROP_GLOBAL_SYSTEM_UBUNTU_TOUCH_APPID_STRING,yes,no,SDL_system.h,yes,yes,bound,-,,,,"""SDL.system.ubuntu_touch.appid""",-
SDL_PROP_GLOBAL_SYSTEM_UBUNTU_TOUCH_APP_VERSION_STRING,yes,no,SDL_system.h,yes,yes,bound,-,,,,"""SDL.system.ubuntu_touch.app_version""",-
SDL_PROP_GLOBAL_SYSTEM_UBUNTU_TOUCH_HOOK_STRING,yes,no,SDL_system.h,yes,yes,bound,-,,,,"""SDL.system.ubuntu_touch.hook""",-
SDL_PROP_GLOBAL_VIDEO_WAYLAND_SESSION_ID_STRING,yes,no,SDL_video.h,yes,yes,bound,-,,,,"""SDL.video.wayland.session_id""",-
SDL_PROP_GLOBAL_VIDEO_WAYLAND_WL_DISPLAY_POINTER,yes,no,SDL_video.h,yes,yes,bound,-,,,,"""SDL.video.wayland.wl_display""",-
SDL_PROP_GPU_BUFFER_CREATE_NAME_STRING,yes,no,SDL_gpu.h,yes,yes,bound,-,,,,"""SDL.gpu.buffer.create.name""",-
SDL_PROP_GPU_COMPUTEPIPELINE_CREATE_NAME_STRING,yes,no,SDL_gpu.h,yes,yes,bound,-,,,,"""SDL.gpu.computepipeline.create.name""",-
SDL_PROP_GPU_DEVICE_CREATE_D3D12_AGILITY_SDK_PATH_STRING,yes,no,SDL_gpu.h,yes,yes,bound,-,,,,"""SDL.gpu.device.create.d3d12.agility_sdk_path""",-
SDL_PROP_GPU_DEVICE_CREATE_D3D12_AGILITY_SDK_VERSION_NUMBER,yes,no,SDL_gpu.h,yes,yes,bound,-,,,,"""SDL.gpu.device.create.d3d12.agility_sdk_version""",-
SDL_PROP_GPU_DEVICE_CREATE_D3D12_ALLOW_FEWER_RESOURCE_SLOTS_BOOLEAN,yes,no,SDL_gpu.h,yes,yes,bound,-,,,,"""SDL.gpu.device.create.d3d12.allowtier1resourcebinding""",-
SDL_PROP_GPU_DEVICE_CREATE_D3D12_SEMANTIC_NAME_STRING,yes,no,SDL_gpu.h,yes,yes,bound,-,,,,"""SDL.gpu.device.create.d3d12.semantic""",-
SDL_PROP_GPU_DEVICE_CREATE_DEBUGMODE_BOOLEAN,yes,no,SDL_gpu.h,yes,yes,bound,-,,,,"""SDL.gpu.device.create.debugmode""",-
SDL_PROP_GPU_DEVICE_CREATE_FEATURE_ANISOTROPY_BOOLEAN,yes,no,SDL_gpu.h,yes,yes,bound,-,,,,"""SDL.gpu.device.create.feature.anisotropy""",-
SDL_PROP_GPU_DEVICE_CREATE_FEATURE_CLIP_DISTANCE_BOOLEAN,yes,no,SDL_gpu.h,yes,yes,bound,-,,,,"""SDL.gpu.device.create.feature.clip_distance""",-
SDL_PROP_GPU_DEVICE_CREATE_FEATURE_DEPTH_CLAMPING_BOOLEAN,yes,no,SDL_gpu.h,yes,yes,bound,-,,,,"""SDL.gpu.device.create.feature.depth_clamping""",-
SDL_PROP_GPU_DEVICE_CREATE_FEATURE_INDIRECT_DRAW_FIRST_INSTANCE_BOOLEAN,yes,no,SDL_gpu.h,yes,yes,bound,-,,,,"""SDL.gpu.device.create.feature.indirect_draw_first_instance""",-
SDL_PROP_GPU_DEVICE_CREATE_METAL_ALLOW_MACFAMILY1_BOOLEAN,yes,no,SDL_gpu.h,yes,yes,bound,-,,,,"""SDL.gpu.device.create.metal.allowmacfamily1""",-
SDL_PROP_GPU_DEVICE_CREATE_NAME_STRING,yes,no,SDL_gpu.h,yes,yes,bound,-,,,,"""SDL.gpu.device.create.name""",-
SDL_PROP_GPU_DEVICE_CREATE_PREFERLOWPOWER_BOOLEAN,yes,no,SDL_gpu.h,yes,yes,bound,-,,,,"""SDL.gpu.device.create.preferlowpower""",-
SDL_PROP_GPU_DEVICE_CREATE_SHADERS_DXBC_BOOLEAN,yes,no,SDL_gpu.h,yes,yes,bound,-,,,,"""SDL.gpu.device.create.shaders.dxbc""",-
SDL_PROP_GPU_DEVICE_CREATE_SHADERS_DXIL_BOOLEAN,yes,no,SDL_gpu.h,yes,yes,bound,-,,,,"""SDL.gpu.device.create.shaders.dxil""",-
SDL_PROP_GPU_DEVICE_CREATE_SHADERS_METALLIB_BOOLEAN,yes,no,SDL_gpu.h,yes,yes,bound,-,,,,"""SDL.gpu.device.create.shaders.metallib""",-
SDL_PROP_GPU_DEVICE_CREATE_SHADERS_MSL_BOOLEAN,yes,no,SDL_gpu.h,yes,yes,bound,-,,,,"""SDL.gpu.device.create.shaders.msl""",-
SDL_PROP_GPU_DEVICE_CREATE_SHADERS_PRIVATE_BOOLEAN,yes,no,SDL_gpu.h,yes,yes,bound,-,,,,"""SDL.gpu.device.create.shaders.private""",-
SDL_PROP_GPU_DEVICE_CREATE_SHADERS_SPIRV_BOOLEAN,yes,no,SDL_gpu.h,yes,yes,bound,-,,,,"""SDL.gpu.device.create.shaders.spirv""",-
SDL_PROP_GPU_DEVICE_CREATE_VERBOSE_BOOLEAN,yes,no,SDL_gpu.h,yes,yes,bound,-,,,,"""SDL.gpu.device.create.verbose""",-
SDL_PROP_GPU_DEVICE_CREATE_VULKAN_OPTIONS_POINTER,yes,no,SDL_gpu.h,yes,yes,bound,-,,,,"""SDL.gpu.device.create.vulkan.options""",-
SDL_PROP_GPU_DEVICE_CREATE_VULKAN_REQUIRE_HARDWARE_ACCELERATION_BOOLEAN,yes,no,SDL_gpu.h,yes,yes,bound,-,,,,"""SDL.gpu.device.create.vulkan.requirehardwareacceleration""",-
SDL_PROP_GPU_DEVICE_CREATE_XR_APPLICATION_NAME_STRING,yes,no,SDL_gpu.h,yes,yes,bound,-,,,,"""SDL.gpu.device.create.xr.application.name""",-
SDL_PROP_GPU_DEVICE_CREATE_XR_APPLICATION_VERSION_NUMBER,yes,no,SDL_gpu.h,yes,yes,bound,-,,,,"""SDL.gpu.device.create.xr.application.version""",-
SDL_PROP_GPU_DEVICE_CREATE_XR_ENABLE_BOOLEAN,yes,no,SDL_gpu.h,yes,yes,bound,-,,,,"""SDL.gpu.device.create.xr.enable""",-
SDL_PROP_GPU_DEVICE_CREATE_XR_ENGINE_NAME_STRING,yes,no,SDL_gpu.h,yes,yes,bound,-,,,,"""SDL.gpu.device.create.xr.engine.name""",-
SDL_PROP_GPU_DEVICE_CREATE_XR_ENGINE_VERSION_NUMBER,yes,no,SDL_gpu.h,yes,yes,bound,-,,,,"""SDL.gpu.device.create.xr.engine.version""",-
SDL_PROP_GPU_DEVICE_CREATE_XR_EXTENSION_COUNT_NUMBER,yes,no,SDL_gpu.h,yes,yes,bound,-,,,,"""SDL.gpu.device.create.xr.extensions.count""",-
SDL_PROP_GPU_DEVICE_CREATE_XR_EXTENSION_NAMES_POINTER,yes,no,SDL_gpu.h,yes,yes,bound,-,,,,"""SDL.gpu.device.create.xr.extensions.names""",-
SDL_PROP_GPU_DEVICE_CREATE_XR_FORM_FACTOR_NUMBER,yes,no,SDL_gpu.h,yes,yes,bound,-,,,,"""SDL.gpu.device.create.xr.form_factor""",-
SDL_PROP_GPU_DEVICE_CREATE_XR_INSTANCE_POINTER,yes,no,SDL_gpu.h,yes,yes,bound,-,,,,"""SDL.gpu.device.create.xr.instance_out""",-
SDL_PROP_GPU_DEVICE_CREATE_XR_LAYER_COUNT_NUMBER,yes,no,SDL_gpu.h,yes,yes,bound,-,,,,"""SDL.gpu.device.create.xr.layers.count""",-
SDL_PROP_GPU_DEVICE_CREATE_XR_LAYER_NAMES_POINTER,yes,no,SDL_gpu.h,yes,yes,bound,-,,,,"""SDL.gpu.device.create.xr.layers.names""",-
SDL_PROP_GPU_DEVICE_CREATE_XR_SYSTEM_ID_POINTER,yes,no,SDL_gpu.h,yes,yes,bound,-,,,,"""SDL.gpu.device.create.xr.system_id_out""",-
SDL_PROP_GPU_DEVICE_CREATE_XR_VERSION_NUMBER,yes,no,SDL_gpu.h,yes,yes,bound,-,,,,"""SDL.gpu.device.create.xr.version""",-
SDL_PROP_GPU_DEVICE_DRIVER_INFO_STRING,yes,no,SDL_gpu.h,yes,yes,bound,-,,,,"""SDL.gpu.device.driver_info""",-
SDL_PROP_GPU_DEVICE_DRIVER_NAME_STRING,yes,no,SDL_gpu.h,yes,yes,bound,-,,,,"""SDL.gpu.device.driver_name""",-
SDL_PROP_GPU_DEVICE_DRIVER_VERSION_STRING,yes,no,SDL_gpu.h,yes,yes,bound,-,,,,"""SDL.gpu.device.driver_version""",-
SDL_PROP_GPU_DEVICE_NAME_STRING,yes,no,SDL_gpu.h,yes,yes,bound,-,,,,"""SDL.gpu.device.name""",-
SDL_PROP_GPU_GRAPHICSPIPELINE_CREATE_NAME_STRING,yes,no,SDL_gpu.h,yes,yes,bound,-,,,,"""SDL.gpu.graphicspipeline.create.name""",-
SDL_PROP_GPU_SAMPLER_CREATE_NAME_STRING,yes,no,SDL_gpu.h,yes,yes,bound,-,,,,"""SDL.gpu.sampler.create.name""",-
SDL_PROP_GPU_SHADER_CREATE_NAME_STRING,yes,no,SDL_gpu.h,yes,yes,bound,-,,,,"""SDL.gpu.shader.create.name""",-
SDL_PROP_GPU_TEXTURE_CREATE_D3D12_CLEAR_A_FLOAT,yes,no,SDL_gpu.h,yes,yes,bound,-,,,,"""SDL.gpu.texture.create.d3d12.clear.a""",-
SDL_PROP_GPU_TEXTURE_CREATE_D3D12_CLEAR_B_FLOAT,yes,no,SDL_gpu.h,yes,yes,bound,-,,,,"""SDL.gpu.texture.create.d3d12.clear.b""",-
SDL_PROP_GPU_TEXTURE_CREATE_D3D12_CLEAR_DEPTH_FLOAT,yes,no,SDL_gpu.h,yes,yes,bound,-,,,,"""SDL.gpu.texture.create.d3d12.clear.depth""",-
SDL_PROP_GPU_TEXTURE_CREATE_D3D12_CLEAR_G_FLOAT,yes,no,SDL_gpu.h,yes,yes,bound,-,,,,"""SDL.gpu.texture.create.d3d12.clear.g""",-
SDL_PROP_GPU_TEXTURE_CREATE_D3D12_CLEAR_R_FLOAT,yes,no,SDL_gpu.h,yes,yes,bound,-,,,,"""SDL.gpu.texture.create.d3d12.clear.r""",-
SDL_PROP_GPU_TEXTURE_CREATE_D3D12_CLEAR_STENCIL_NUMBER,yes,no,SDL_gpu.h,yes,yes,bound,-,,,,"""SDL.gpu.texture.create.d3d12.clear.stencil""",-
SDL_PROP_GPU_TEXTURE_CREATE_NAME_STRING,yes,no,SDL_gpu.h,yes,yes,bound,-,,,,"""SDL.gpu.texture.create.name""",-
SDL_PROP_GPU_TRANSFERBUFFER_CREATE_NAME_STRING,yes,no,SDL_gpu.h,yes,yes,bound,-,,,,"""SDL.gpu.transferbuffer.create.name""",-
SDL_PROP_HIDAPI_LIBUSB_DEVICE_HANDLE_POINTER,yes,no,SDL_hidapi.h,yes,yes,bound,-,,,,"""SDL.hidapi.libusb.device.handle""",-
SDL_PROP_IOSTREAM_ANDROID_AASSET_POINTER,yes,no,SDL_iostream.h,yes,yes,bound,-,,,,"""SDL.iostream.android.aasset""",-
SDL_PROP_IOSTREAM_DYNAMIC_CHUNKSIZE_NUMBER,yes,no,SDL_iostream.h,yes,yes,bound,-,,,,"""SDL.iostream.dynamic.chunksize""",-
SDL_PROP_IOSTREAM_DYNAMIC_MEMORY_POINTER,yes,no,SDL_iostream.h,yes,yes,bound,-,,,,"""SDL.iostream.dynamic.memory""",-
SDL_PROP_IOSTREAM_FILE_DESCRIPTOR_NUMBER,yes,no,SDL_iostream.h,yes,yes,bound,-,,,,"""SDL.iostream.file_descriptor""",-
SDL_PROP_IOSTREAM_MEMORY_FREE_FUNC_POINTER,yes,no,SDL_iostream.h,yes,yes,bound,-,,,,"""SDL.iostream.memory.free""",-
SDL_PROP_IOSTREAM_MEMORY_POINTER,yes,no,SDL_iostream.h,yes,yes,bound,-,,,,"""SDL.iostream.memory.base""",-
SDL_PROP_IOSTREAM_MEMORY_SIZE_NUMBER,yes,no,SDL_iostream.h,yes,yes,bound,-,,,,"""SDL.iostream.memory.size""",-
SDL_PROP_IOSTREAM_STDIO_FILE_POINTER,yes,no,SDL_iostream.h,yes,yes,bound,-,,,,"""SDL.iostream.stdio.file""",-
SDL_PROP_IOSTREAM_WINDOWS_HANDLE_POINTER,yes,no,SDL_iostream.h,yes,yes,bound,-,,,,"""SDL.iostream.windows.handle""",-
SDL_PROP_JOYSTICK_CAP_MONO_LED_BOOLEAN,yes,no,SDL_joystick.h,yes,yes,bound,-,,,,"""SDL.joystick.cap.mono_led""",-
SDL_PROP_JOYSTICK_CAP_PLAYER_LED_BOOLEAN,yes,no,SDL_joystick.h,yes,yes,bound,-,,,,"""SDL.joystick.cap.player_led""",-
SDL_PROP_JOYSTICK_CAP_RGB_LED_BOOLEAN,yes,no,SDL_joystick.h,yes,yes,bound,-,,,,"""SDL.joystick.cap.rgb_led""",-
SDL_PROP_JOYSTICK_CAP_RUMBLE_BOOLEAN,yes,no,SDL_joystick.h,yes,yes,bound,-,,,,"""SDL.joystick.cap.rumble""",-
SDL_PROP_JOYSTICK_CAP_TRIGGER_RUMBLE_BOOLEAN,yes,no,SDL_joystick.h,yes,yes,bound,-,,,,"""SDL.joystick.cap.trigger_rumble""",-
SDL_PROP_NAME_STRING,yes,no,SDL_properties.h,yes,yes,bound,-,,,,"""SDL.name""",-
SDL_PROP_NOTIFICATION_ACTIONS_POINTER,yes,no,SDL_notification.h,yes,yes,bound,-,,,,"""SDL.notification.actions""",-
SDL_PROP_NOTIFICATION_ACTION_COUNT_NUMBER,yes,no,SDL_notification.h,yes,yes,bound,-,,,,"""SDL.notification.action_count""",-
SDL_PROP_NOTIFICATION_IMAGE_POINTER,yes,no,SDL_notification.h,yes,yes,bound,-,,,,"""SDL.notification.image""",-
SDL_PROP_NOTIFICATION_MESSAGE_STRING,yes,no,SDL_notification.h,yes,yes,bound,-,,,,"""SDL.notification.message""",-
SDL_PROP_NOTIFICATION_PRIORITY_NUMBER,yes,no,SDL_notification.h,yes,yes,bound,-,,,,"""SDL.notification.priority""",-
SDL_PROP_NOTIFICATION_REPLACES_NUMBER,yes,no,SDL_notification.h,yes,yes,bound,-,,,,"""SDL.notification.replaces""",-
SDL_PROP_NOTIFICATION_SOUND_STRING,yes,no,SDL_notification.h,yes,yes,bound,-,,,,"""SDL.notification.sound""",-
SDL_PROP_NOTIFICATION_TITLE_STRING,yes,no,SDL_notification.h,yes,yes,bound,-,,,,"""SDL.notification.title""",-
SDL_PROP_NOTIFICATION_TRANSIENT_BOOLEAN,yes,no,SDL_notification.h,yes,yes,bound,-,,,,"""SDL.notification.transient""",-
SDL_PROP_PROCESS_BACKGROUND_BOOLEAN,yes,no,SDL_process.h,yes,yes,bound,-,,,,"""SDL.process.background""",-
SDL_PROP_PROCESS_CREATE_ARGS_POINTER,yes,no,SDL_process.h,yes,yes,bound,-,,,,"""SDL.process.create.args""",-
SDL_PROP_PROCESS_CREATE_BACKGROUND_BOOLEAN,yes,no,SDL_process.h,yes,yes,bound,-,,,,"""SDL.process.create.background""",-
SDL_PROP_PROCESS_CREATE_CMDLINE_STRING,yes,no,SDL_process.h,yes,yes,bound,-,,,,"""SDL.process.create.cmdline""",-
SDL_PROP_PROCESS_CREATE_ENVIRONMENT_POINTER,yes,no,SDL_process.h,yes,yes,bound,-,,,,"""SDL.process.create.environment""",-
SDL_PROP_PROCESS_CREATE_STDERR_NUMBER,yes,no,SDL_process.h,yes,yes,bound,-,,,,"""SDL.process.create.stderr_option""",-
SDL_PROP_PROCESS_CREATE_STDERR_POINTER,yes,no,SDL_process.h,yes,yes,bound,-,,,,"""SDL.process.create.stderr_source""",-
SDL_PROP_PROCESS_CREATE_STDERR_TO_STDOUT_BOOLEAN,yes,no,SDL_process.h,yes,yes,bound,-,,,,"""SDL.process.create.stderr_to_stdout""",-
SDL_PROP_PROCESS_CREATE_STDIN_NUMBER,yes,no,SDL_process.h,yes,yes,bound,-,,,,"""SDL.process.create.stdin_option""",-
SDL_PROP_PROCESS_CREATE_STDIN_POINTER,yes,no,SDL_process.h,yes,yes,bound,-,,,,"""SDL.process.create.stdin_source""",-
SDL_PROP_PROCESS_CREATE_STDOUT_NUMBER,yes,no,SDL_process.h,yes,yes,bound,-,,,,"""SDL.process.create.stdout_option""",-
SDL_PROP_PROCESS_CREATE_STDOUT_POINTER,yes,no,SDL_process.h,yes,yes,bound,-,,,,"""SDL.process.create.stdout_source""",-
SDL_PROP_PROCESS_CREATE_WORKING_DIRECTORY_STRING,yes,no,SDL_process.h,yes,yes,bound,-,,,,"""SDL.process.create.working_directory""",-
SDL_PROP_PROCESS_PID_NUMBER,yes,no,SDL_process.h,yes,yes,bound,-,,,,"""SDL.process.pid""",-
SDL_PROP_PROCESS_STDERR_POINTER,yes,no,SDL_process.h,yes,yes,bound,-,,,,"""SDL.process.stderr""",-
SDL_PROP_PROCESS_STDIN_POINTER,yes,no,SDL_process.h,yes,yes,bound,-,,,,"""SDL.process.stdin""",-
SDL_PROP_PROCESS_STDOUT_POINTER,yes,no,SDL_process.h,yes,yes,bound,-,,,,"""SDL.process.stdout""",-
SDL_PROP_RENDERER_CREATE_GPU_DEVICE_POINTER,yes,no,SDL_render.h,yes,yes,bound,-,,,,"""SDL.renderer.create.gpu.device""",-
SDL_PROP_RENDERER_CREATE_GPU_SHADERS_DXIL_BOOLEAN,yes,no,SDL_render.h,yes,yes,bound,-,,,,"""SDL.renderer.create.gpu.shaders_dxil""",-
SDL_PROP_RENDERER_CREATE_GPU_SHADERS_MSL_BOOLEAN,yes,no,SDL_render.h,yes,yes,bound,-,,,,"""SDL.renderer.create.gpu.shaders_msl""",-
SDL_PROP_RENDERER_CREATE_GPU_SHADERS_SPIRV_BOOLEAN,yes,no,SDL_render.h,yes,yes,bound,-,,,,"""SDL.renderer.create.gpu.shaders_spirv""",-
SDL_PROP_RENDERER_CREATE_METAL_COMMAND_QUEUE_POINTER,yes,no,SDL_render.h,yes,yes,bound,-,,,,"""SDL.renderer.create.metal.command_queue""",-
SDL_PROP_RENDERER_CREATE_METAL_DEVICE_POINTER,yes,no,SDL_render.h,yes,yes,bound,-,,,,"""SDL.renderer.create.metal.device""",-
SDL_PROP_RENDERER_CREATE_NAME_STRING,yes,no,SDL_render.h,yes,yes,bound,-,,,,"""SDL.renderer.create.name""",-
SDL_PROP_RENDERER_CREATE_OUTPUT_COLORSPACE_NUMBER,yes,no,SDL_render.h,yes,yes,bound,-,,,,"""SDL.renderer.create.output_colorspace""",-
SDL_PROP_RENDERER_CREATE_PRESENT_VSYNC_NUMBER,yes,no,SDL_render.h,yes,yes,bound,-,,,,"""SDL.renderer.create.present_vsync""",-
SDL_PROP_RENDERER_CREATE_SURFACE_POINTER,yes,no,SDL_render.h,yes,yes,bound,-,,,,"""SDL.renderer.create.surface""",-
SDL_PROP_RENDERER_CREATE_VULKAN_DEVICE_POINTER,yes,no,SDL_render.h,yes,yes,bound,-,,,,"""SDL.renderer.create.vulkan.device""",-
SDL_PROP_RENDERER_CREATE_VULKAN_GRAPHICS_QUEUE_FAMILY_INDEX_NUMBER,yes,no,SDL_render.h,yes,yes,bound,-,,,,"""SDL.renderer.create.vulkan.graphics_queue_family_index""",-
SDL_PROP_RENDERER_CREATE_VULKAN_INSTANCE_POINTER,yes,no,SDL_render.h,yes,yes,bound,-,,,,"""SDL.renderer.create.vulkan.instance""",-
SDL_PROP_RENDERER_CREATE_VULKAN_PHYSICAL_DEVICE_POINTER,yes,no,SDL_render.h,yes,yes,bound,-,,,,"""SDL.renderer.create.vulkan.physical_device""",-
SDL_PROP_RENDERER_CREATE_VULKAN_PRESENT_QUEUE_FAMILY_INDEX_NUMBER,yes,no,SDL_render.h,yes,yes,bound,-,,,,"""SDL.renderer.create.vulkan.present_queue_family_index""",-
SDL_PROP_RENDERER_CREATE_VULKAN_SURFACE_NUMBER,yes,no,SDL_render.h,yes,yes,bound,-,,,,"""SDL.renderer.create.vulkan.surface""",-
SDL_PROP_RENDERER_CREATE_WINDOW_POINTER,yes,no,SDL_render.h,yes,yes,bound,-,,,,"""SDL.renderer.create.window""",-
SDL_PROP_RENDERER_D3D11_DEVICE_POINTER,yes,no,SDL_render.h,yes,yes,bound,-,,,,"""SDL.renderer.d3d11.device""",-
SDL_PROP_RENDERER_D3D11_SWAPCHAIN_POINTER,yes,no,SDL_render.h,yes,yes,bound,-,,,,"""SDL.renderer.d3d11.swap_chain""",-
SDL_PROP_RENDERER_D3D12_COMMAND_QUEUE_POINTER,yes,no,SDL_render.h,yes,yes,bound,-,,,,"""SDL.renderer.d3d12.command_queue""",-
SDL_PROP_RENDERER_D3D12_DEVICE_POINTER,yes,no,SDL_render.h,yes,yes,bound,-,,,,"""SDL.renderer.d3d12.device""",-
SDL_PROP_RENDERER_D3D12_SWAPCHAIN_POINTER,yes,no,SDL_render.h,yes,yes,bound,-,,,,"""SDL.renderer.d3d12.swap_chain""",-
SDL_PROP_RENDERER_D3D9_DEVICE_POINTER,yes,no,SDL_render.h,yes,yes,bound,-,,,,"""SDL.renderer.d3d9.device""",-
SDL_PROP_RENDERER_GPU_DEVICE_POINTER,yes,no,SDL_render.h,yes,yes,bound,-,,,,"""SDL.renderer.gpu.device""",-
SDL_PROP_RENDERER_HDR_ENABLED_BOOLEAN,yes,no,SDL_render.h,yes,yes,bound,-,,,,"""SDL.renderer.HDR_enabled""",-
SDL_PROP_RENDERER_HDR_HEADROOM_FLOAT,yes,no,SDL_render.h,yes,yes,bound,-,,,,"""SDL.renderer.HDR_headroom""",-
SDL_PROP_RENDERER_MAX_TEXTURE_SIZE_NUMBER,yes,no,SDL_render.h,yes,yes,bound,-,,,,"""SDL.renderer.max_texture_size""",-
SDL_PROP_RENDERER_METAL_COMMAND_QUEUE_POINTER,yes,no,SDL_render.h,yes,yes,bound,-,,,,"""SDL.renderer.metal.command_queue""",-
SDL_PROP_RENDERER_METAL_DEVICE_POINTER,yes,no,SDL_render.h,yes,yes,bound,-,,,,"""SDL.renderer.metal.device""",-
SDL_PROP_RENDERER_NAME_STRING,yes,no,SDL_render.h,yes,yes,bound,-,,,,"""SDL.renderer.name""",-
SDL_PROP_RENDERER_OUTPUT_COLORSPACE_NUMBER,yes,no,SDL_render.h,yes,yes,bound,-,,,,"""SDL.renderer.output_colorspace""",-
SDL_PROP_RENDERER_SDR_WHITE_POINT_FLOAT,yes,no,SDL_render.h,yes,yes,bound,-,,,,"""SDL.renderer.SDR_white_point""",-
SDL_PROP_RENDERER_SURFACE_POINTER,yes,no,SDL_render.h,yes,yes,bound,-,,,,"""SDL.renderer.surface""",-
SDL_PROP_RENDERER_TEXTURE_FORMATS_POINTER,yes,no,SDL_render.h,yes,yes,bound,-,,,,"""SDL.renderer.texture_formats""",-
SDL_PROP_RENDERER_TEXTURE_WRAPPING_BOOLEAN,yes,no,SDL_render.h,yes,yes,bound,-,,,,"""SDL.renderer.texture_wrapping""",-
SDL_PROP_RENDERER_VSYNC_NUMBER,yes,no,SDL_render.h,yes,yes,bound,-,,,,"""SDL.renderer.vsync""",-
SDL_PROP_RENDERER_VULKAN_DEVICE_POINTER,yes,no,SDL_render.h,yes,yes,bound,-,,,,"""SDL.renderer.vulkan.device""",-
SDL_PROP_RENDERER_VULKAN_GRAPHICS_QUEUE_FAMILY_INDEX_NUMBER,yes,no,SDL_render.h,yes,yes,bound,-,,,,"""SDL.renderer.vulkan.graphics_queue_family_index""",-
SDL_PROP_RENDERER_VULKAN_INSTANCE_POINTER,yes,no,SDL_render.h,yes,yes,bound,-,,,,"""SDL.renderer.vulkan.instance""",-
SDL_PROP_RENDERER_VULKAN_PHYSICAL_DEVICE_POINTER,yes,no,SDL_render.h,yes,yes,bound,-,,,,"""SDL.renderer.vulkan.physical_device""",-
SDL_PROP_RENDERER_VULKAN_PRESENT_QUEUE_FAMILY_INDEX_NUMBER,yes,no,SDL_render.h,yes,yes,bound,-,,,,"""SDL.renderer.vulkan.present_queue_family_index""",-
SDL_PROP_RENDERER_VULKAN_SURFACE_NUMBER,yes,no,SDL_render.h,yes,yes,bound,-,,,,"""SDL.renderer.vulkan.surface""",-
SDL_PROP_RENDERER_VULKAN_SWAPCHAIN_IMAGE_COUNT_NUMBER,yes,no,SDL_render.h,yes,yes,bound,-,,,,"""SDL.renderer.vulkan.swapchain_image_count""",-
SDL_PROP_RENDERER_WINDOW_POINTER,yes,no,SDL_render.h,yes,yes,bound,-,,,,"""SDL.renderer.window""",-
SDL_PROP_SURFACE_HDR_HEADROOM_FLOAT,yes,no,SDL_surface.h,yes,yes,bound,-,,,,"""SDL.surface.HDR_headroom""",-
SDL_PROP_SURFACE_HOTSPOT_X_NUMBER,yes,no,SDL_surface.h,yes,yes,bound,-,,,,"""SDL.surface.hotspot.x""",-
SDL_PROP_SURFACE_HOTSPOT_Y_NUMBER,yes,no,SDL_surface.h,yes,yes,bound,-,,,,"""SDL.surface.hotspot.y""",-
SDL_PROP_SURFACE_ROTATION_FLOAT,yes,no,SDL_surface.h,yes,yes,bound,-,,,,"""SDL.surface.rotation""",-
SDL_PROP_SURFACE_SDR_WHITE_POINT_FLOAT,yes,no,SDL_surface.h,yes,yes,bound,-,,,,"""SDL.surface.SDR_white_point""",-
SDL_PROP_SURFACE_TONEMAP_OPERATOR_STRING,yes,no,SDL_surface.h,yes,yes,bound,-,,,,"""SDL.surface.tonemap""",-
SDL_PROP_TEXTINPUT_ANDROID_INPUTTYPE_NUMBER,yes,no,SDL_keyboard.h,yes,yes,bound,-,,,,"""SDL.textinput.android.inputtype""",-
SDL_PROP_TEXTINPUT_AUTOCORRECT_BOOLEAN,yes,no,SDL_keyboard.h,yes,yes,bound,-,,,,"""SDL.textinput.autocorrect""",-
SDL_PROP_TEXTINPUT_CAPITALIZATION_NUMBER,yes,no,SDL_keyboard.h,yes,yes,bound,-,,,,"""SDL.textinput.capitalization""",-
SDL_PROP_TEXTINPUT_DEFAULT_TEXT_STRING,yes,no,SDL_keyboard.h,yes,yes,bound,-,,,,"""SDL.textinput.default_text""",-
SDL_PROP_TEXTINPUT_MAX_LENGTH_NUMBER,yes,no,SDL_keyboard.h,yes,yes,bound,-,,,,"""SDL.textinput.max_length""",-
SDL_PROP_TEXTINPUT_MULTILINE_BOOLEAN,yes,no,SDL_keyboard.h,yes,yes,bound,-,,,,"""SDL.textinput.multiline""",-
SDL_PROP_TEXTINPUT_PLACEHOLDER_STRING,yes,no,SDL_keyboard.h,yes,yes,bound,-,,,,"""SDL.textinput.placeholder""",-
SDL_PROP_TEXTINPUT_TITLE_STRING,yes,no,SDL_keyboard.h,yes,yes,bound,-,,,,"""SDL.textinput.title""",-
SDL_PROP_TEXTINPUT_TYPE_NUMBER,yes,no,SDL_keyboard.h,yes,yes,bound,-,,,,"""SDL.textinput.type""",-
SDL_PROP_TEXTURE_ACCESS_NUMBER,yes,no,SDL_render.h,yes,yes,bound,-,,,,"""SDL.texture.access""",-
SDL_PROP_TEXTURE_COLORSPACE_NUMBER,yes,no,SDL_render.h,yes,yes,bound,-,,,,"""SDL.texture.colorspace""",-
SDL_PROP_TEXTURE_CREATE_ACCESS_NUMBER,yes,no,SDL_render.h,yes,yes,bound,-,,,,"""SDL.texture.create.access""",-
SDL_PROP_TEXTURE_CREATE_COLORSPACE_NUMBER,yes,no,SDL_render.h,yes,yes,bound,-,,,,"""SDL.texture.create.colorspace""",-
SDL_PROP_TEXTURE_CREATE_D3D11_TEXTURE_POINTER,yes,no,SDL_render.h,yes,yes,bound,-,,,,"""SDL.texture.create.d3d11.texture""",-
SDL_PROP_TEXTURE_CREATE_D3D11_TEXTURE_U_POINTER,yes,no,SDL_render.h,yes,yes,bound,-,,,,"""SDL.texture.create.d3d11.texture_u""",-
SDL_PROP_TEXTURE_CREATE_D3D11_TEXTURE_V_POINTER,yes,no,SDL_render.h,yes,yes,bound,-,,,,"""SDL.texture.create.d3d11.texture_v""",-
SDL_PROP_TEXTURE_CREATE_D3D12_TEXTURE_POINTER,yes,no,SDL_render.h,yes,yes,bound,-,,,,"""SDL.texture.create.d3d12.texture""",-
SDL_PROP_TEXTURE_CREATE_D3D12_TEXTURE_U_POINTER,yes,no,SDL_render.h,yes,yes,bound,-,,,,"""SDL.texture.create.d3d12.texture_u""",-
SDL_PROP_TEXTURE_CREATE_D3D12_TEXTURE_V_POINTER,yes,no,SDL_render.h,yes,yes,bound,-,,,,"""SDL.texture.create.d3d12.texture_v""",-
SDL_PROP_TEXTURE_CREATE_FORMAT_NUMBER,yes,no,SDL_render.h,yes,yes,bound,-,,,,"""SDL.texture.create.format""",-
SDL_PROP_TEXTURE_CREATE_GPU_TEXTURE_POINTER,yes,no,SDL_render.h,yes,yes,bound,-,,,,"""SDL.texture.create.gpu.texture""",-
SDL_PROP_TEXTURE_CREATE_GPU_TEXTURE_UV_POINTER,yes,no,SDL_render.h,yes,yes,bound,-,,,,"""SDL.texture.create.gpu.texture_uv""",-
SDL_PROP_TEXTURE_CREATE_GPU_TEXTURE_U_POINTER,yes,no,SDL_render.h,yes,yes,bound,-,,,,"""SDL.texture.create.gpu.texture_u""",-
SDL_PROP_TEXTURE_CREATE_GPU_TEXTURE_V_POINTER,yes,no,SDL_render.h,yes,yes,bound,-,,,,"""SDL.texture.create.gpu.texture_v""",-
SDL_PROP_TEXTURE_CREATE_HDR_HEADROOM_FLOAT,yes,no,SDL_render.h,yes,yes,bound,-,,,,"""SDL.texture.create.HDR_headroom""",-
SDL_PROP_TEXTURE_CREATE_HEIGHT_NUMBER,yes,no,SDL_render.h,yes,yes,bound,-,,,,"""SDL.texture.create.height""",-
SDL_PROP_TEXTURE_CREATE_METAL_PIXELBUFFER_POINTER,yes,no,SDL_render.h,yes,yes,bound,-,,,,"""SDL.texture.create.metal.pixelbuffer""",-
SDL_PROP_TEXTURE_CREATE_METAL_TEXTURE_POINTER,yes,no,SDL_render.h,yes,yes,bound,-,,,,"""SDL.texture.create.metal.texture""",-
SDL_PROP_TEXTURE_CREATE_METAL_TEXTURE_USAGE_NUMBER,yes,no,SDL_render.h,yes,yes,bound,-,,,,"""SDL.texture.create.metal.texture_usage""",-
SDL_PROP_TEXTURE_CREATE_METAL_TEXTURE_UV_POINTER,yes,no,SDL_render.h,yes,yes,bound,-,,,,"""SDL.texture.create.metal.texture_uv""",-
SDL_PROP_TEXTURE_CREATE_METAL_TEXTURE_U_POINTER,yes,no,SDL_render.h,yes,yes,bound,-,,,,"""SDL.texture.create.metal.texture_u""",-
SDL_PROP_TEXTURE_CREATE_METAL_TEXTURE_V_POINTER,yes,no,SDL_render.h,yes,yes,bound,-,,,,"""SDL.texture.create.metal.texture_v""",-
SDL_PROP_TEXTURE_CREATE_OPENGLES2_TEXTURE_NUMBER,yes,no,SDL_render.h,yes,yes,bound,-,,,,"""SDL.texture.create.opengles2.texture""",-
SDL_PROP_TEXTURE_CREATE_OPENGLES2_TEXTURE_UV_NUMBER,yes,no,SDL_render.h,yes,yes,bound,-,,,,"""SDL.texture.create.opengles2.texture_uv""",-
SDL_PROP_TEXTURE_CREATE_OPENGLES2_TEXTURE_U_NUMBER,yes,no,SDL_render.h,yes,yes,bound,-,,,,"""SDL.texture.create.opengles2.texture_u""",-
SDL_PROP_TEXTURE_CREATE_OPENGLES2_TEXTURE_V_NUMBER,yes,no,SDL_render.h,yes,yes,bound,-,,,,"""SDL.texture.create.opengles2.texture_v""",-
SDL_PROP_TEXTURE_CREATE_OPENGL_TEXTURE_NUMBER,yes,no,SDL_render.h,yes,yes,bound,-,,,,"""SDL.texture.create.opengl.texture""",-
SDL_PROP_TEXTURE_CREATE_OPENGL_TEXTURE_UV_NUMBER,yes,no,SDL_render.h,yes,yes,bound,-,,,,"""SDL.texture.create.opengl.texture_uv""",-
SDL_PROP_TEXTURE_CREATE_OPENGL_TEXTURE_U_NUMBER,yes,no,SDL_render.h,yes,yes,bound,-,,,,"""SDL.texture.create.opengl.texture_u""",-
SDL_PROP_TEXTURE_CREATE_OPENGL_TEXTURE_V_NUMBER,yes,no,SDL_render.h,yes,yes,bound,-,,,,"""SDL.texture.create.opengl.texture_v""",-
SDL_PROP_TEXTURE_CREATE_PALETTE_POINTER,yes,no,SDL_render.h,yes,yes,bound,-,,,,"""SDL.texture.create.palette""",-
SDL_PROP_TEXTURE_CREATE_SDR_WHITE_POINT_FLOAT,yes,no,SDL_render.h,yes,yes,bound,-,,,,"""SDL.texture.create.SDR_white_point""",-
SDL_PROP_TEXTURE_CREATE_VULKAN_LAYOUT_NUMBER,yes,no,SDL_render.h,yes,yes,bound,-,,,,"""SDL.texture.create.vulkan.layout""",-
SDL_PROP_TEXTURE_CREATE_VULKAN_TEXTURE_NUMBER,yes,no,SDL_render.h,yes,yes,bound,-,,,,"""SDL.texture.create.vulkan.texture""",-
SDL_PROP_TEXTURE_CREATE_WIDTH_NUMBER,yes,no,SDL_render.h,yes,yes,bound,-,,,,"""SDL.texture.create.width""",-
SDL_PROP_TEXTURE_D3D11_TEXTURE_POINTER,yes,no,SDL_render.h,yes,yes,bound,-,,,,"""SDL.texture.d3d11.texture""",-
SDL_PROP_TEXTURE_D3D11_TEXTURE_U_POINTER,yes,no,SDL_render.h,yes,yes,bound,-,,,,"""SDL.texture.d3d11.texture_u""",-
SDL_PROP_TEXTURE_D3D11_TEXTURE_V_POINTER,yes,no,SDL_render.h,yes,yes,bound,-,,,,"""SDL.texture.d3d11.texture_v""",-
SDL_PROP_TEXTURE_D3D12_TEXTURE_POINTER,yes,no,SDL_render.h,yes,yes,bound,-,,,,"""SDL.texture.d3d12.texture""",-
SDL_PROP_TEXTURE_D3D12_TEXTURE_U_POINTER,yes,no,SDL_render.h,yes,yes,bound,-,,,,"""SDL.texture.d3d12.texture_u""",-
SDL_PROP_TEXTURE_D3D12_TEXTURE_V_POINTER,yes,no,SDL_render.h,yes,yes,bound,-,,,,"""SDL.texture.d3d12.texture_v""",-
SDL_PROP_TEXTURE_FORMAT_NUMBER,yes,no,SDL_render.h,yes,yes,bound,-,,,,"""SDL.texture.format""",-
SDL_PROP_TEXTURE_GPU_TEXTURE_POINTER,yes,no,SDL_render.h,yes,yes,bound,-,,,,"""SDL.texture.gpu.texture""",-
SDL_PROP_TEXTURE_GPU_TEXTURE_UV_POINTER,yes,no,SDL_render.h,yes,yes,bound,-,,,,"""SDL.texture.gpu.texture_uv""",-
SDL_PROP_TEXTURE_GPU_TEXTURE_U_POINTER,yes,no,SDL_render.h,yes,yes,bound,-,,,,"""SDL.texture.gpu.texture_u""",-
SDL_PROP_TEXTURE_GPU_TEXTURE_V_POINTER,yes,no,SDL_render.h,yes,yes,bound,-,,,,"""SDL.texture.gpu.texture_v""",-
SDL_PROP_TEXTURE_HDR_HEADROOM_FLOAT,yes,no,SDL_render.h,yes,yes,bound,-,,,,"""SDL.texture.HDR_headroom""",-
SDL_PROP_TEXTURE_HEIGHT_NUMBER,yes,no,SDL_render.h,yes,yes,bound,-,,,,"""SDL.texture.height""",-
SDL_PROP_TEXTURE_METAL_TEXTURE_POINTER,yes,no,SDL_render.h,yes,yes,bound,-,,,,"""SDL.texture.metal.texture""",-
SDL_PROP_TEXTURE_METAL_TEXTURE_UV_POINTER,yes,no,SDL_render.h,yes,yes,bound,-,,,,"""SDL.texture.metal.texture_uv""",-
SDL_PROP_TEXTURE_METAL_TEXTURE_U_POINTER,yes,no,SDL_render.h,yes,yes,bound,-,,,,"""SDL.texture.metal.texture_u""",-
SDL_PROP_TEXTURE_METAL_TEXTURE_V_POINTER,yes,no,SDL_render.h,yes,yes,bound,-,,,,"""SDL.texture.metal.texture_v""",-
SDL_PROP_TEXTURE_OPENGLES2_TEXTURE_NUMBER,yes,no,SDL_render.h,yes,yes,bound,-,,,,"""SDL.texture.opengles2.texture""",-
SDL_PROP_TEXTURE_OPENGLES2_TEXTURE_TARGET_NUMBER,yes,no,SDL_render.h,yes,yes,bound,-,,,,"""SDL.texture.opengles2.target""",-
SDL_PROP_TEXTURE_OPENGLES2_TEXTURE_UV_NUMBER,yes,no,SDL_render.h,yes,yes,bound,-,,,,"""SDL.texture.opengles2.texture_uv""",-
SDL_PROP_TEXTURE_OPENGLES2_TEXTURE_U_NUMBER,yes,no,SDL_render.h,yes,yes,bound,-,,,,"""SDL.texture.opengles2.texture_u""",-
SDL_PROP_TEXTURE_OPENGLES2_TEXTURE_V_NUMBER,yes,no,SDL_render.h,yes,yes,bound,-,,,,"""SDL.texture.opengles2.texture_v""",-
SDL_PROP_TEXTURE_OPENGL_TEXTURE_NUMBER,yes,no,SDL_render.h,yes,yes,bound,-,,,,"""SDL.texture.opengl.texture""",-
SDL_PROP_TEXTURE_OPENGL_TEXTURE_TARGET_NUMBER,yes,no,SDL_render.h,yes,yes,bound,-,,,,"""SDL.texture.opengl.target""",-
SDL_PROP_TEXTURE_OPENGL_TEXTURE_UV_NUMBER,yes,no,SDL_render.h,yes,yes,bound,-,,,,"""SDL.texture.opengl.texture_uv""",-
SDL_PROP_TEXTURE_OPENGL_TEXTURE_U_NUMBER,yes,no,SDL_render.h,yes,yes,bound,-,,,,"""SDL.texture.opengl.texture_u""",-
SDL_PROP_TEXTURE_OPENGL_TEXTURE_V_NUMBER,yes,no,SDL_render.h,yes,yes,bound,-,,,,"""SDL.texture.opengl.texture_v""",-
SDL_PROP_TEXTURE_OPENGL_TEX_H_FLOAT,yes,no,SDL_render.h,yes,yes,bound,-,,,,"""SDL.texture.opengl.tex_h""",-
SDL_PROP_TEXTURE_OPENGL_TEX_W_FLOAT,yes,no,SDL_render.h,yes,yes,bound,-,,,,"""SDL.texture.opengl.tex_w""",-
SDL_PROP_TEXTURE_SDR_WHITE_POINT_FLOAT,yes,no,SDL_render.h,yes,yes,bound,-,,,,"""SDL.texture.SDR_white_point""",-
SDL_PROP_TEXTURE_VULKAN_TEXTURE_NUMBER,yes,no,SDL_render.h,yes,yes,bound,-,,,,"""SDL.texture.vulkan.texture""",-
SDL_PROP_TEXTURE_WIDTH_NUMBER,yes,no,SDL_render.h,yes,yes,bound,-,,,,"""SDL.texture.width""",-
SDL_PROP_THREAD_CREATE_ENTRY_FUNCTION_POINTER,yes,no,SDL_thread.h,yes,yes,bound,-,,,,"""SDL.thread.create.entry_function""",-
SDL_PROP_THREAD_CREATE_NAME_STRING,yes,no,SDL_thread.h,yes,yes,bound,-,,,,"""SDL.thread.create.name""",-
SDL_PROP_THREAD_CREATE_STACKSIZE_NUMBER,yes,no,SDL_thread.h,yes,yes,bound,-,,,,"""SDL.thread.create.stacksize""",-
SDL_PROP_THREAD_CREATE_USERDATA_POINTER,yes,no,SDL_thread.h,yes,yes,bound,-,,,,"""SDL.thread.create.userdata""",-
SDL_PROP_TRAY_CREATE_ICON_POINTER,yes,no,SDL_tray.h,yes,yes,bound,-,,,,"""SDL.tray.create.icon""",-
SDL_PROP_TRAY_CREATE_LEFTCLICK_CALLBACK_POINTER,yes,no,SDL_tray.h,yes,yes,bound,-,,,,"""SDL.tray.create.leftclick_callback""",-
SDL_PROP_TRAY_CREATE_MIDDLECLICK_CALLBACK_POINTER,yes,no,SDL_tray.h,yes,yes,bound,-,,,,"""SDL.tray.create.middleclick_callback""",-
SDL_PROP_TRAY_CREATE_RIGHTCLICK_CALLBACK_POINTER,yes,no,SDL_tray.h,yes,yes,bound,-,,,,"""SDL.tray.create.rightclick_callback""",-
SDL_PROP_TRAY_CREATE_TOOLTIP_STRING,yes,no,SDL_tray.h,yes,yes,bound,-,,,,"""SDL.tray.create.tooltip""",-
SDL_PROP_TRAY_CREATE_USERDATA_POINTER,yes,no,SDL_tray.h,yes,yes,bound,-,,,,"""SDL.tray.create.userdata""",-
SDL_PROP_WINDOW_ANDROID_SURFACE_POINTER,yes,no,SDL_video.h,yes,yes,bound,-,,,,"""SDL.window.android.surface""",-
SDL_PROP_WINDOW_ANDROID_WINDOW_POINTER,yes,no,SDL_video.h,yes,yes,bound,-,,,,"""SDL.window.android.window""",-
SDL_PROP_WINDOW_COCOA_METAL_VIEW_TAG_NUMBER,yes,no,SDL_video.h,yes,yes,bound,-,,,,"""SDL.window.cocoa.metal_view_tag""",-
SDL_PROP_WINDOW_COCOA_WINDOW_POINTER,yes,no,SDL_video.h,yes,yes,bound,-,,,,"""SDL.window.cocoa.window""",-
SDL_PROP_WINDOW_CREATE_ALWAYS_ON_TOP_BOOLEAN,yes,no,SDL_video.h,yes,yes,bound,-,,,,"""SDL.window.create.always_on_top""",-
SDL_PROP_WINDOW_CREATE_BORDERLESS_BOOLEAN,yes,no,SDL_video.h,yes,yes,bound,-,,,,"""SDL.window.create.borderless""",-
SDL_PROP_WINDOW_CREATE_COCOA_VIEW_POINTER,yes,no,SDL_video.h,yes,yes,bound,-,,,,"""SDL.window.create.cocoa.view""",-
SDL_PROP_WINDOW_CREATE_COCOA_WINDOW_POINTER,yes,no,SDL_video.h,yes,yes,bound,-,,,,"""SDL.window.create.cocoa.window""",-
SDL_PROP_WINDOW_CREATE_CONSTRAIN_POPUP_BOOLEAN,yes,no,SDL_video.h,yes,yes,bound,-,,,,"""SDL.window.create.constrain_popup""",-
SDL_PROP_WINDOW_CREATE_EMSCRIPTEN_CANVAS_ID_STRING,yes,no,SDL_video.h,yes,yes,bound,-,,,,"""SDL.window.create.emscripten.canvas_id""",-
SDL_PROP_WINDOW_CREATE_EMSCRIPTEN_KEYBOARD_ELEMENT_STRING,yes,no,SDL_video.h,yes,yes,bound,-,,,,"""SDL.window.create.emscripten.keyboard_element""",-
SDL_PROP_WINDOW_CREATE_EXTERNAL_GRAPHICS_CONTEXT_BOOLEAN,yes,no,SDL_video.h,yes,yes,bound,-,,,,"""SDL.window.create.external_graphics_context""",-
SDL_PROP_WINDOW_CREATE_FLAGS_NUMBER,yes,no,SDL_video.h,yes,yes,bound,-,,,,"""SDL.window.create.flags""",-
SDL_PROP_WINDOW_CREATE_FOCUSABLE_BOOLEAN,yes,no,SDL_video.h,yes,yes,bound,-,,,,"""SDL.window.create.focusable""",-
SDL_PROP_WINDOW_CREATE_FULLSCREEN_BOOLEAN,yes,no,SDL_video.h,yes,yes,bound,-,,,,"""SDL.window.create.fullscreen""",-
SDL_PROP_WINDOW_CREATE_HEIGHT_NUMBER,yes,no,SDL_video.h,yes,yes,bound,-,,,,"""SDL.window.create.height""",-
SDL_PROP_WINDOW_CREATE_HIDDEN_BOOLEAN,yes,no,SDL_video.h,yes,yes,bound,-,,,,"""SDL.window.create.hidden""",-
SDL_PROP_WINDOW_CREATE_HIGH_PIXEL_DENSITY_BOOLEAN,yes,no,SDL_video.h,yes,yes,bound,-,,,,"""SDL.window.create.high_pixel_density""",-
SDL_PROP_WINDOW_CREATE_MAXIMIZED_BOOLEAN,yes,no,SDL_video.h,yes,yes,bound,-,,,,"""SDL.window.create.maximized""",-
SDL_PROP_WINDOW_CREATE_MENU_BOOLEAN,yes,no,SDL_video.h,yes,yes,bound,-,,,,"""SDL.window.create.menu""",-
SDL_PROP_WINDOW_CREATE_METAL_BOOLEAN,yes,no,SDL_video.h,yes,yes,bound,-,,,,"""SDL.window.create.metal""",-
SDL_PROP_WINDOW_CREATE_MINIMIZED_BOOLEAN,yes,no,SDL_video.h,yes,yes,bound,-,,,,"""SDL.window.create.minimized""",-
SDL_PROP_WINDOW_CREATE_MODAL_BOOLEAN,yes,no,SDL_video.h,yes,yes,bound,-,,,,"""SDL.window.create.modal""",-
SDL_PROP_WINDOW_CREATE_MOUSE_GRABBED_BOOLEAN,yes,no,SDL_video.h,yes,yes,bound,-,,,,"""SDL.window.create.mouse_grabbed""",-
SDL_PROP_WINDOW_CREATE_OPENGL_BOOLEAN,yes,no,SDL_video.h,yes,yes,bound,-,,,,"""SDL.window.create.opengl""",-
SDL_PROP_WINDOW_CREATE_PARENT_POINTER,yes,no,SDL_video.h,yes,yes,bound,-,,,,"""SDL.window.create.parent""",-
SDL_PROP_WINDOW_CREATE_RESIZABLE_BOOLEAN,yes,no,SDL_video.h,yes,yes,bound,-,,,,"""SDL.window.create.resizable""",-
SDL_PROP_WINDOW_CREATE_TITLE_STRING,yes,no,SDL_video.h,yes,yes,bound,-,,,,"""SDL.window.create.title""",-
SDL_PROP_WINDOW_CREATE_TOOLTIP_BOOLEAN,yes,no,SDL_video.h,yes,yes,bound,-,,,,"""SDL.window.create.tooltip""",-
SDL_PROP_WINDOW_CREATE_TRANSPARENT_BOOLEAN,yes,no,SDL_video.h,yes,yes,bound,-,,,,"""SDL.window.create.transparent""",-
SDL_PROP_WINDOW_CREATE_UTILITY_BOOLEAN,yes,no,SDL_video.h,yes,yes,bound,-,,,,"""SDL.window.create.utility""",-
SDL_PROP_WINDOW_CREATE_VISIONOS_SETTINGS_STRING,yes,no,SDL_video.h,yes,yes,bound,-,,,,"""SDL.window.create.visionos.settings""",-
SDL_PROP_WINDOW_CREATE_VULKAN_BOOLEAN,yes,no,SDL_video.h,yes,yes,bound,-,,,,"""SDL.window.create.vulkan""",-
SDL_PROP_WINDOW_CREATE_WAYLAND_CREATE_EGL_WINDOW_BOOLEAN,yes,no,SDL_video.h,yes,yes,bound,-,,,,"""SDL.window.create.wayland.create_egl_window""",-
SDL_PROP_WINDOW_CREATE_WAYLAND_SURFACE_ROLE_CUSTOM_BOOLEAN,yes,no,SDL_video.h,yes,yes,bound,-,,,,"""SDL.window.create.wayland.surface_role_custom""",-
SDL_PROP_WINDOW_CREATE_WAYLAND_WINDOW_ID_STRING,yes,no,SDL_video.h,yes,yes,bound,-,,,,"""SDL.window.create.wayland.window_id""",-
SDL_PROP_WINDOW_CREATE_WAYLAND_WL_SURFACE_POINTER,yes,no,SDL_video.h,yes,yes,bound,-,,,,"""SDL.window.create.wayland.wl_surface""",-
SDL_PROP_WINDOW_CREATE_WIDTH_NUMBER,yes,no,SDL_video.h,yes,yes,bound,-,,,,"""SDL.window.create.width""",-
SDL_PROP_WINDOW_CREATE_WIN32_HWND_POINTER,yes,no,SDL_video.h,yes,yes,bound,-,,,,"""SDL.window.create.win32.hwnd""",-
SDL_PROP_WINDOW_CREATE_WIN32_PIXEL_FORMAT_HWND_POINTER,yes,no,SDL_video.h,yes,yes,bound,-,,,,"""SDL.window.create.win32.pixel_format_hwnd""",-
SDL_PROP_WINDOW_CREATE_WINDOWSCENE_POINTER,yes,no,SDL_video.h,yes,yes,bound,-,,,,"""SDL.window.create.uikit.windowscene""",-
SDL_PROP_WINDOW_CREATE_X11_WINDOW_NUMBER,yes,no,SDL_video.h,yes,yes,bound,-,,,,"""SDL.window.create.x11.window""",-
SDL_PROP_WINDOW_CREATE_X_NUMBER,yes,no,SDL_video.h,yes,yes,bound,-,,,,"""SDL.window.create.x""",-
SDL_PROP_WINDOW_CREATE_Y_NUMBER,yes,no,SDL_video.h,yes,yes,bound,-,,,,"""SDL.window.create.y""",-
SDL_PROP_WINDOW_EMSCRIPTEN_CANVAS_ID_STRING,yes,no,SDL_video.h,yes,yes,bound,-,,,,"""SDL.window.emscripten.canvas_id""",-
SDL_PROP_WINDOW_EMSCRIPTEN_KEYBOARD_ELEMENT_STRING,yes,no,SDL_video.h,yes,yes,bound,-,,,,"""SDL.window.emscripten.keyboard_element""",-
SDL_PROP_WINDOW_HDR_ENABLED_BOOLEAN,yes,no,SDL_video.h,yes,yes,bound,-,,,,"""SDL.window.HDR_enabled""",-
SDL_PROP_WINDOW_HDR_HEADROOM_FLOAT,yes,no,SDL_video.h,yes,yes,bound,-,,,,"""SDL.window.HDR_headroom""",-
SDL_PROP_WINDOW_KMSDRM_DEVICE_INDEX_NUMBER,yes,no,SDL_video.h,yes,yes,bound,-,,,,"""SDL.window.kmsdrm.dev_index""",-
SDL_PROP_WINDOW_KMSDRM_DRM_FD_NUMBER,yes,no,SDL_video.h,yes,yes,bound,-,,,,"""SDL.window.kmsdrm.drm_fd""",-
SDL_PROP_WINDOW_KMSDRM_GBM_DEVICE_POINTER,yes,no,SDL_video.h,yes,yes,bound,-,,,,"""SDL.window.kmsdrm.gbm_dev""",-
SDL_PROP_WINDOW_OPENVR_OVERLAY_ID_NUMBER,yes,no,SDL_video.h,yes,yes,bound,-,,,,"""SDL.window.openvr.overlay_id""",-
SDL_PROP_WINDOW_QNX_SURFACE_POINTER,yes,no,SDL_video.h,yes,yes,bound,-,,,,"""SDL.window.qnx.surface""",-
SDL_PROP_WINDOW_QNX_WINDOW_POINTER,yes,no,SDL_video.h,yes,yes,bound,-,,,,"""SDL.window.qnx.window""",-
SDL_PROP_WINDOW_SDR_WHITE_LEVEL_FLOAT,yes,no,SDL_video.h,yes,yes,bound,-,,,,"""SDL.window.SDR_white_level""",-
SDL_PROP_WINDOW_SHAPE_POINTER,yes,no,SDL_video.h,yes,yes,bound,-,,,,"""SDL.window.shape""",-
SDL_PROP_WINDOW_UIKIT_METAL_VIEW_TAG_NUMBER,yes,no,SDL_video.h,yes,yes,bound,-,,,,"""SDL.window.uikit.metal_view_tag""",-
SDL_PROP_WINDOW_UIKIT_OPENGL_FRAMEBUFFER_NUMBER,yes,no,SDL_video.h,yes,yes,bound,-,,,,"""SDL.window.uikit.opengl.framebuffer""",-
SDL_PROP_WINDOW_UIKIT_OPENGL_RENDERBUFFER_NUMBER,yes,no,SDL_video.h,yes,yes,bound,-,,,,"""SDL.window.uikit.opengl.renderbuffer""",-
SDL_PROP_WINDOW_UIKIT_OPENGL_RESOLVE_FRAMEBUFFER_NUMBER,yes,no,SDL_video.h,yes,yes,bound,-,,,,"""SDL.window.uikit.opengl.resolve_framebuffer""",-
SDL_PROP_WINDOW_UIKIT_WINDOW_POINTER,yes,no,SDL_video.h,yes,yes,bound,-,,,,"""SDL.window.uikit.window""",-
SDL_PROP_WINDOW_VISIONOS_SETTINGS_STRING,yes,no,SDL_video.h,yes,yes,bound,-,,,,"""SDL.window.visionos.settings""",-
SDL_PROP_WINDOW_VIVANTE_DISPLAY_POINTER,yes,no,SDL_video.h,yes,yes,bound,-,,,,"""SDL.window.vivante.display""",-
SDL_PROP_WINDOW_VIVANTE_SURFACE_POINTER,yes,no,SDL_video.h,yes,yes,bound,-,,,,"""SDL.window.vivante.surface""",-
SDL_PROP_WINDOW_VIVANTE_WINDOW_POINTER,yes,no,SDL_video.h,yes,yes,bound,-,,,,"""SDL.window.vivante.window""",-
SDL_PROP_WINDOW_WAYLAND_DISPLAY_POINTER,yes,no,SDL_video.h,yes,yes,bound,-,,,,"""SDL.window.wayland.display""",-
SDL_PROP_WINDOW_WAYLAND_EGL_WINDOW_POINTER,yes,no,SDL_video.h,yes,yes,bound,-,,,,"""SDL.window.wayland.egl_window""",-
SDL_PROP_WINDOW_WAYLAND_SURFACE_POINTER,yes,no,SDL_video.h,yes,yes,bound,-,,,,"""SDL.window.wayland.surface""",-
SDL_PROP_WINDOW_WAYLAND_VIEWPORT_POINTER,yes,no,SDL_video.h,yes,yes,bound,-,,,,"""SDL.window.wayland.viewport""",-
SDL_PROP_WINDOW_WAYLAND_WINDOW_ID_STRING,yes,no,SDL_video.h,yes,yes,bound,-,,,,"""SDL.window.wayland.window_id""",-
SDL_PROP_WINDOW_WAYLAND_XDG_POPUP_POINTER,yes,no,SDL_video.h,yes,yes,bound,-,,,,"""SDL.window.wayland.xdg_popup""",-
SDL_PROP_WINDOW_WAYLAND_XDG_POSITIONER_POINTER,yes,no,SDL_video.h,yes,yes,bound,-,,,,"""SDL.window.wayland.xdg_positioner""",-
SDL_PROP_WINDOW_WAYLAND_XDG_SURFACE_POINTER,yes,no,SDL_video.h,yes,yes,bound,-,,,,"""SDL.window.wayland.xdg_surface""",-
SDL_PROP_WINDOW_WAYLAND_XDG_TOPLEVEL_EXPORT_HANDLE_STRING,yes,no,SDL_video.h,yes,yes,bound,-,,,,"""SDL.window.wayland.xdg_toplevel_export_handle""",-
SDL_PROP_WINDOW_WAYLAND_XDG_TOPLEVEL_POINTER,yes,no,SDL_video.h,yes,yes,bound,-,,,,"""SDL.window.wayland.xdg_toplevel""",-
SDL_PROP_WINDOW_WIN32_HDC_POINTER,yes,no,SDL_video.h,yes,yes,bound,-,,,,"""SDL.window.win32.hdc""",-
SDL_PROP_WINDOW_WIN32_HWND_POINTER,yes,no,SDL_video.h,yes,yes,bound,-,,,,"""SDL.window.win32.hwnd""",-
SDL_PROP_WINDOW_WIN32_INSTANCE_POINTER,yes,no,SDL_video.h,yes,yes,bound,-,,,,"""SDL.window.win32.instance""",-
SDL_PROP_WINDOW_X11_DISPLAY_POINTER,yes,no,SDL_video.h,yes,yes,bound,-,,,,"""SDL.window.x11.display""",-
SDL_PROP_WINDOW_X11_SCREEN_NUMBER,yes,no,SDL_video.h,yes,yes,bound,-,,,,"""SDL.window.x11.screen""",-
SDL_PROP_WINDOW_X11_WINDOW_NUMBER,yes,no,SDL_video.h,yes,yes,bound,-,,,,"""SDL.window.x11.window""",-
SDL_PixelFormatEnumToMasks,yes,no,SDL_oldnames.h,no,no,resolve,sdl2-compat-sentinel,,SDL_PixelFormatEnumToMasks_renamed_SDL_GetMasksForPixelFormat,,SDL_PixelFormatEnumToMasks_renamed_SDL_GetMasksForPixelFormat,sdl2-compat-sentinel
SDL_PointInFRect,yes,no,SDL_oldnames.h,no,no,resolve,sdl2-compat-sentinel,,SDL_PointInFRect_renamed_SDL_PointInRectFloat,,SDL_PointInFRect_renamed_SDL_PointInRectFloat,sdl2-compat-sentinel
SDL_QUIT,yes,no,SDL_oldnames.h,no,no,resolve,sdl2-compat-sentinel,,SDL_QUIT_renamed_SDL_EVENT_QUIT,,SDL_QUIT_renamed_SDL_EVENT_QUIT,sdl2-compat-sentinel
SDL_RENDERER_ACCELERATED,yes,no,SDL_oldnames.h,no,no,resolve,sdl2-compat-sentinel,,SDL_RENDERER_ACCELERATED_deprecated_remove_this_line,,SDL_RENDERER_ACCELERATED_deprecated_remove_this_line,sdl2-compat-sentinel
SDL_RENDERER_PRESENTVSYNC,yes,no,SDL_oldnames.h,no,no,resolve,sdl2-compat-sentinel,,SDL_RENDERER_PRESENTVSYNC_deprecated_use_SDL_SetRenderVSync,,SDL_RENDERER_PRESENTVSYNC_deprecated_use_SDL_SetRenderVSync,sdl2-compat-sentinel
SDL_RENDERER_VSYNC_ADAPTIVE,yes,no,SDL_render.h,yes,yes,bound,-,,,,(-1),-
SDL_RENDERER_VSYNC_DISABLED,yes,no,SDL_render.h,yes,yes,bound,-,,,,0,-
SDL_RENDER_DEVICE_RESET,yes,no,SDL_oldnames.h,no,no,resolve,sdl2-compat-sentinel,,SDL_RENDER_DEVICE_RESET_renamed_SDL_EVENT_RENDER_DEVICE_RESET,,SDL_RENDER_DEVICE_RESET_renamed_SDL_EVENT_RENDER_DEVICE_RESET,sdl2-compat-sentinel
SDL_RENDER_TARGETS_RESET,yes,no,SDL_oldnames.h,no,no,resolve,sdl2-compat-sentinel,,SDL_RENDER_TARGETS_RESET_renamed_SDL_EVENT_RENDER_TARGETS_RESET,,SDL_RENDER_TARGETS_RESET_renamed_SDL_EVENT_RENDER_TARGETS_RESET,sdl2-compat-sentinel
SDL_RESTRICT,yes,no,SDL_begin_code.h,no,no,parse,cast,,,restrict,restrict,cast
SDL_RWFromConstMem,yes,no,SDL_oldnames.h,no,no,resolve,sdl2-compat-sentinel,,SDL_RWFromConstMem_renamed_SDL_IOFromConstMem,,SDL_RWFromConstMem_renamed_SDL_IOFromConstMem,sdl2-compat-sentinel
SDL_RWFromFile,yes,no,SDL_oldnames.h,no,no,resolve,sdl2-compat-sentinel,,SDL_RWFromFile_renamed_SDL_IOFromFile,,SDL_RWFromFile_renamed_SDL_IOFromFile,sdl2-compat-sentinel
SDL_RWFromMem,yes,no,SDL_oldnames.h,no,no,resolve,sdl2-compat-sentinel,,SDL_RWFromMem_renamed_SDL_IOFromMem,,SDL_RWFromMem_renamed_SDL_IOFromMem,sdl2-compat-sentinel
SDL_RWclose,yes,no,SDL_oldnames.h,no,no,resolve,sdl2-compat-sentinel,,SDL_RWclose_renamed_SDL_CloseIO,,SDL_RWclose_renamed_SDL_CloseIO,sdl2-compat-sentinel
SDL_RWops,yes,no,SDL_oldnames.h,no,no,resolve,sdl2-compat-sentinel,,SDL_RWops_renamed_SDL_IOStream,,SDL_RWops_renamed_SDL_IOStream,sdl2-compat-sentinel
SDL_RWread,yes,no,SDL_oldnames.h,no,no,resolve,sdl2-compat-sentinel,,SDL_RWread_renamed_SDL_ReadIO,,SDL_RWread_renamed_SDL_ReadIO,sdl2-compat-sentinel
SDL_RWseek,yes,no,SDL_oldnames.h,no,no,resolve,sdl2-compat-sentinel,,SDL_RWseek_renamed_SDL_SeekIO,,SDL_RWseek_renamed_SDL_SeekIO,sdl2-compat-sentinel
SDL_RWsize,yes,no,SDL_oldnames.h,no,no,resolve,sdl2-compat-sentinel,,SDL_RWsize_renamed_SDL_GetIOSize,,SDL_RWsize_renamed_SDL_GetIOSize,sdl2-compat-sentinel
SDL_RWtell,yes,no,SDL_oldnames.h,no,no,resolve,sdl2-compat-sentinel,,SDL_RWtell_renamed_SDL_TellIO,,SDL_RWtell_renamed_SDL_TellIO,sdl2-compat-sentinel
SDL_RWwrite,yes,no,SDL_oldnames.h,no,no,resolve,sdl2-compat-sentinel,,SDL_RWwrite_renamed_SDL_WriteIO,,SDL_RWwrite_renamed_SDL_WriteIO,sdl2-compat-sentinel
SDL_ReadBE16,yes,no,SDL_oldnames.h,no,no,resolve,sdl2-compat-sentinel,,SDL_ReadBE16_renamed_SDL_ReadU16BE,,SDL_ReadBE16_renamed_SDL_ReadU16BE,sdl2-compat-sentinel
SDL_ReadBE32,yes,no,SDL_oldnames.h,no,no,resolve,sdl2-compat-sentinel,,SDL_ReadBE32_renamed_SDL_ReadU32BE,,SDL_ReadBE32_renamed_SDL_ReadU32BE,sdl2-compat-sentinel
SDL_ReadBE64,yes,no,SDL_oldnames.h,no,no,resolve,sdl2-compat-sentinel,,SDL_ReadBE64_renamed_SDL_ReadU64BE,,SDL_ReadBE64_renamed_SDL_ReadU64BE,sdl2-compat-sentinel
SDL_ReadLE16,yes,no,SDL_oldnames.h,no,no,resolve,sdl2-compat-sentinel,,SDL_ReadLE16_renamed_SDL_ReadU16LE,,SDL_ReadLE16_renamed_SDL_ReadU16LE,sdl2-compat-sentinel
SDL_ReadLE32,yes,no,SDL_oldnames.h,no,no,resolve,sdl2-compat-sentinel,,SDL_ReadLE32_renamed_SDL_ReadU32LE,,SDL_ReadLE32_renamed_SDL_ReadU32LE,sdl2-compat-sentinel
SDL_ReadLE64,yes,no,SDL_oldnames.h,no,no,resolve,sdl2-compat-sentinel,,SDL_ReadLE64_renamed_SDL_ReadU64LE,,SDL_ReadLE64_renamed_SDL_ReadU64LE,sdl2-compat-sentinel
SDL_RectEquals,yes,no,SDL_oldnames.h,no,no,resolve,sdl2-compat-sentinel,,SDL_RectEquals_renamed_SDL_RectsEqual,,SDL_RectEquals_renamed_SDL_RectsEqual,sdl2-compat-sentinel
SDL_RenderCopy,yes,no,SDL_oldnames.h,no,no,resolve,sdl2-compat-sentinel,,SDL_RenderCopy_renamed_SDL_RenderTexture,,SDL_RenderCopy_renamed_SDL_RenderTexture,sdl2-compat-sentinel
SDL_RenderCopyEx,yes,no,SDL_oldnames.h,no,no,resolve,sdl2-compat-sentinel,,SDL_RenderCopyEx_renamed_SDL_RenderTextureRotated,,SDL_RenderCopyEx_renamed_SDL_RenderTextureRotated,sdl2-compat-sentinel
SDL_RenderCopyExF,yes,no,SDL_oldnames.h,no,no,resolve,sdl2-compat-sentinel,,SDL_RenderCopyExF_renamed_SDL_RenderTextureRotated,,SDL_RenderCopyExF_renamed_SDL_RenderTextureRotated,sdl2-compat-sentinel
SDL_RenderCopyF,yes,no,SDL_oldnames.h,no,no,resolve,sdl2-compat-sentinel,,SDL_RenderCopyF_renamed_SDL_RenderTexture,,SDL_RenderCopyF_renamed_SDL_RenderTexture,sdl2-compat-sentinel
SDL_RenderDrawLine,yes,no,SDL_oldnames.h,no,no,resolve,sdl2-compat-sentinel,,SDL_RenderDrawLine_renamed_SDL_RenderLine,,SDL_RenderDrawLine_renamed_SDL_RenderLine,sdl2-compat-sentinel
SDL_RenderDrawLineF,yes,no,SDL_oldnames.h,no,no,resolve,sdl2-compat-sentinel,,SDL_RenderDrawLineF_renamed_SDL_RenderLine,,SDL_RenderDrawLineF_renamed_SDL_RenderLine,sdl2-compat-sentinel
SDL_RenderDrawLines,yes,no,SDL_oldnames.h,no,no,resolve,sdl2-compat-sentinel,,SDL_RenderDrawLines_renamed_SDL_RenderLines,,SDL_RenderDrawLines_renamed_SDL_RenderLines,sdl2-compat-sentinel
SDL_RenderDrawLinesF,yes,no,SDL_oldnames.h,no,no,resolve,sdl2-compat-sentinel,,SDL_RenderDrawLinesF_renamed_SDL_RenderLines,,SDL_RenderDrawLinesF_renamed_SDL_RenderLines,sdl2-compat-sentinel
SDL_RenderDrawPoint,yes,no,SDL_oldnames.h,no,no,resolve,sdl2-compat-sentinel,,SDL_RenderDrawPoint_renamed_SDL_RenderPoint,,SDL_RenderDrawPoint_renamed_SDL_RenderPoint,sdl2-compat-sentinel
SDL_RenderDrawPointF,yes,no,SDL_oldnames.h,no,no,resolve,sdl2-compat-sentinel,,SDL_RenderDrawPointF_renamed_SDL_RenderPoint,,SDL_RenderDrawPointF_renamed_SDL_RenderPoint,sdl2-compat-sentinel
SDL_RenderDrawPoints,yes,no,SDL_oldnames.h,no,no,resolve,sdl2-compat-sentinel,,SDL_RenderDrawPoints_renamed_SDL_RenderPoints,,SDL_RenderDrawPoints_renamed_SDL_RenderPoints,sdl2-compat-sentinel
SDL_RenderDrawPointsF,yes,no,SDL_oldnames.h,no,no,resolve,sdl2-compat-sentinel,,SDL_RenderDrawPointsF_renamed_SDL_RenderPoints,,SDL_RenderDrawPointsF_renamed_SDL_RenderPoints,sdl2-compat-sentinel
SDL_RenderDrawRect,yes,no,SDL_oldnames.h,no,no,resolve,sdl2-compat-sentinel,,SDL_RenderDrawRect_renamed_SDL_RenderRect,,SDL_RenderDrawRect_renamed_SDL_RenderRect,sdl2-compat-sentinel
SDL_RenderDrawRectF,yes,no,SDL_oldnames.h,no,no,resolve,sdl2-compat-sentinel,,SDL_RenderDrawRectF_renamed_SDL_RenderRect,,SDL_RenderDrawRectF_renamed_SDL_RenderRect,sdl2-compat-sentinel
SDL_RenderDrawRects,yes,no,SDL_oldnames.h,no,no,resolve,sdl2-compat-sentinel,,SDL_RenderDrawRects_renamed_SDL_RenderRects,,SDL_RenderDrawRects_renamed_SDL_RenderRects,sdl2-compat-sentinel
SDL_RenderDrawRectsF,yes,no,SDL_oldnames.h,no,no,resolve,sdl2-compat-sentinel,,SDL_RenderDrawRectsF_renamed_SDL_RenderRects,,SDL_RenderDrawRectsF_renamed_SDL_RenderRects,sdl2-compat-sentinel
SDL_RenderFillRectF,yes,no,SDL_oldnames.h,no,no,resolve,sdl2-compat-sentinel,,SDL_RenderFillRectF_renamed_SDL_RenderFillRect,,SDL_RenderFillRectF_renamed_SDL_RenderFillRect,sdl2-compat-sentinel
SDL_RenderFillRectsF,yes,no,SDL_oldnames.h,no,no,resolve,sdl2-compat-sentinel,,SDL_RenderFillRectsF_renamed_SDL_RenderFillRects,,SDL_RenderFillRectsF_renamed_SDL_RenderFillRects,sdl2-compat-sentinel
SDL_RenderFlush,yes,no,SDL_oldnames.h,no,no,resolve,sdl2-compat-sentinel,,SDL_RenderFlush_renamed_SDL_FlushRenderer,,SDL_RenderFlush_renamed_SDL_FlushRenderer,sdl2-compat-sentinel
SDL_RenderGetClipRect,yes,no,SDL_oldnames.h,no,no,resolve,sdl2-compat-sentinel,,SDL_RenderGetClipRect_renamed_SDL_GetRenderClipRect,,SDL_RenderGetClipRect_renamed_SDL_GetRenderClipRect,sdl2-compat-sentinel
SDL_RenderGetLogicalSize,yes,no,SDL_oldnames.h,no,no,resolve,sdl2-compat-sentinel,,SDL_RenderGetLogicalSize_renamed_SDL_GetRenderLogicalPresentation,,SDL_RenderGetLogicalSize_renamed_SDL_GetRenderLogicalPresentation,sdl2-compat-sentinel
SDL_RenderGetMetalCommandEncoder,yes,no,SDL_oldnames.h,no,no,resolve,sdl2-compat-sentinel,,SDL_RenderGetMetalCommandEncoder_renamed_SDL_GetRenderMetalCommandEncoder,,SDL_RenderGetMetalCommandEncoder_renamed_SDL_GetRenderMetalCommandEncoder,sdl2-compat-sentinel
SDL_RenderGetMetalLayer,yes,no,SDL_oldnames.h,no,no,resolve,sdl2-compat-sentinel,,SDL_RenderGetMetalLayer_renamed_SDL_GetRenderMetalLayer,,SDL_RenderGetMetalLayer_renamed_SDL_GetRenderMetalLayer,sdl2-compat-sentinel
SDL_RenderGetScale,yes,no,SDL_oldnames.h,no,no,resolve,sdl2-compat-sentinel,,SDL_RenderGetScale_renamed_SDL_GetRenderScale,,SDL_RenderGetScale_renamed_SDL_GetRenderScale,sdl2-compat-sentinel
SDL_RenderGetViewport,yes,no,SDL_oldnames.h,no,no,resolve,sdl2-compat-sentinel,,SDL_RenderGetViewport_renamed_SDL_GetRenderViewport,,SDL_RenderGetViewport_renamed_SDL_GetRenderViewport,sdl2-compat-sentinel
SDL_RenderGetWindow,yes,no,SDL_oldnames.h,no,no,resolve,sdl2-compat-sentinel,,SDL_RenderGetWindow_renamed_SDL_GetRenderWindow,,SDL_RenderGetWindow_renamed_SDL_GetRenderWindow,sdl2-compat-sentinel
SDL_RenderIsClipEnabled,yes,no,SDL_oldnames.h,no,no,resolve,sdl2-compat-sentinel,,SDL_RenderIsClipEnabled_renamed_SDL_RenderClipEnabled,,SDL_RenderIsClipEnabled_renamed_SDL_RenderClipEnabled,sdl2-compat-sentinel
SDL_RenderLogicalToWindow,yes,no,SDL_oldnames.h,no,no,resolve,sdl2-compat-sentinel,,SDL_RenderLogicalToWindow_renamed_SDL_RenderCoordinatesToWindow,,SDL_RenderLogicalToWindow_renamed_SDL_RenderCoordinatesToWindow,sdl2-compat-sentinel
SDL_RenderSetClipRect,yes,no,SDL_oldnames.h,no,no,resolve,sdl2-compat-sentinel,,SDL_RenderSetClipRect_renamed_SDL_SetRenderClipRect,,SDL_RenderSetClipRect_renamed_SDL_SetRenderClipRect,sdl2-compat-sentinel
SDL_RenderSetLogicalSize,yes,no,SDL_oldnames.h,no,no,resolve,sdl2-compat-sentinel,,SDL_RenderSetLogicalSize_renamed_SDL_SetRenderLogicalPresentation,,SDL_RenderSetLogicalSize_renamed_SDL_SetRenderLogicalPresentation,sdl2-compat-sentinel
SDL_RenderSetScale,yes,no,SDL_oldnames.h,no,no,resolve,sdl2-compat-sentinel,,SDL_RenderSetScale_renamed_SDL_SetRenderScale,,SDL_RenderSetScale_renamed_SDL_SetRenderScale,sdl2-compat-sentinel
SDL_RenderSetVSync,yes,no,SDL_oldnames.h,no,no,resolve,sdl2-compat-sentinel,,SDL_RenderSetVSync_renamed_SDL_SetRenderVSync,,SDL_RenderSetVSync_renamed_SDL_SetRenderVSync,sdl2-compat-sentinel
SDL_RenderSetViewport,yes,no,SDL_oldnames.h,no,no,resolve,sdl2-compat-sentinel,,SDL_RenderSetViewport_renamed_SDL_SetRenderViewport,,SDL_RenderSetViewport_renamed_SDL_SetRenderViewport,sdl2-compat-sentinel
SDL_RenderWindowToLogical,yes,no,SDL_oldnames.h,no,no,resolve,sdl2-compat-sentinel,,SDL_RenderWindowToLogical_renamed_SDL_RenderCoordinatesFromWindow,,SDL_RenderWindowToLogical_renamed_SDL_RenderCoordinatesFromWindow,sdl2-compat-sentinel
SDL_RendererFlip,yes,no,SDL_oldnames.h,no,no,resolve,sdl2-compat-sentinel,,SDL_RendererFlip_renamed_SDL_FlipMode,,SDL_RendererFlip_renamed_SDL_FlipMode,sdl2-compat-sentinel
SDL_SCANCODE_AUDIOFASTFORWARD,yes,no,SDL_oldnames.h,no,no,resolve,sdl2-compat-sentinel,,SDL_SCANCODE_AUDIOFASTFORWARD_renamed_SDL_SCANCODE_MEDIA_FAST_FORWARD,,SDL_SCANCODE_AUDIOFASTFORWARD_renamed_SDL_SCANCODE_MEDIA_FAST_FORWARD,sdl2-compat-sentinel
SDL_SCANCODE_AUDIOMUTE,yes,no,SDL_oldnames.h,no,no,resolve,sdl2-compat-sentinel,,SDL_SCANCODE_AUDIOMUTE_renamed_SDL_SCANCODE_MUTE,,SDL_SCANCODE_AUDIOMUTE_renamed_SDL_SCANCODE_MUTE,sdl2-compat-sentinel
SDL_SCANCODE_AUDIONEXT,yes,no,SDL_oldnames.h,no,no,resolve,sdl2-compat-sentinel,,SDL_SCANCODE_AUDIONEXT_renamed_SDL_SCANCODE_MEDIA_NEXT_TRACK,,SDL_SCANCODE_AUDIONEXT_renamed_SDL_SCANCODE_MEDIA_NEXT_TRACK,sdl2-compat-sentinel
SDL_SCANCODE_AUDIOPLAY,yes,no,SDL_oldnames.h,no,no,resolve,sdl2-compat-sentinel,,SDL_SCANCODE_AUDIOPLAY_renamed_SDL_SCANCODE_MEDIA_PLAY,,SDL_SCANCODE_AUDIOPLAY_renamed_SDL_SCANCODE_MEDIA_PLAY,sdl2-compat-sentinel
SDL_SCANCODE_AUDIOPREV,yes,no,SDL_oldnames.h,no,no,resolve,sdl2-compat-sentinel,,SDL_SCANCODE_AUDIOPREV_renamed_SDL_SCANCODE_MEDIA_PREVIOUS_TRACK,,SDL_SCANCODE_AUDIOPREV_renamed_SDL_SCANCODE_MEDIA_PREVIOUS_TRACK,sdl2-compat-sentinel
SDL_SCANCODE_AUDIOREWIND,yes,no,SDL_oldnames.h,no,no,resolve,sdl2-compat-sentinel,,SDL_SCANCODE_AUDIOREWIND_renamed_SDL_SCANCODE_MEDIA_REWIND,,SDL_SCANCODE_AUDIOREWIND_renamed_SDL_SCANCODE_MEDIA_REWIND,sdl2-compat-sentinel
SDL_SCANCODE_AUDIOSTOP,yes,no,SDL_oldnames.h,no,no,resolve,sdl2-compat-sentinel,,SDL_SCANCODE_AUDIOSTOP_renamed_SDL_SCANCODE_MEDIA_STOP,,SDL_SCANCODE_AUDIOSTOP_renamed_SDL_SCANCODE_MEDIA_STOP,sdl2-compat-sentinel
SDL_SCANCODE_EJECT,yes,no,SDL_oldnames.h,no,no,resolve,sdl2-compat-sentinel,,SDL_SCANCODE_EJECT_renamed_SDL_SCANCODE_MEDIA_EJECT,,SDL_SCANCODE_EJECT_renamed_SDL_SCANCODE_MEDIA_EJECT,sdl2-compat-sentinel
SDL_SCANCODE_MEDIASELECT,yes,no,SDL_oldnames.h,no,no,resolve,sdl2-compat-sentinel,,SDL_SCANCODE_MEDIASELECT_renamed_SDL_SCANCODE_MEDIA_SELECT,,SDL_SCANCODE_MEDIASELECT_renamed_SDL_SCANCODE_MEDIA_SELECT,sdl2-compat-sentinel
SDL_SCANF_FORMAT_STRING,yes,no,SDL_stdinc.h,no,no,parse,empty-body,,,,,empty-body
SDL_SCOPED_CAPABILITY,yes,no,SDL_mutex.h,no,no,resolve,attribute-argument-name,,scoped_lockable,,SDL_THREAD_ANNOTATION_ATTRIBUTE__(scoped_lockable),attribute-argument-name
SDL_SENSORUPDATE,yes,no,SDL_oldnames.h,no,no,resolve,sdl2-compat-sentinel,,SDL_SENSORUPDATE_renamed_SDL_EVENT_SENSOR_UPDATE,,SDL_SENSORUPDATE_renamed_SDL_EVENT_SENSOR_UPDATE,sdl2-compat-sentinel
SDL_SIMDGetAlignment,yes,no,SDL_oldnames.h,no,no,resolve,sdl2-compat-sentinel,,SDL_SIMDGetAlignment_renamed_SDL_GetSIMDAlignment,,SDL_SIMDGetAlignment_renamed_SDL_GetSIMDAlignment,sdl2-compat-sentinel
SDL_SIMD_ALIGNED,yes,no,SDL_oldnames.h,no,no,resolve,sdl2-compat-sentinel,,SDL_SIMD_ALIGNED_renamed_SDL_SURFACE_SIMD_ALIGNED,,SDL_SIMD_ALIGNED_renamed_SDL_SURFACE_SIMD_ALIGNED,sdl2-compat-sentinel
SDL_SIZE_MAX,yes,no,SDL_stdinc.h,yes,yes,bound,-,,,,SIZE_MAX,-
SDL_SOFTWARE_RENDERER,yes,no,SDL_render.h,yes,yes,bound,-,,,,"""software""",-
SDL_STANDARD_GRAVITY,yes,no,SDL_sensor.h,yes,yes,bound,-,,,,9.80665f,-
SDL_SURFACE_LOCKED,yes,no,SDL_surface.h,yes,yes,bound,-,,,,0x00000004u,-
SDL_SURFACE_LOCK_NEEDED,yes,no,SDL_surface.h,yes,yes,bound,-,,,,0x00000002u,-
SDL_SURFACE_PREALLOCATED,yes,no,SDL_surface.h,yes,yes,bound,-,,,,0x00000001u,-
SDL_SURFACE_SIMD_ALIGNED,yes,no,SDL_surface.h,yes,yes,bound,-,,,,0x00000008u,-
SDL_SYSTEM_CURSOR_ARROW,yes,no,SDL_oldnames.h,no,no,resolve,sdl2-compat-sentinel,,SDL_SYSTEM_CURSOR_ARROW_renamed_SDL_SYSTEM_CURSOR_DEFAULT,,SDL_SYSTEM_CURSOR_ARROW_renamed_SDL_SYSTEM_CURSOR_DEFAULT,sdl2-compat-sentinel
SDL_SYSTEM_CURSOR_HAND,yes,no,SDL_oldnames.h,no,no,resolve,sdl2-compat-sentinel,,SDL_SYSTEM_CURSOR_HAND_renamed_SDL_SYSTEM_CURSOR_POINTER,,SDL_SYSTEM_CURSOR_HAND_renamed_SDL_SYSTEM_CURSOR_POINTER,sdl2-compat-sentinel
SDL_SYSTEM_CURSOR_IBEAM,yes,no,SDL_oldnames.h,no,no,resolve,sdl2-compat-sentinel,,SDL_SYSTEM_CURSOR_IBEAM_renamed_SDL_SYSTEM_CURSOR_TEXT,,SDL_SYSTEM_CURSOR_IBEAM_renamed_SDL_SYSTEM_CURSOR_TEXT,sdl2-compat-sentinel
SDL_SYSTEM_CURSOR_NO,yes,no,SDL_oldnames.h,no,no,resolve,sdl2-compat-sentinel,,SDL_SYSTEM_CURSOR_NO_renamed_SDL_SYSTEM_CURSOR_NOT_ALLOWED,,SDL_SYSTEM_CURSOR_NO_renamed_SDL_SYSTEM_CURSOR_NOT_ALLOWED,sdl2-compat-sentinel
SDL_SYSTEM_CURSOR_SIZEALL,yes,no,SDL_oldnames.h,no,no,resolve,sdl2-compat-sentinel,,SDL_SYSTEM_CURSOR_SIZEALL_renamed_SDL_SYSTEM_CURSOR_MOVE,,SDL_SYSTEM_CURSOR_SIZEALL_renamed_SDL_SYSTEM_CURSOR_MOVE,sdl2-compat-sentinel
SDL_SYSTEM_CURSOR_SIZENESW,yes,no,SDL_oldnames.h,no,no,resolve,sdl2-compat-sentinel,,SDL_SYSTEM_CURSOR_SIZENESW_renamed_SDL_SYSTEM_CURSOR_NESW_RESIZE,,SDL_SYSTEM_CURSOR_SIZENESW_renamed_SDL_SYSTEM_CURSOR_NESW_RESIZE,sdl2-compat-sentinel
SDL_SYSTEM_CURSOR_SIZENS,yes,no,SDL_oldnames.h,no,no,resolve,sdl2-compat-sentinel,,SDL_SYSTEM_CURSOR_SIZENS_renamed_SDL_SYSTEM_CURSOR_NS_RESIZE,,SDL_SYSTEM_CURSOR_SIZENS_renamed_SDL_SYSTEM_CURSOR_NS_RESIZE,sdl2-compat-sentinel
SDL_SYSTEM_CURSOR_SIZENWSE,yes,no,SDL_oldnames.h,no,no,resolve,sdl2-compat-sentinel,,SDL_SYSTEM_CURSOR_SIZENWSE_renamed_SDL_SYSTEM_CURSOR_NWSE_RESIZE,,SDL_SYSTEM_CURSOR_SIZENWSE_renamed_SDL_SYSTEM_CURSOR_NWSE_RESIZE,sdl2-compat-sentinel
SDL_SYSTEM_CURSOR_SIZEWE,yes,no,SDL_oldnames.h,no,no,resolve,sdl2-compat-sentinel,,SDL_SYSTEM_CURSOR_SIZEWE_renamed_SDL_SYSTEM_CURSOR_EW_RESIZE,,SDL_SYSTEM_CURSOR_SIZEWE_renamed_SDL_SYSTEM_CURSOR_EW_RESIZE,sdl2-compat-sentinel
SDL_SYSTEM_CURSOR_WAITARROW,yes,no,SDL_oldnames.h,no,no,resolve,sdl2-compat-sentinel,,SDL_SYSTEM_CURSOR_WAITARROW_renamed_SDL_SYSTEM_CURSOR_PROGRESS,,SDL_SYSTEM_CURSOR_WAITARROW_renamed_SDL_SYSTEM_CURSOR_PROGRESS,sdl2-compat-sentinel
SDL_SYSTEM_CURSOR_WINDOW_BOTTOM,yes,no,SDL_oldnames.h,no,no,resolve,sdl2-compat-sentinel,,SDL_SYSTEM_CURSOR_WINDOW_BOTTOM_renamed_SDL_SYSTEM_CURSOR_S_RESIZE,,SDL_SYSTEM_CURSOR_WINDOW_BOTTOM_renamed_SDL_SYSTEM_CURSOR_S_RESIZE,sdl2-compat-sentinel
SDL_SYSTEM_CURSOR_WINDOW_BOTTOMLEFT,yes,no,SDL_oldnames.h,no,no,resolve,sdl2-compat-sentinel,,SDL_SYSTEM_CURSOR_WINDOW_BOTTOMLEFT_renamed_SDL_SYSTEM_CURSOR_SW_RESIZE,,SDL_SYSTEM_CURSOR_WINDOW_BOTTOMLEFT_renamed_SDL_SYSTEM_CURSOR_SW_RESIZE,sdl2-compat-sentinel
SDL_SYSTEM_CURSOR_WINDOW_BOTTOMRIGHT,yes,no,SDL_oldnames.h,no,no,resolve,sdl2-compat-sentinel,,SDL_SYSTEM_CURSOR_WINDOW_BOTTOMRIGHT_renamed_SDL_SYSTEM_CURSOR_SE_RESIZE,,SDL_SYSTEM_CURSOR_WINDOW_BOTTOMRIGHT_renamed_SDL_SYSTEM_CURSOR_SE_RESIZE,sdl2-compat-sentinel
SDL_SYSTEM_CURSOR_WINDOW_LEFT,yes,no,SDL_oldnames.h,no,no,resolve,sdl2-compat-sentinel,,SDL_SYSTEM_CURSOR_WINDOW_LEFT_renamed_SDL_SYSTEM_CURSOR_W_RESIZE,,SDL_SYSTEM_CURSOR_WINDOW_LEFT_renamed_SDL_SYSTEM_CURSOR_W_RESIZE,sdl2-compat-sentinel
SDL_SYSTEM_CURSOR_WINDOW_RIGHT,yes,no,SDL_oldnames.h,no,no,resolve,sdl2-compat-sentinel,,SDL_SYSTEM_CURSOR_WINDOW_RIGHT_renamed_SDL_SYSTEM_CURSOR_E_RESIZE,,SDL_SYSTEM_CURSOR_WINDOW_RIGHT_renamed_SDL_SYSTEM_CURSOR_E_RESIZE,sdl2-compat-sentinel
SDL_SYSTEM_CURSOR_WINDOW_TOP,yes,no,SDL_oldnames.h,no,no,resolve,sdl2-compat-sentinel,,SDL_SYSTEM_CURSOR_WINDOW_TOP_renamed_SDL_SYSTEM_CURSOR_N_RESIZE,,SDL_SYSTEM_CURSOR_WINDOW_TOP_renamed_SDL_SYSTEM_CURSOR_N_RESIZE,sdl2-compat-sentinel
SDL_SYSTEM_CURSOR_WINDOW_TOPLEFT,yes,no,SDL_oldnames.h,no,no,resolve,sdl2-compat-sentinel,,SDL_SYSTEM_CURSOR_WINDOW_TOPLEFT_renamed_SDL_SYSTEM_CURSOR_NW_RESIZE,,SDL_SYSTEM_CURSOR_WINDOW_TOPLEFT_renamed_SDL_SYSTEM_CURSOR_NW_RESIZE,sdl2-compat-sentinel
SDL_SYSTEM_CURSOR_WINDOW_TOPRIGHT,yes,no,SDL_oldnames.h,no,no,resolve,sdl2-compat-sentinel,,SDL_SYSTEM_CURSOR_WINDOW_TOPRIGHT_renamed_SDL_SYSTEM_CURSOR_NE_RESIZE,,SDL_SYSTEM_CURSOR_WINDOW_TOPRIGHT_renamed_SDL_SYSTEM_CURSOR_NE_RESIZE,sdl2-compat-sentinel
SDL_SaveBMP_RW,yes,no,SDL_oldnames.h,no,no,resolve,sdl2-compat-sentinel,,SDL_SaveBMP_RW_renamed_SDL_SaveBMP_IO,,SDL_SaveBMP_RW_renamed_SDL_SaveBMP_IO,sdl2-compat-sentinel
SDL_ScaleModeLinear,yes,no,SDL_oldnames.h,no,no,resolve,sdl2-compat-sentinel,,SDL_ScaleModeLinear_renamed_SDL_SCALEMODE_LINEAR,,SDL_ScaleModeLinear_renamed_SDL_SCALEMODE_LINEAR,sdl2-compat-sentinel
SDL_ScaleModeNearest,yes,no,SDL_oldnames.h,no,no,resolve,sdl2-compat-sentinel,,SDL_ScaleModeNearest_renamed_SDL_SCALEMODE_NEAREST,,SDL_ScaleModeNearest_renamed_SDL_SCALEMODE_NEAREST,sdl2-compat-sentinel
SDL_SemPost,yes,no,SDL_oldnames.h,no,no,resolve,sdl2-compat-sentinel,,SDL_SemPost_renamed_SDL_SignalSemaphore,,SDL_SemPost_renamed_SDL_SignalSemaphore,sdl2-compat-sentinel
SDL_SemTryWait,yes,no,SDL_oldnames.h,no,no,resolve,sdl2-compat-sentinel,,SDL_SemTryWait_renamed_SDL_TryWaitSemaphore,,SDL_SemTryWait_renamed_SDL_TryWaitSemaphore,sdl2-compat-sentinel
SDL_SemValue,yes,no,SDL_oldnames.h,no,no,resolve,sdl2-compat-sentinel,,SDL_SemValue_renamed_SDL_GetSemaphoreValue,,SDL_SemValue_renamed_SDL_GetSemaphoreValue,sdl2-compat-sentinel
SDL_SemWait,yes,no,SDL_oldnames.h,no,no,resolve,sdl2-compat-sentinel,,SDL_SemWait_renamed_SDL_WaitSemaphore,,SDL_SemWait_renamed_SDL_WaitSemaphore,sdl2-compat-sentinel
SDL_SemWaitTimeout,yes,no,SDL_oldnames.h,no,no,resolve,sdl2-compat-sentinel,,SDL_SemWaitTimeout_renamed_SDL_WaitSemaphoreTimeout,,SDL_SemWaitTimeout_renamed_SDL_WaitSemaphoreTimeout,sdl2-compat-sentinel
SDL_SensorClose,yes,no,SDL_oldnames.h,no,no,resolve,sdl2-compat-sentinel,,SDL_SensorClose_renamed_SDL_CloseSensor,,SDL_SensorClose_renamed_SDL_CloseSensor,sdl2-compat-sentinel
SDL_SensorFromInstanceID,yes,no,SDL_oldnames.h,no,no,resolve,sdl2-compat-sentinel,,SDL_SensorFromInstanceID_renamed_SDL_GetSensorFromID,,SDL_SensorFromInstanceID_renamed_SDL_GetSensorFromID,sdl2-compat-sentinel
SDL_SensorGetData,yes,no,SDL_oldnames.h,no,no,resolve,sdl2-compat-sentinel,,SDL_SensorGetData_renamed_SDL_GetSensorData,,SDL_SensorGetData_renamed_SDL_GetSensorData,sdl2-compat-sentinel
SDL_SensorGetInstanceID,yes,no,SDL_oldnames.h,no,no,resolve,sdl2-compat-sentinel,,SDL_SensorGetInstanceID_renamed_SDL_GetSensorID,,SDL_SensorGetInstanceID_renamed_SDL_GetSensorID,sdl2-compat-sentinel
SDL_SensorGetName,yes,no,SDL_oldnames.h,no,no,resolve,sdl2-compat-sentinel,,SDL_SensorGetName_renamed_SDL_GetSensorName,,SDL_SensorGetName_renamed_SDL_GetSensorName,sdl2-compat-sentinel
SDL_SensorGetNonPortableType,yes,no,SDL_oldnames.h,no,no,resolve,sdl2-compat-sentinel,,SDL_SensorGetNonPortableType_renamed_SDL_GetSensorNonPortableType,,SDL_SensorGetNonPortableType_renamed_SDL_GetSensorNonPortableType,sdl2-compat-sentinel
SDL_SensorGetType,yes,no,SDL_oldnames.h,no,no,resolve,sdl2-compat-sentinel,,SDL_SensorGetType_renamed_SDL_GetSensorType,,SDL_SensorGetType_renamed_SDL_GetSensorType,sdl2-compat-sentinel
SDL_SensorOpen,yes,no,SDL_oldnames.h,no,no,resolve,sdl2-compat-sentinel,,SDL_SensorOpen_renamed_SDL_OpenSensor,,SDL_SensorOpen_renamed_SDL_OpenSensor,sdl2-compat-sentinel
SDL_SensorUpdate,yes,no,SDL_oldnames.h,no,no,resolve,sdl2-compat-sentinel,,SDL_SensorUpdate_renamed_SDL_UpdateSensors,,SDL_SensorUpdate_renamed_SDL_UpdateSensors,sdl2-compat-sentinel
SDL_SetClipRect,yes,no,SDL_oldnames.h,no,no,resolve,sdl2-compat-sentinel,,SDL_SetClipRect_renamed_SDL_SetSurfaceClipRect,,SDL_SetClipRect_renamed_SDL_SetSurfaceClipRect,sdl2-compat-sentinel
SDL_SetColorKey,yes,no,SDL_oldnames.h,no,no,resolve,sdl2-compat-sentinel,,SDL_SetColorKey_renamed_SDL_SetSurfaceColorKey,,SDL_SetColorKey_renamed_SDL_SetSurfaceColorKey,sdl2-compat-sentinel
SDL_SetThreadPriority,yes,no,SDL_oldnames.h,no,no,resolve,sdl2-compat-sentinel,,SDL_SetThreadPriority_renamed_SDL_SetCurrentThreadPriority,,SDL_SetThreadPriority_renamed_SDL_SetCurrentThreadPriority,sdl2-compat-sentinel
SDL_SetWindowDisplayMode,yes,no,SDL_oldnames.h,no,no,resolve,sdl2-compat-sentinel,,SDL_SetWindowDisplayMode_renamed_SDL_SetWindowFullscreenMode,,SDL_SetWindowDisplayMode_renamed_SDL_SetWindowFullscreenMode,sdl2-compat-sentinel
SDL_SetWindowInputFocus,yes,no,SDL_oldnames.h,no,no,resolve,sdl2-compat-sentinel,,SDL_SetWindowInputFocus_deprecated_use_SDL_RaiseWindow,,SDL_SetWindowInputFocus_deprecated_use_SDL_RaiseWindow,sdl2-compat-sentinel
SDL_SwapBE16,yes,no,SDL_oldnames.h,no,no,resolve,sdl2-compat-sentinel,,SDL_SwapBE16_renamed_SDL_Swap16BE,,SDL_SwapBE16_renamed_SDL_Swap16BE,sdl2-compat-sentinel
SDL_SwapBE32,yes,no,SDL_oldnames.h,no,no,resolve,sdl2-compat-sentinel,,SDL_SwapBE32_renamed_SDL_Swap32BE,,SDL_SwapBE32_renamed_SDL_Swap32BE,sdl2-compat-sentinel
SDL_SwapBE64,yes,no,SDL_oldnames.h,no,no,resolve,sdl2-compat-sentinel,,SDL_SwapBE64_renamed_SDL_Swap64BE,,SDL_SwapBE64_renamed_SDL_Swap64BE,sdl2-compat-sentinel
SDL_SwapLE16,yes,no,SDL_oldnames.h,no,no,resolve,sdl2-compat-sentinel,,SDL_SwapLE16_renamed_SDL_Swap16LE,,SDL_SwapLE16_renamed_SDL_Swap16LE,sdl2-compat-sentinel
SDL_SwapLE32,yes,no,SDL_oldnames.h,no,no,resolve,sdl2-compat-sentinel,,SDL_SwapLE32_renamed_SDL_Swap32LE,,SDL_SwapLE32_renamed_SDL_Swap32LE,sdl2-compat-sentinel
SDL_SwapLE64,yes,no,SDL_oldnames.h,no,no,resolve,sdl2-compat-sentinel,,SDL_SwapLE64_renamed_SDL_Swap64LE,,SDL_SwapLE64_renamed_SDL_Swap64LE,sdl2-compat-sentinel
SDL_TABLESIZE,yes,no,SDL_oldnames.h,no,no,resolve,sdl2-compat-sentinel,,SDL_TABLESIZE_renamed_SDL_arraysize,,SDL_TABLESIZE_renamed_SDL_arraysize,sdl2-compat-sentinel
SDL_TEXTEDITING,yes,no,SDL_oldnames.h,no,no,resolve,sdl2-compat-sentinel,,SDL_TEXTEDITING_renamed_SDL_EVENT_TEXT_EDITING,,SDL_TEXTEDITING_renamed_SDL_EVENT_TEXT_EDITING,sdl2-compat-sentinel
SDL_TEXTEDITING_EXT,yes,no,SDL_oldnames.h,no,no,resolve,sdl2-compat-sentinel,,SDL_TEXTEDITING_EXT_renamed_SDL_EVENT_TEXT_EDITING_EXT,,SDL_TEXTEDITING_EXT_renamed_SDL_EVENT_TEXT_EDITING_EXT,sdl2-compat-sentinel
SDL_TEXTINPUT,yes,no,SDL_oldnames.h,no,no,resolve,sdl2-compat-sentinel,,SDL_TEXTINPUT_renamed_SDL_EVENT_TEXT_INPUT,,SDL_TEXTINPUT_renamed_SDL_EVENT_TEXT_INPUT,sdl2-compat-sentinel
SDL_TLSCleanup,yes,no,SDL_oldnames.h,no,no,resolve,sdl2-compat-sentinel,,SDL_TLSCleanup_renamed_SDL_CleanupTLS,,SDL_TLSCleanup_renamed_SDL_CleanupTLS,sdl2-compat-sentinel
SDL_TLSGet,yes,no,SDL_oldnames.h,no,no,resolve,sdl2-compat-sentinel,,SDL_TLSGet_renamed_SDL_GetTLS,,SDL_TLSGet_renamed_SDL_GetTLS,sdl2-compat-sentinel
SDL_TLSSet,yes,no,SDL_oldnames.h,no,no,resolve,sdl2-compat-sentinel,,SDL_TLSSet_renamed_SDL_SetTLS,,SDL_TLSSet_renamed_SDL_SetTLS,sdl2-compat-sentinel
SDL_TOUCH_MOUSEID,yes,no,SDL_touch.h,no,no,typecheck,typecheck-other,,,,((SDL_MouseID)-1),typecheck-other
SDL_TRAYENTRY_BUTTON,yes,no,SDL_tray.h,yes,yes,bound,-,,,,0x00000001u,-
SDL_TRAYENTRY_CHECKBOX,yes,no,SDL_tray.h,yes,yes,bound,-,,,,0x00000002u,-
SDL_TRAYENTRY_CHECKED,yes,no,SDL_tray.h,yes,yes,bound,-,,,,0x40000000u,-
SDL_TRAYENTRY_DISABLED,yes,no,SDL_tray.h,yes,yes,bound,-,,,,0x80000000u,-
SDL_TRAYENTRY_SUBMENU,yes,no,SDL_tray.h,yes,yes,bound,-,,,,0x00000004u,-
SDL_TRUE,yes,no,SDL_oldnames.h,no,no,resolve,sdl2-compat-sentinel,,SDL_TRUE_renamed_true,,SDL_TRUE_renamed_true,sdl2-compat-sentinel
SDL_UNUSED,yes,no,SDL_begin_code.h,no,no,parse,attribute,,,__attribute__,__attribute__((unused)),attribute
SDL_USEREVENT,yes,no,SDL_oldnames.h,no,no,resolve,sdl2-compat-sentinel,,SDL_USEREVENT_renamed_SDL_EVENT_USER,,SDL_USEREVENT_renamed_SDL_EVENT_USER,sdl2-compat-sentinel
SDL_US_PER_SECOND,yes,no,SDL_timer.h,yes,yes,bound,-,,,,1000000,-
SDL_UnionFRect,yes,no,SDL_oldnames.h,no,no,resolve,sdl2-compat-sentinel,,SDL_UnionFRect_renamed_SDL_GetRectUnionFloat,,SDL_UnionFRect_renamed_SDL_GetRectUnionFloat,sdl2-compat-sentinel
SDL_UnionRect,yes,no,SDL_oldnames.h,no,no,resolve,sdl2-compat-sentinel,,SDL_UnionRect_renamed_SDL_GetRectUnion,,SDL_UnionRect_renamed_SDL_GetRectUnion,sdl2-compat-sentinel
SDL_UpperBlit,yes,no,SDL_oldnames.h,no,no,resolve,sdl2-compat-sentinel,,SDL_UpperBlit_renamed_SDL_BlitSurface,,SDL_UpperBlit_renamed_SDL_BlitSurface,sdl2-compat-sentinel
SDL_UpperBlitScaled,yes,no,SDL_oldnames.h,no,no,resolve,sdl2-compat-sentinel,,SDL_UpperBlitScaled_renamed_SDL_BlitSurfaceScaled,,SDL_UpperBlitScaled_renamed_SDL_BlitSurfaceScaled,sdl2-compat-sentinel
SDL_VERSION,yes,no,SDL_version.h,yes,yes,bound,-,,,,"SDL_VERSIONNUM(SDL_MAJOR_VERSION, SDL_MINOR_VERSION, SDL_MICRO_VERSION)",-
SDL_WINDOWEVENT,yes,no,SDL_oldnames.h,no,no,resolve,sdl2-compat-sentinel,,SDL_WINDOWEVENT_deprecated_use_SDL_EVENT_WINDOW_NAME,,SDL_WINDOWEVENT_deprecated_use_SDL_EVENT_WINDOW_NAME,sdl2-compat-sentinel
SDL_WINDOWEVENT_CLOSE,yes,no,SDL_oldnames.h,no,no,resolve,sdl2-compat-sentinel,,SDL_WINDOWEVENT_CLOSE_renamed_SDL_EVENT_WINDOW_CLOSE_REQUESTED,,SDL_WINDOWEVENT_CLOSE_renamed_SDL_EVENT_WINDOW_CLOSE_REQUESTED,sdl2-compat-sentinel
SDL_WINDOWEVENT_DISPLAY_CHANGED,yes,no,SDL_oldnames.h,no,no,resolve,sdl2-compat-sentinel,,SDL_WINDOWEVENT_DISPLAY_CHANGED_renamed_SDL_EVENT_WINDOW_DISPLAY_CHANGED,,SDL_WINDOWEVENT_DISPLAY_CHANGED_renamed_SDL_EVENT_WINDOW_DISPLAY_CHANGED,sdl2-compat-sentinel
SDL_WINDOWEVENT_ENTER,yes,no,SDL_oldnames.h,no,no,resolve,sdl2-compat-sentinel,,SDL_WINDOWEVENT_ENTER_renamed_SDL_EVENT_WINDOW_MOUSE_ENTER,,SDL_WINDOWEVENT_ENTER_renamed_SDL_EVENT_WINDOW_MOUSE_ENTER,sdl2-compat-sentinel
SDL_WINDOWEVENT_EXPOSED,yes,no,SDL_oldnames.h,no,no,resolve,sdl2-compat-sentinel,,SDL_WINDOWEVENT_EXPOSED_renamed_SDL_EVENT_WINDOW_EXPOSED,,SDL_WINDOWEVENT_EXPOSED_renamed_SDL_EVENT_WINDOW_EXPOSED,sdl2-compat-sentinel
SDL_WINDOWEVENT_FOCUS_GAINED,yes,no,SDL_oldnames.h,no,no,resolve,sdl2-compat-sentinel,,SDL_WINDOWEVENT_FOCUS_GAINED_renamed_SDL_EVENT_WINDOW_FOCUS_GAINED,,SDL_WINDOWEVENT_FOCUS_GAINED_renamed_SDL_EVENT_WINDOW_FOCUS_GAINED,sdl2-compat-sentinel
SDL_WINDOWEVENT_FOCUS_LOST,yes,no,SDL_oldnames.h,no,no,resolve,sdl2-compat-sentinel,,SDL_WINDOWEVENT_FOCUS_LOST_renamed_SDL_EVENT_WINDOW_FOCUS_LOST,,SDL_WINDOWEVENT_FOCUS_LOST_renamed_SDL_EVENT_WINDOW_FOCUS_LOST,sdl2-compat-sentinel
SDL_WINDOWEVENT_HIDDEN,yes,no,SDL_oldnames.h,no,no,resolve,sdl2-compat-sentinel,,SDL_WINDOWEVENT_HIDDEN_renamed_SDL_EVENT_WINDOW_HIDDEN,,SDL_WINDOWEVENT_HIDDEN_renamed_SDL_EVENT_WINDOW_HIDDEN,sdl2-compat-sentinel
SDL_WINDOWEVENT_HIT_TEST,yes,no,SDL_oldnames.h,no,no,resolve,sdl2-compat-sentinel,,SDL_WINDOWEVENT_HIT_TEST_renamed_SDL_EVENT_WINDOW_HIT_TEST,,SDL_WINDOWEVENT_HIT_TEST_renamed_SDL_EVENT_WINDOW_HIT_TEST,sdl2-compat-sentinel
SDL_WINDOWEVENT_ICCPROF_CHANGED,yes,no,SDL_oldnames.h,no,no,resolve,sdl2-compat-sentinel,,SDL_WINDOWEVENT_ICCPROF_CHANGED_renamed_SDL_EVENT_WINDOW_ICCPROF_CHANGED,,SDL_WINDOWEVENT_ICCPROF_CHANGED_renamed_SDL_EVENT_WINDOW_ICCPROF_CHANGED,sdl2-compat-sentinel
SDL_WINDOWEVENT_LEAVE,yes,no,SDL_oldnames.h,no,no,resolve,sdl2-compat-sentinel,,SDL_WINDOWEVENT_LEAVE_renamed_SDL_EVENT_WINDOW_MOUSE_LEAVE,,SDL_WINDOWEVENT_LEAVE_renamed_SDL_EVENT_WINDOW_MOUSE_LEAVE,sdl2-compat-sentinel
SDL_WINDOWEVENT_MAXIMIZED,yes,no,SDL_oldnames.h,no,no,resolve,sdl2-compat-sentinel,,SDL_WINDOWEVENT_MAXIMIZED_renamed_SDL_EVENT_WINDOW_MAXIMIZED,,SDL_WINDOWEVENT_MAXIMIZED_renamed_SDL_EVENT_WINDOW_MAXIMIZED,sdl2-compat-sentinel
SDL_WINDOWEVENT_MINIMIZED,yes,no,SDL_oldnames.h,no,no,resolve,sdl2-compat-sentinel,,SDL_WINDOWEVENT_MINIMIZED_renamed_SDL_EVENT_WINDOW_MINIMIZED,,SDL_WINDOWEVENT_MINIMIZED_renamed_SDL_EVENT_WINDOW_MINIMIZED,sdl2-compat-sentinel
SDL_WINDOWEVENT_MOVED,yes,no,SDL_oldnames.h,no,no,resolve,sdl2-compat-sentinel,,SDL_WINDOWEVENT_MOVED_renamed_SDL_EVENT_WINDOW_MOVED,,SDL_WINDOWEVENT_MOVED_renamed_SDL_EVENT_WINDOW_MOVED,sdl2-compat-sentinel
SDL_WINDOWEVENT_RESIZED,yes,no,SDL_oldnames.h,no,no,resolve,sdl2-compat-sentinel,,SDL_WINDOWEVENT_RESIZED_renamed_SDL_EVENT_WINDOW_RESIZED,,SDL_WINDOWEVENT_RESIZED_renamed_SDL_EVENT_WINDOW_RESIZED,sdl2-compat-sentinel
SDL_WINDOWEVENT_RESTORED,yes,no,SDL_oldnames.h,no,no,resolve,sdl2-compat-sentinel,,SDL_WINDOWEVENT_RESTORED_renamed_SDL_EVENT_WINDOW_RESTORED,,SDL_WINDOWEVENT_RESTORED_renamed_SDL_EVENT_WINDOW_RESTORED,sdl2-compat-sentinel
SDL_WINDOWEVENT_SHOWN,yes,no,SDL_oldnames.h,no,no,resolve,sdl2-compat-sentinel,,SDL_WINDOWEVENT_SHOWN_renamed_SDL_EVENT_WINDOW_SHOWN,,SDL_WINDOWEVENT_SHOWN_renamed_SDL_EVENT_WINDOW_SHOWN,sdl2-compat-sentinel
SDL_WINDOWEVENT_SIZE_CHANGED,yes,no,SDL_oldnames.h,no,no,resolve,sdl2-compat-sentinel,,SDL_WINDOWEVENT_SIZE_CHANGED_renamed_SDL_EVENT_WINDOW_PIXEL_SIZE_CHANGED,,SDL_WINDOWEVENT_SIZE_CHANGED_renamed_SDL_EVENT_WINDOW_PIXEL_SIZE_CHANGED,sdl2-compat-sentinel
SDL_WINDOWPOS_CENTERED,yes,no,SDL_video.h,yes,yes,bound,-,,,,SDL_WINDOWPOS_CENTERED_DISPLAY(0),-
SDL_WINDOWPOS_CENTERED_MASK,yes,no,SDL_video.h,yes,yes,bound,-,,,,0x2FFF0000u,-
SDL_WINDOWPOS_UNDEFINED,yes,no,SDL_video.h,yes,yes,bound,-,,,,SDL_WINDOWPOS_UNDEFINED_DISPLAY(0),-
SDL_WINDOWPOS_UNDEFINED_MASK,yes,no,SDL_video.h,yes,yes,bound,-,,,,0x1FFF0000u,-
SDL_WINDOW_ALLOW_HIGHDPI,yes,no,SDL_oldnames.h,no,no,resolve,sdl2-compat-sentinel,,SDL_WINDOW_ALLOW_HIGHDPI_renamed_SDL_WINDOW_HIGH_PIXEL_DENSITY,,SDL_WINDOW_ALLOW_HIGHDPI_renamed_SDL_WINDOW_HIGH_PIXEL_DENSITY,sdl2-compat-sentinel
SDL_WINDOW_ALWAYS_ON_TOP,yes,no,SDL_video.h,no,no,typecheck,cascade,,SDL_UINT64_C,,SDL_UINT64_C(0x0000000000010000),token-paste
SDL_WINDOW_BORDERLESS,yes,no,SDL_video.h,no,no,typecheck,cascade,,SDL_UINT64_C,,SDL_UINT64_C(0x0000000000000010),token-paste
SDL_WINDOW_EXTERNAL,yes,no,SDL_video.h,no,no,typecheck,cascade,,SDL_UINT64_C,,SDL_UINT64_C(0x0000000000000800),token-paste
SDL_WINDOW_FILL_DOCUMENT,yes,no,SDL_video.h,no,no,typecheck,cascade,,SDL_UINT64_C,,SDL_UINT64_C(0x0000000000200000),token-paste
SDL_WINDOW_FULLSCREEN,yes,no,SDL_video.h,no,no,typecheck,cascade,,SDL_UINT64_C,,SDL_UINT64_C(0x0000000000000001),token-paste
SDL_WINDOW_FULLSCREEN_DESKTOP,yes,no,SDL_oldnames.h,no,no,resolve,sdl2-compat-sentinel,,SDL_WINDOW_FULLSCREEN_DESKTOP_deprecated_use_SDL_SetWindowFullscreen_with_bool,,SDL_WINDOW_FULLSCREEN_DESKTOP_deprecated_use_SDL_SetWindowFullscreen_with_bool,sdl2-compat-sentinel
SDL_WINDOW_HIDDEN,yes,no,SDL_video.h,no,no,typecheck,cascade,,SDL_UINT64_C,,SDL_UINT64_C(0x0000000000000008),token-paste
SDL_WINDOW_HIGH_PIXEL_DENSITY,yes,no,SDL_video.h,no,no,typecheck,cascade,,SDL_UINT64_C,,SDL_UINT64_C(0x0000000000002000),token-paste
SDL_WINDOW_INPUT_FOCUS,yes,no,SDL_video.h,no,no,typecheck,cascade,,SDL_UINT64_C,,SDL_UINT64_C(0x0000000000000200),token-paste
SDL_WINDOW_INPUT_GRABBED,yes,no,SDL_oldnames.h,no,no,resolve,sdl2-compat-sentinel,,SDL_WINDOW_INPUT_GRABBED_renamed_SDL_WINDOW_MOUSE_GRABBED,,SDL_WINDOW_INPUT_GRABBED_renamed_SDL_WINDOW_MOUSE_GRABBED,sdl2-compat-sentinel
SDL_WINDOW_KEYBOARD_GRABBED,yes,no,SDL_video.h,no,no,typecheck,cascade,,SDL_UINT64_C,,SDL_UINT64_C(0x0000000000100000),token-paste
SDL_WINDOW_MAXIMIZED,yes,no,SDL_video.h,no,no,typecheck,cascade,,SDL_UINT64_C,,SDL_UINT64_C(0x0000000000000080),token-paste
SDL_WINDOW_METAL,yes,no,SDL_video.h,no,no,typecheck,cascade,,SDL_UINT64_C,,SDL_UINT64_C(0x0000000020000000),token-paste
SDL_WINDOW_MINIMIZED,yes,no,SDL_video.h,no,no,typecheck,cascade,,SDL_UINT64_C,,SDL_UINT64_C(0x0000000000000040),token-paste
SDL_WINDOW_MODAL,yes,no,SDL_video.h,no,no,typecheck,cascade,,SDL_UINT64_C,,SDL_UINT64_C(0x0000000000001000),token-paste
SDL_WINDOW_MOUSE_CAPTURE,yes,no,SDL_video.h,no,no,typecheck,cascade,,SDL_UINT64_C,,SDL_UINT64_C(0x0000000000004000),token-paste
SDL_WINDOW_MOUSE_FOCUS,yes,no,SDL_video.h,no,no,typecheck,cascade,,SDL_UINT64_C,,SDL_UINT64_C(0x0000000000000400),token-paste
SDL_WINDOW_MOUSE_GRABBED,yes,no,SDL_video.h,no,no,typecheck,cascade,,SDL_UINT64_C,,SDL_UINT64_C(0x0000000000000100),token-paste
SDL_WINDOW_MOUSE_RELATIVE_MODE,yes,no,SDL_video.h,no,no,typecheck,cascade,,SDL_UINT64_C,,SDL_UINT64_C(0x0000000000008000),token-paste
SDL_WINDOW_NOT_FOCUSABLE,yes,no,SDL_video.h,no,no,typecheck,cascade,,SDL_UINT64_C,,SDL_UINT64_C(0x0000000080000000),token-paste
SDL_WINDOW_OCCLUDED,yes,no,SDL_video.h,no,no,typecheck,cascade,,SDL_UINT64_C,,SDL_UINT64_C(0x0000000000000004),token-paste
SDL_WINDOW_OPENGL,yes,no,SDL_video.h,no,no,typecheck,cascade,,SDL_UINT64_C,,SDL_UINT64_C(0x0000000000000002),token-paste
SDL_WINDOW_POPUP_MENU,yes,no,SDL_video.h,no,no,typecheck,cascade,,SDL_UINT64_C,,SDL_UINT64_C(0x0000000000080000),token-paste
SDL_WINDOW_RESIZABLE,yes,no,SDL_video.h,no,no,typecheck,cascade,,SDL_UINT64_C,,SDL_UINT64_C(0x0000000000000020),token-paste
SDL_WINDOW_SHOWN,yes,no,SDL_oldnames.h,no,no,resolve,sdl2-compat-sentinel,,SDL_WINDOW_SHOWN_deprecated_windows_are_shown_by_default,,SDL_WINDOW_SHOWN_deprecated_windows_are_shown_by_default,sdl2-compat-sentinel
SDL_WINDOW_SKIP_TASKBAR,yes,no,SDL_oldnames.h,no,no,resolve,sdl2-compat-sentinel,,SDL_WINDOW_SKIP_TASKBAR_renamed_SDL_WINDOW_UTILITY,,SDL_WINDOW_SKIP_TASKBAR_renamed_SDL_WINDOW_UTILITY,sdl2-compat-sentinel
SDL_WINDOW_SURFACE_VSYNC_ADAPTIVE,yes,no,SDL_video.h,yes,yes,bound,-,,,,(-1),-
SDL_WINDOW_SURFACE_VSYNC_DISABLED,yes,no,SDL_video.h,yes,yes,bound,-,,,,0,-
SDL_WINDOW_TOOLTIP,yes,no,SDL_video.h,no,no,typecheck,cascade,,SDL_UINT64_C,,SDL_UINT64_C(0x0000000000040000),token-paste
SDL_WINDOW_TRANSPARENT,yes,no,SDL_video.h,no,no,typecheck,cascade,,SDL_UINT64_C,,SDL_UINT64_C(0x0000000040000000),token-paste
SDL_WINDOW_UTILITY,yes,no,SDL_video.h,no,no,typecheck,cascade,,SDL_UINT64_C,,SDL_UINT64_C(0x0000000000020000),token-paste
SDL_WINDOW_VULKAN,yes,no,SDL_video.h,no,no,typecheck,cascade,,SDL_UINT64_C,,SDL_UINT64_C(0x0000000010000000),token-paste
SDL_WriteBE16,yes,no,SDL_oldnames.h,no,no,resolve,sdl2-compat-sentinel,,SDL_WriteBE16_renamed_SDL_WriteU16BE,,SDL_WriteBE16_renamed_SDL_WriteU16BE,sdl2-compat-sentinel
SDL_WriteBE32,yes,no,SDL_oldnames.h,no,no,resolve,sdl2-compat-sentinel,,SDL_WriteBE32_renamed_SDL_WriteU32BE,,SDL_WriteBE32_renamed_SDL_WriteU32BE,sdl2-compat-sentinel
SDL_WriteBE64,yes,no,SDL_oldnames.h,no,no,resolve,sdl2-compat-sentinel,,SDL_WriteBE64_renamed_SDL_WriteU64BE,,SDL_WriteBE64_renamed_SDL_WriteU64BE,sdl2-compat-sentinel
SDL_WriteLE16,yes,no,SDL_oldnames.h,no,no,resolve,sdl2-compat-sentinel,,SDL_WriteLE16_renamed_SDL_WriteU16LE,,SDL_WriteLE16_renamed_SDL_WriteU16LE,sdl2-compat-sentinel
SDL_WriteLE32,yes,no,SDL_oldnames.h,no,no,resolve,sdl2-compat-sentinel,,SDL_WriteLE32_renamed_SDL_WriteU32LE,,SDL_WriteLE32_renamed_SDL_WriteU32LE,sdl2-compat-sentinel
SDL_WriteLE64,yes,no,SDL_oldnames.h,no,no,resolve,sdl2-compat-sentinel,,SDL_WriteLE64_renamed_SDL_WriteU64LE,,SDL_WriteLE64_renamed_SDL_WriteU64LE,sdl2-compat-sentinel
SDL_assert_h_,yes,no,SDL_assert.h,no,no,parse,empty-body,,,,,empty-body
SDL_asyncio_h_,yes,no,SDL_asyncio.h,no,no,parse,empty-body,,,,,empty-body
SDL_atomic_h_,yes,no,SDL_atomic.h,no,no,parse,empty-body,,,,,empty-body
SDL_atomic_t,yes,no,SDL_oldnames.h,no,no,resolve,sdl2-compat-sentinel,,SDL_atomic_t_renamed_SDL_AtomicInt,,SDL_atomic_t_renamed_SDL_AtomicInt,sdl2-compat-sentinel
SDL_audio_h_,yes,no,SDL_audio.h,no,no,parse,empty-body,,,,,empty-body
SDL_begin_code_h,yes,no,SDL_begin_code.h,no,no,conflict,name-conflict,,,,,name-conflict
SDL_bits_h_,yes,no,SDL_bits.h,no,no,parse,empty-body,,,,,empty-body
SDL_blendmode_h_,yes,no,SDL_blendmode.h,no,no,parse,empty-body,,,,,empty-body
SDL_bool,yes,no,SDL_oldnames.h,no,no,resolve,sdl2-compat-sentinel,,SDL_bool_renamed_bool,,SDL_bool_renamed_bool,sdl2-compat-sentinel
SDL_camera_h_,yes,no,SDL_camera.h,no,no,parse,empty-body,,,,,empty-body
SDL_clipboard_h_,yes,no,SDL_clipboard.h,no,no,parse,empty-body,,,,,empty-body
SDL_cond,yes,no,SDL_oldnames.h,no,no,resolve,sdl2-compat-sentinel,,SDL_cond_renamed_SDL_Condition,,SDL_cond_renamed_SDL_Condition,sdl2-compat-sentinel
SDL_cpuinfo_h_,yes,no,SDL_cpuinfo.h,no,no,parse,empty-body,,,,,empty-body
SDL_dialog_h_,yes,no,SDL_dialog.h,no,no,parse,empty-body,,,,,empty-body
SDL_dlopennote_h,yes,no,SDL_dlopennote.h,no,no,parse,empty-body,,,,,empty-body
SDL_endian_h_,yes,no,SDL_endian.h,no,no,parse,empty-body,,,,,empty-body
SDL_error_h_,yes,no,SDL_error.h,no,no,parse,empty-body,,,,,empty-body
SDL_eventaction,yes,no,SDL_oldnames.h,no,no,resolve,sdl2-compat-sentinel,,SDL_eventaction_renamed_SDL_EventAction,,SDL_eventaction_renamed_SDL_EventAction,sdl2-compat-sentinel
SDL_events_h_,yes,no,SDL_events.h,no,no,parse,empty-body,,,,,empty-body
SDL_filesystem_h_,yes,no,SDL_filesystem.h,no,no,parse,empty-body,,,,,empty-body
SDL_gamepad_h_,yes,no,SDL_gamepad.h,no,no,parse,empty-body,,,,,empty-body
SDL_gpu_h_,yes,no,SDL_gpu.h,no,no,parse,empty-body,,,,,empty-body
SDL_guid_h_,yes,no,SDL_guid.h,no,no,parse,empty-body,,,,,empty-body
SDL_h_,yes,no,SDL.h,no,no,parse,empty-body,,,,,empty-body
SDL_haptic_h_,yes,no,SDL_haptic.h,no,no,parse,empty-body,,,,,empty-body
SDL_hidapi_h_,yes,no,SDL_hidapi.h,no,no,parse,empty-body,,,,,empty-body
SDL_hints_h_,yes,no,SDL_hints.h,no,no,parse,empty-body,,,,,empty-body
SDL_iOSSetAnimationCallback,yes,no,SDL_oldnames.h,no,no,resolve,sdl2-compat-sentinel,,SDL_iOSSetAnimationCallback_renamed_SDL_SetiOSAnimationCallback,,SDL_iOSSetAnimationCallback_renamed_SDL_SetiOSAnimationCallback,sdl2-compat-sentinel
SDL_iOSSetEventPump,yes,no,SDL_oldnames.h,no,no,resolve,sdl2-compat-sentinel,,SDL_iOSSetEventPump_renamed_SDL_SetiOSEventPump,,SDL_iOSSetEventPump_renamed_SDL_SetiOSEventPump,sdl2-compat-sentinel
SDL_iPhoneSetAnimationCallback,yes,no,SDL_oldnames.h,no,no,resolve,sdl2-compat-sentinel,,SDL_iPhoneSetAnimationCallback_renamed_SDL_iOSSetAnimationCallback,,SDL_iPhoneSetAnimationCallback_renamed_SDL_iOSSetAnimationCallback,sdl2-compat-sentinel
SDL_iPhoneSetEventPump,yes,no,SDL_oldnames.h,no,no,resolve,sdl2-compat-sentinel,,SDL_iPhoneSetEventPump_renamed_SDL_iOSSetEventPump,,SDL_iPhoneSetEventPump_renamed_SDL_iOSSetEventPump,sdl2-compat-sentinel
SDL_init_h_,yes,no,SDL_init.h,no,no,parse,empty-body,,,,,empty-body
SDL_iostream_h_,yes,no,SDL_iostream.h,no,no,parse,empty-body,,,,,empty-body
SDL_joystick_h_,yes,no,SDL_joystick.h,no,no,parse,empty-body,,,,,empty-body
SDL_keyboard_h_,yes,no,SDL_keyboard.h,no,no,parse,empty-body,,,,,empty-body
SDL_keycode_h_,yes,no,SDL_keycode.h,no,no,parse,empty-body,,,,,empty-body
SDL_loadso_h_,yes,no,SDL_loadso.h,no,no,parse,empty-body,,,,,empty-body
SDL_locale_h,yes,no,SDL_locale.h,no,no,parse,empty-body,,,,,empty-body
SDL_log_h_,yes,no,SDL_log.h,no,no,parse,empty-body,,,,,empty-body
SDL_memcpy,yes,no,SDL_stdinc.h,no,no,conflict,name-conflict,,,,memcpy,name-conflict
SDL_memmove,yes,no,SDL_stdinc.h,no,no,conflict,name-conflict,,,,memmove,name-conflict
SDL_memset,yes,no,SDL_stdinc.h,no,no,conflict,name-conflict,,,,memset,name-conflict
SDL_messagebox_h_,yes,no,SDL_messagebox.h,no,no,parse,empty-body,,,,,empty-body
SDL_metal_h_,yes,no,SDL_metal.h,no,no,parse,empty-body,,,,,empty-body
SDL_misc_h_,yes,no,SDL_misc.h,no,no,parse,empty-body,,,,,empty-body
SDL_mouse_h_,yes,no,SDL_mouse.h,no,no,parse,empty-body,,,,,empty-body
SDL_mutex,yes,no,SDL_oldnames.h,no,no,resolve,sdl2-compat-sentinel,,SDL_mutex_renamed_SDL_Mutex,,SDL_mutex_renamed_SDL_Mutex,sdl2-compat-sentinel
SDL_mutex_h_,yes,no,SDL_mutex.h,no,no,parse,empty-body,,,,,empty-body
SDL_notification_h_,yes,no,SDL_notification.h,no,no,parse,empty-body,,,,,empty-body
SDL_oldnames_h_,yes,no,SDL_oldnames.h,no,no,parse,empty-body,,,,,empty-body
SDL_pen_h_,yes,no,SDL_pen.h,no,no,parse,empty-body,,,,,empty-body
SDL_pixels_h_,yes,no,SDL_pixels.h,no,no,parse,empty-body,,,,,empty-body
SDL_platform_defines_h_,yes,no,SDL_platform_defines.h,no,no,parse,empty-body,,,,,empty-body
SDL_platform_h_,yes,no,SDL_platform.h,no,no,parse,empty-body,,,,,empty-body
SDL_power_h_,yes,no,SDL_power.h,no,no,parse,empty-body,,,,,empty-body
SDL_process_h_,yes,no,SDL_process.h,no,no,parse,empty-body,,,,,empty-body
SDL_properties_h_,yes,no,SDL_properties.h,no,no,parse,empty-body,,,,,empty-body
SDL_rect_h_,yes,no,SDL_rect.h,no,no,parse,empty-body,,,,,empty-body
SDL_render_h_,yes,no,SDL_render.h,no,no,parse,empty-body,,,,,empty-body
SDL_scancode_h_,yes,no,SDL_scancode.h,no,no,parse,empty-body,,,,,empty-body
SDL_sem,yes,no,SDL_oldnames.h,no,no,resolve,sdl2-compat-sentinel,,SDL_sem_renamed_SDL_Semaphore,,SDL_sem_renamed_SDL_Semaphore,sdl2-compat-sentinel
SDL_sensor_h_,yes,no,SDL_sensor.h,no,no,parse,empty-body,,,,,empty-body
SDL_size_add_overflow,yes,no,SDL_oldnames.h,no,no,resolve,sdl2-compat-sentinel,,SDL_size_add_overflow_renamed_SDL_size_add_check_overflow,,SDL_size_add_overflow_renamed_SDL_size_add_check_overflow,sdl2-compat-sentinel
SDL_size_mul_overflow,yes,no,SDL_oldnames.h,no,no,resolve,sdl2-compat-sentinel,,SDL_size_mul_overflow_renamed_SDL_size_mul_check_overflow,,SDL_size_mul_overflow_renamed_SDL_size_mul_check_overflow,sdl2-compat-sentinel
SDL_stdinc_h_,yes,no,SDL_stdinc.h,no,no,parse,empty-body,,,,,empty-body
SDL_storage_h_,yes,no,SDL_storage.h,no,no,parse,empty-body,,,,,empty-body
SDL_strtokr,yes,no,SDL_oldnames.h,no,no,resolve,sdl2-compat-sentinel,,SDL_strtokr_renamed_SDL_strtok_r,,SDL_strtokr_renamed_SDL_strtok_r,sdl2-compat-sentinel
SDL_surface_h_,yes,no,SDL_surface.h,no,no,parse,empty-body,,,,,empty-body
SDL_system_h_,yes,no,SDL_system.h,no,no,parse,empty-body,,,,,empty-body
SDL_threadID,yes,no,SDL_oldnames.h,no,no,resolve,sdl2-compat-sentinel,,SDL_threadID_renamed_SDL_ThreadID,,SDL_threadID_renamed_SDL_ThreadID,sdl2-compat-sentinel
SDL_thread_h_,yes,no,SDL_thread.h,no,no,parse,empty-body,,,,,empty-body
SDL_time_h_,yes,no,SDL_time.h,no,no,parse,empty-body,,,,,empty-body
SDL_timer_h_,yes,no,SDL_timer.h,no,no,parse,empty-body,,,,,empty-body
SDL_touch_h_,yes,no,SDL_touch.h,no,no,parse,empty-body,,,,,empty-body
SDL_tray_h_,yes,no,SDL_tray.h,no,no,parse,empty-body,,,,,empty-body
SDL_version_h_,yes,no,SDL_version.h,no,no,parse,empty-body,,,,,empty-body
SDL_video_h_,yes,no,SDL_video.h,no,no,parse,empty-body,,,,,empty-body
alloca,yes,no,SDL_stdinc.h,no,no,resolve,clang-builtin,,__builtin_alloca,,__builtin_alloca,clang-builtin
